source_year,source_file,30KT短径,30KT長径,30KT長径方向,50KT短径,50KT長径,50KT長径方向,上陸,中心気圧,台風名,台風番号,年,日,時（UTC）,最大風速,月,経度,緯度,階級
2016,table2016.csv,0,0,0,0,0,0,0,1006,NEPARTAK,1601,2016,2,12,0,7,145.1,8.3,2
2016,table2016.csv,0,0,0,0,0,0,0,1004,NEPARTAK,1601,2016,2,18,0,7,145.0,8.6,2
2016,table2016.csv,120,180,4,0,0,0,0,1002,NEPARTAK,1601,2016,3,0,35,7,144.9,8.9,3
2016,table2016.csv,120,180,4,0,0,0,0,1002,NEPARTAK,1601,2016,3,6,35,7,144.8,9.2,3
2016,table2016.csv,120,180,4,0,0,0,0,1000,NEPARTAK,1601,2016,3,12,35,7,144.4,10.0,3
2016,table2016.csv,150,150,9,0,0,0,0,996,NEPARTAK,1601,2016,3,18,40,7,143.9,10.9,3
2016,table2016.csv,150,150,9,0,0,0,0,996,NEPARTAK,1601,2016,4,0,40,7,142.6,11.9,3
2016,table2016.csv,150,180,1,0,0,0,0,994,NEPARTAK,1601,2016,4,6,45,7,141.1,12.8,3
2016,table2016.csv,150,180,1,0,0,0,0,990,NEPARTAK,1601,2016,4,12,50,7,139.6,13.5,4
2016,table2016.csv,150,180,1,40,40,9,0,980,NEPARTAK,1601,2016,4,18,60,7,138.2,14.5,4
2016,table2016.csv,150,180,1,40,40,9,0,965,NEPARTAK,1601,2016,5,0,65,7,136.6,15.3,5
2016,table2016.csv,150,180,1,40,40,9,0,955,NEPARTAK,1601,2016,5,6,75,7,135.1,16.3,5
2016,table2016.csv,150,180,1,50,50,9,0,940,NEPARTAK,1601,2016,5,12,85,7,133.5,17.1,5
2016,table2016.csv,150,240,1,50,50,9,0,925,NEPARTAK,1601,2016,5,18,95,7,131.9,18.0,5
2016,table2016.csv,150,240,1,60,60,9,0,915,NEPARTAK,1601,2016,6,0,100,7,130.1,18.7,5
2016,table2016.csv,150,240,1,60,60,9,0,900,NEPARTAK,1601,2016,6,6,110,7,128.4,19.5,5
2016,table2016.csv,210,210,9,60,60,9,0,900,NEPARTAK,1601,2016,6,12,110,7,127.0,20.1,5
2016,table2016.csv,210,210,9,60,60,9,0,900,NEPARTAK,1601,2016,6,18,110,7,125.6,20.7,5
2016,table2016.csv,210,210,9,60,60,9,0,900,NEPARTAK,1601,2016,7,0,110,7,124.3,21.3,5
2016,table2016.csv,210,210,9,60,60,9,0,900,NEPARTAK,1601,2016,7,6,110,7,123.4,21.6,5
2016,table2016.csv,210,210,9,50,50,9,0,900,NEPARTAK,1601,2016,7,12,110,7,122.6,22.0,5
2016,table2016.csv,210,210,9,50,50,9,0,920,NEPARTAK,1601,2016,7,18,90,7,121.7,22.4,5
2016,table2016.csv,180,210,1,40,40,9,0,950,NEPARTAK,1601,2016,8,0,75,7,120.6,22.6,5
2016,table2016.csv,180,210,1,40,40,9,0,975,NEPARTAK,1601,2016,8,6,65,7,120.1,23.2,5
2016,table2016.csv,150,180,1,0,0,0,0,985,NEPARTAK,1601,2016,8,12,50,7,119.9,23.2,4
2016,table2016.csv,150,180,1,0,0,0,0,985,NEPARTAK,1601,2016,8,18,45,7,119.8,23.4,3
2016,table2016.csv,150,180,1,0,0,0,0,992,NEPARTAK,1601,2016,9,0,35,7,118.8,24.3,3
2016,table2016.csv,0,0,0,0,0,0,0,994,NEPARTAK,1601,2016,9,6,0,7,118.5,24.8,2
2016,table2016.csv,0,0,0,0,0,0,0,996,NEPARTAK,1601,2016,9,12,0,7,117.9,25.4,2
2016,table2016.csv,0,0,0,0,0,0,0,996,NEPARTAK,1601,2016,9,18,0,7,117.2,25.9,2
2016,table2016.csv,0,0,0,0,0,0,0,998,NEPARTAK,1601,2016,10,0,0,7,116.7,26.4,2
2016,table2016.csv,0,0,0,0,0,0,0,1004,LUPIT,1602,2016,22,18,0,7,151.5,24.6,2
2016,table2016.csv,0,0,0,0,0,0,0,1004,LUPIT,1602,2016,23,0,0,7,152.3,25.3,2
2016,table2016.csv,0,0,0,0,0,0,0,1004,LUPIT,1602,2016,23,6,0,7,154.0,26.4,2
2016,table2016.csv,0,0,0,0,0,0,0,1004,LUPIT,1602,2016,23,12,0,7,155.3,27.4,2
2016,table2016.csv,50,100,3,0,0,0,0,1000,LUPIT,1602,2016,23,18,35,7,157.1,28.9,3
2016,table2016.csv,80,100,3,0,0,0,0,1000,LUPIT,1602,2016,24,0,40,7,158.5,31.0,3
2016,table2016.csv,80,100,2,0,0,0,0,1000,LUPIT,1602,2016,24,6,40,7,159.3,33.0,3
2016,table2016.csv,80,100,2,0,0,0,0,1000,LUPIT,1602,2016,24,12,40,7,159.5,35.0,3
2016,table2016.csv,0,0,0,0,0,0,0,1000,LUPIT,1602,2016,24,18,0,7,159.5,37.2,6
2016,table2016.csv,0,0,0,0,0,0,0,1004,LUPIT,1602,2016,25,0,0,7,159.3,40.3,6
2016,table2016.csv,0,0,0,0,0,0,0,1008,LUPIT,1602,2016,25,6,0,7,157.4,44.1,6
2016,table2016.csv,0,0,0,0,0,0,0,1010,LUPIT,1602,2016,25,12,0,7,156.5,45.6,6
2016,table2016.csv,0,0,0,0,0,0,0,1012,LUPIT,1602,2016,25,18,0,7,155.5,47.0,6
2016,table2016.csv,0,0,0,0,0,0,0,1014,LUPIT,1602,2016,26,0,0,7,153.7,47.5,6
2016,table2016.csv,0,0,0,0,0,0,0,1014,LUPIT,1602,2016,26,6,0,7,152.1,48.4,6
2016,table2016.csv,0,0,0,0,0,0,0,1006,MIRINAE,1603,2016,25,12,0,7,114.7,17.2,2
2016,table2016.csv,0,0,0,0,0,0,0,1004,MIRINAE,1603,2016,25,18,0,7,113.9,17.3,2
2016,table2016.csv,0,0,0,0,0,0,0,1002,MIRINAE,1603,2016,26,0,0,7,113.0,18.1,2
2016,table2016.csv,90,90,9,0,0,0,0,998,MIRINAE,1603,2016,26,6,40,7,112.0,18.5,3
2016,table2016.csv,90,90,9,0,0,0,0,996,MIRINAE,1603,2016,26,12,40,7,110.8,18.5,3
2016,table2016.csv,90,90,9,0,0,0,0,996,MIRINAE,1603,2016,26,18,40,7,109.7,18.9,3
2016,table2016.csv,90,90,9,0,0,0,0,998,MIRINAE,1603,2016,27,0,35,7,108.6,19.7,3
2016,table2016.csv,90,120,2,0,0,0,0,990,MIRINAE,1603,2016,27,6,45,7,107.3,19.8,3
2016,table2016.csv,90,120,2,40,60,2,0,980,MIRINAE,1603,2016,27,12,55,7,106.7,19.9,4
2016,table2016.csv,90,120,2,0,0,0,0,985,MIRINAE,1603,2016,27,18,45,7,106.2,20.2,3
2016,table2016.csv,90,90,9,0,0,0,0,996,MIRINAE,1603,2016,28,0,35,7,105.6,20.6,3
2016,table2016.csv,0,0,0,0,0,0,0,1000,MIRINAE,1603,2016,28,6,0,7,105.0,21.2,2
2016,table2016.csv,0,0,0,0,0,0,0,1004,MIRINAE,1603,2016,28,12,0,7,104.9,22.0,2
2016,table2016.csv,0,0,0,0,0,0,0,1002,NIDA,1604,2016,29,12,0,7,127.1,11.7,2
2016,table2016.csv,0,0,0,0,0,0,0,1002,NIDA,1604,2016,29,18,0,7,127.3,12.7,2
2016,table2016.csv,0,0,0,0,0,0,0,1002,NIDA,1604,2016,30,0,0,7,126.5,14.1,2
2016,table2016.csv,120,120,9,0,0,0,0,998,NIDA,1604,2016,30,6,35,7,125.8,15.5,3
2016,table2016.csv,120,120,9,0,0,0,0,994,NIDA,1604,2016,30,12,40,7,124.4,16.4,3
2016,table2016.csv,150,150,9,0,0,0,0,990,NIDA,1604,2016,30,18,45,7,123.8,16.9,3
2016,table2016.csv,150,150,9,0,0,0,0,985,NIDA,1604,2016,31,0,50,7,123.1,17.5,4
2016,table2016.csv,150,210,2,30,30,9,0,975,NIDA,1604,2016,31,6,60,7,122.3,18.2,4
2016,table2016.csv,150,210,2,30,30,9,0,975,NIDA,1604,2016,31,12,60,7,121.2,18.8,4
2016,table2016.csv,150,210,2,30,30,9,0,980,NIDA,1604,2016,31,18,55,7,120.1,19.5,4
2016,table2016.csv,150,210,2,30,30,9,0,980,NIDA,1604,2016,1,0,55,8,118.9,20.1,4
2016,table2016.csv,150,210,3,30,30,9,0,980,NIDA,1604,2016,1,6,55,8,117.5,21.4,4
2016,table2016.csv,120,180,3,30,30,9,0,980,NIDA,1604,2016,1,12,55,8,116.0,21.9,4
2016,table2016.csv,90,180,3,0,0,0,0,980,NIDA,1604,2016,1,18,50,8,114.8,22.5,4
2016,table2016.csv,90,150,3,0,0,0,0,985,NIDA,1604,2016,2,0,45,8,113.5,22.8,3
2016,table2016.csv,60,120,3,0,0,0,0,990,NIDA,1604,2016,2,6,35,8,112.0,23.4,3
2016,table2016.csv,0,0,0,0,0,0,0,994,NIDA,1604,2016,2,12,0,8,110.8,23.9,2
2016,table2016.csv,0,0,0,0,0,0,0,996,NIDA,1604,2016,2,18,0,8,109.4,24.3,2
2016,table2016.csv,0,0,0,0,0,0,0,998,NIDA,1604,2016,3,0,0,8,107.9,25.0,2
2016,table2016.csv,0,0,0,0,0,0,0,1004,OMAIS,1605,2016,2,12,0,8,148.8,16.7,2
2016,table2016.csv,0,0,0,0,0,0,0,1002,OMAIS,1605,2016,2,18,0,8,148.2,16.7,2
2016,table2016.csv,0,0,0,0,0,0,0,1004,OMAIS,1605,2016,3,0,0,8,147.8,16.9,2
2016,table2016.csv,0,0,0,0,0,0,0,1002,OMAIS,1605,2016,3,6,0,8,147.8,17.6,2
2016,table2016.csv,0,0,0,0,0,0,0,1002,OMAIS,1605,2016,3,12,0,8,148.1,17.8,2
2016,table2016.csv,0,0,0,0,0,0,0,1000,OMAIS,1605,2016,3,18,0,8,148.3,18.1,2
2016,table2016.csv,200,260,1,0,0,0,0,998,OMAIS,1605,2016,4,0,35,8,148.5,18.4,3
2016,table2016.csv,200,260,1,0,0,0,0,998,OMAIS,1605,2016,4,6,35,8,148.5,18.8,3
2016,table2016.csv,260,260,9,0,0,0,0,998,OMAIS,1605,2016,4,12,35,8,148.5,19.2,3
2016,table2016.csv,260,260,9,0,0,0,0,996,OMAIS,1605,2016,4,18,35,8,148.4,19.8,3
2016,table2016.csv,260,260,9,0,0,0,0,992,OMAIS,1605,2016,5,0,40,8,148.1,20.7,3
2016,table2016.csv,210,350,3,0,0,0,0,990,OMAIS,1605,2016,5,6,45,8,147.9,21.7,3
2016,table2016.csv,210,350,3,0,0,0,0,985,OMAIS,1605,2016,5,12,50,8,147.8,22.5,4
2016,table2016.csv,210,350,3,90,120,3,0,980,OMAIS,1605,2016,5,18,55,8,147.8,23.3,4
2016,table2016.csv,210,350,2,90,120,2,0,980,OMAIS,1605,2016,6,0,55,8,147.8,24.2,4
2016,table2016.csv,210,350,2,90,120,2,0,975,OMAIS,1605,2016,6,6,60,8,147.7,24.9,4
2016,table2016.csv,210,375,1,60,150,1,0,975,OMAIS,1605,2016,6,12,60,8,147.7,26.1,4
2016,table2016.csv,210,325,1,60,180,1,0,975,OMAIS,1605,2016,6,18,60,8,147.5,27.3,4
2016,table2016.csv,210,325,1,60,150,1,0,975,OMAIS,1605,2016,7,0,60,8,147.3,28.6,4
2016,table2016.csv,210,325,1,60,150,1,0,975,OMAIS,1605,2016,7,6,60,8,146.9,30.0,4
2016,table2016.csv,210,325,1,60,150,1,0,980,OMAIS,1605,2016,7,12,55,8,146.3,31.3,4
2016,table2016.csv,210,300,1,60,150,1,0,980,OMAIS,1605,2016,7,18,55,8,145.3,32.5,4
2016,table2016.csv,210,300,1,60,150,1,0,980,OMAIS,1605,2016,8,0,55,8,144.5,33.5,4
2016,table2016.csv,210,300,2,0,0,0,0,980,OMAIS,1605,2016,8,6,50,8,144.3,34.5,4
2016,table2016.csv,210,300,2,0,0,0,0,980,OMAIS,1605,2016,8,12,50,8,144.5,35.7,4
2016,table2016.csv,210,300,2,0,0,0,0,980,OMAIS,1605,2016,8,18,50,8,145.1,36.8,4
2016,table2016.csv,210,300,2,0,0,0,0,980,OMAIS,1605,2016,9,0,50,8,145.9,37.9,4
2016,table2016.csv,210,300,2,0,0,0,0,980,OMAIS,1605,2016,9,6,50,8,147.4,40.2,4
2016,table2016.csv,250,300,2,0,0,0,0,985,OMAIS,1605,2016,9,12,45,8,148.8,42.0,3
2016,table2016.csv,0,0,0,0,0,0,0,984,OMAIS,1605,2016,9,18,0,8,151.7,44.1,6
2016,table2016.csv,0,0,0,0,0,0,0,988,OMAIS,1605,2016,10,0,0,8,152.5,46.2,6
2016,table2016.csv,0,0,0,0,0,0,0,988,OMAIS,1605,2016,10,6,0,8,156.2,48.1,6
2016,table2016.csv,0,0,0,0,0,0,0,986,OMAIS,1605,2016,10,12,0,8,159.8,50.0,6
2016,table2016.csv,0,0,0,0,0,0,0,986,OMAIS,1605,2016,10,18,0,8,162.8,51.9,6
2016,table2016.csv,0,0,0,0,0,0,0,984,OMAIS,1605,2016,11,0,0,8,165.5,53.5,6
2016,table2016.csv,0,0,0,0,0,0,0,984,OMAIS,1605,2016,11,6,0,8,169.1,54.9,6
2016,table2016.csv,0,0,0,0,0,0,0,984,OMAIS,1605,2016,11,12,0,8,172.5,55.6,6
2016,table2016.csv,0,0,0,0,0,0,0,984,OMAIS,1605,2016,11,18,0,8,174.6,56.1,6
2016,table2016.csv,0,0,0,0,0,0,0,986,OMAIS,1605,2016,12,0,0,8,177.1,56.3,6
2016,table2016.csv,0,0,0,0,0,0,0,988,OMAIS,1605,2016,12,6,0,8,181.8,56.4,6
2016,table2016.csv,0,0,0,0,0,0,0,1010,CONSON,1606,2016,7,12,0,8,163.0,18.8,2
2016,table2016.csv,0,0,0,0,0,0,0,1008,CONSON,1606,2016,7,18,0,8,162.0,18.0,2
2016,table2016.csv,0,0,0,0,0,0,0,1008,CONSON,1606,2016,8,0,0,8,161.7,17.4,2
2016,table2016.csv,0,0,0,0,0,0,0,1006,CONSON,1606,2016,8,6,0,8,161.4,17.1,2
2016,table2016.csv,0,0,0,0,0,0,0,1006,CONSON,1606,2016,8,12,0,8,160.8,17.0,2
2016,table2016.csv,0,0,0,0,0,0,0,1002,CONSON,1606,2016,8,18,0,8,160.1,17.0,2
2016,table2016.csv,90,120,1,0,0,0,0,1000,CONSON,1606,2016,9,0,35,8,159.3,16.9,3
2016,table2016.csv,90,120,1,0,0,0,0,996,CONSON,1606,2016,9,6,40,8,158.7,16.8,3
2016,table2016.csv,90,210,1,0,0,0,0,990,CONSON,1606,2016,9,12,45,8,157.8,17.0,3
2016,table2016.csv,90,210,1,0,0,0,0,990,CONSON,1606,2016,9,18,45,8,156.9,17.7,3
2016,table2016.csv,90,210,1,0,0,0,0,990,CONSON,1606,2016,10,0,45,8,156.0,18.0,3
2016,table2016.csv,120,240,1,0,0,0,0,990,CONSON,1606,2016,10,6,45,8,155.1,18.6,3
2016,table2016.csv,120,240,1,0,0,0,0,990,CONSON,1606,2016,10,12,45,8,154.4,18.9,3
2016,table2016.csv,120,240,1,0,0,0,0,990,CONSON,1606,2016,10,18,45,8,154.0,19.6,3
2016,table2016.csv,120,300,2,0,0,0,0,990,CONSON,1606,2016,11,0,45,8,153.6,20.0,3
2016,table2016.csv,120,300,2,0,0,0,0,990,CONSON,1606,2016,11,6,45,8,154.0,20.5,3
2016,table2016.csv,120,300,2,0,0,0,0,990,CONSON,1606,2016,11,12,45,8,154.3,21.9,3
2016,table2016.csv,120,300,2,0,0,0,0,990,CONSON,1606,2016,11,18,45,8,155.0,23.5,3
2016,table2016.csv,120,300,2,0,0,0,0,990,CONSON,1606,2016,12,0,45,8,155.5,25.2,3
2016,table2016.csv,120,300,2,0,0,0,0,990,CONSON,1606,2016,12,6,40,8,155.7,26.2,3
2016,table2016.csv,120,300,2,0,0,0,0,990,CONSON,1606,2016,12,12,40,8,156.4,28.0,3
2016,table2016.csv,120,300,2,0,0,0,0,990,CONSON,1606,2016,12,18,40,8,156.6,28.9,3
2016,table2016.csv,120,300,2,0,0,0,0,990,CONSON,1606,2016,13,0,40,8,155.5,29.9,3
2016,table2016.csv,120,300,2,0,0,0,0,985,CONSON,1606,2016,13,6,45,8,154.3,31.6,3
2016,table2016.csv,150,300,1,0,0,0,0,985,CONSON,1606,2016,13,12,45,8,153.1,32.6,3
2016,table2016.csv,150,350,1,0,0,0,0,985,CONSON,1606,2016,13,18,45,8,152.2,33.9,3
2016,table2016.csv,150,350,1,0,0,0,0,985,CONSON,1606,2016,14,0,45,8,151.1,35.7,3
2016,table2016.csv,150,350,1,0,0,0,0,985,CONSON,1606,2016,14,6,45,8,149.5,38.1,3
2016,table2016.csv,120,240,2,0,0,0,0,990,CONSON,1606,2016,14,12,40,8,148.0,40.2,3
2016,table2016.csv,120,240,2,0,0,0,0,990,CONSON,1606,2016,14,18,40,8,145.9,42.1,3
2016,table2016.csv,90,210,2,0,0,0,1,988,CONSON,1606,2016,14,23,40,8,145.5,43.3,3
2016,table2016.csv,0,0,0,0,0,0,0,990,CONSON,1606,2016,15,0,0,8,145.6,43.6,6
2016,table2016.csv,0,0,0,0,0,0,0,992,CONSON,1606,2016,15,6,0,8,145.4,46.3,6
2016,table2016.csv,0,0,0,0,0,0,0,996,CONSON,1606,2016,15,12,0,8,146.1,48.8,6
2016,table2016.csv,0,0,0,0,0,0,0,996,CONSON,1606,2016,15,18,0,8,145.2,53.2,6
2016,table2016.csv,0,0,0,0,0,0,0,996,CONSON,1606,2016,16,0,0,8,142.6,56.1,6
2016,table2016.csv,0,0,0,0,0,0,0,998,CONSON,1606,2016,16,6,0,8,142.0,57.2,6
2016,table2016.csv,0,0,0,0,0,0,0,1000,CONSON,1606,2016,16,12,0,8,143.1,58.7,6
2016,table2016.csv,0,0,0,0,0,0,0,1002,CHANTHU,1607,2016,12,0,0,8,137.6,16.0,2
2016,table2016.csv,0,0,0,0,0,0,0,1002,CHANTHU,1607,2016,12,6,0,8,138.0,16.3,2
2016,table2016.csv,0,0,0,0,0,0,0,1002,CHANTHU,1607,2016,12,12,0,8,138.6,16.8,2
2016,table2016.csv,0,0,0,0,0,0,0,1002,CHANTHU,1607,2016,12,18,0,8,139.4,17.2,2
2016,table2016.csv,0,0,0,0,0,0,0,1002,CHANTHU,1607,2016,13,0,0,8,139.9,17.7,2
2016,table2016.csv,0,0,0,0,0,0,0,1000,CHANTHU,1607,2016,13,6,0,8,140.7,18.8,2
2016,table2016.csv,0,0,0,0,0,0,0,1000,CHANTHU,1607,2016,13,12,0,8,141.9,19.8,2
2016,table2016.csv,90,180,2,0,0,0,0,994,CHANTHU,1607,2016,13,18,35,8,142.9,20.9,3
2016,table2016.csv,90,180,2,0,0,0,0,994,CHANTHU,1607,2016,14,0,35,8,143.6,22.0,3
2016,table2016.csv,90,180,2,0,0,0,0,992,CHANTHU,1607,2016,14,6,40,8,144.2,23.4,3
2016,table2016.csv,90,210,2,0,0,0,0,990,CHANTHU,1607,2016,14,12,45,8,144.5,24.6,3
2016,table2016.csv,90,210,2,0,0,0,0,985,CHANTHU,1607,2016,14,18,50,8,144.8,25.7,4
2016,table2016.csv,120,210,2,0,0,0,0,985,CHANTHU,1607,2016,15,0,50,8,145.0,27.1,4
2016,table2016.csv,120,210,2,0,0,0,0,985,CHANTHU,1607,2016,15,6,50,8,144.5,28.1,4
2016,table2016.csv,120,210,2,0,0,0,0,985,CHANTHU,1607,2016,15,12,45,8,143.8,29.4,3
2016,table2016.csv,120,210,2,0,0,0,0,985,CHANTHU,1607,2016,15,18,45,8,143.0,30.5,3
2016,table2016.csv,120,210,2,0,0,0,0,980,CHANTHU,1607,2016,16,0,50,8,142.5,31.6,4
2016,table2016.csv,120,210,2,0,0,0,0,980,CHANTHU,1607,2016,16,6,50,8,141.4,33.4,4
2016,table2016.csv,120,210,2,0,0,0,0,980,CHANTHU,1607,2016,16,12,50,8,141.0,34.4,4
2016,table2016.csv,120,210,2,0,0,0,0,980,CHANTHU,1607,2016,16,18,50,8,141.2,35.8,4
2016,table2016.csv,120,180,2,20,60,2,0,980,CHANTHU,1607,2016,17,0,55,8,141.7,37.8,4
2016,table2016.csv,120,180,2,20,60,2,0,980,CHANTHU,1607,2016,17,3,55,8,142.2,39.0,4
2016,table2016.csv,120,180,2,20,80,2,0,980,CHANTHU,1607,2016,17,6,55,8,142.7,40.8,4
2016,table2016.csv,120,180,2,20,80,2,1,980,CHANTHU,1607,2016,17,8,55,8,143.0,41.8,4
2016,table2016.csv,120,180,2,20,80,2,0,980,CHANTHU,1607,2016,17,9,55,8,143.1,42.3,4
2016,table2016.csv,120,180,2,20,120,2,0,984,CHANTHU,1607,2016,17,12,55,8,143.1,44.3,4
2016,table2016.csv,0,0,0,0,0,0,0,984,CHANTHU,1607,2016,17,18,0,8,144.6,47.7,6
2016,table2016.csv,0,0,0,0,0,0,0,982,CHANTHU,1607,2016,18,0,0,8,145.3,51.2,6
2016,table2016.csv,0,0,0,0,0,0,0,980,CHANTHU,1607,2016,18,6,0,8,146.7,54.6,6
2016,table2016.csv,0,0,0,0,0,0,0,982,CHANTHU,1607,2016,18,12,0,8,147.6,58.1,6
2016,table2016.csv,0,0,0,0,0,0,0,986,CHANTHU,1607,2016,18,18,0,8,149.1,60.7,6
2016,table2016.csv,0,0,0,0,0,0,0,996,DIANMU,1608,2016,15,6,0,8,117.0,21.7,2
2016,table2016.csv,0,0,0,0,0,0,0,996,DIANMU,1608,2016,15,12,0,8,116.3,21.7,2
2016,table2016.csv,0,0,0,0,0,0,0,996,DIANMU,1608,2016,15,18,0,8,115.4,21.7,2
2016,table2016.csv,0,0,0,0,0,0,0,996,DIANMU,1608,2016,16,0,0,8,114.7,21.8,2
2016,table2016.csv,0,0,0,0,0,0,0,994,DIANMU,1608,2016,16,6,0,8,114.0,21.7,2
2016,table2016.csv,0,0,0,0,0,0,0,994,DIANMU,1608,2016,16,12,0,8,113.5,21.6,2
2016,table2016.csv,0,0,0,0,0,0,0,992,DIANMU,1608,2016,16,18,0,8,113.3,21.5,2
2016,table2016.csv,0,0,0,0,0,0,0,992,DIANMU,1608,2016,17,0,0,8,113.2,21.5,2
2016,table2016.csv,0,0,0,0,0,0,0,992,DIANMU,1608,2016,17,6,0,8,113.1,21.5,2
2016,table2016.csv,0,0,0,0,0,0,0,990,DIANMU,1608,2016,17,12,0,8,112.9,21.4,2
2016,table2016.csv,120,240,3,0,0,0,0,985,DIANMU,1608,2016,17,18,35,8,112.2,21.1,3
2016,table2016.csv,120,240,3,0,0,0,0,985,DIANMU,1608,2016,18,0,35,8,111.3,20.9,3
2016,table2016.csv,120,240,3,0,0,0,0,985,DIANMU,1608,2016,18,6,35,8,110.3,20.8,3
2016,table2016.csv,120,210,3,0,0,0,0,985,DIANMU,1608,2016,18,12,35,8,109.2,20.5,3
2016,table2016.csv,120,180,3,0,0,0,0,980,DIANMU,1608,2016,18,18,40,8,108.2,20.5,3
2016,table2016.csv,120,150,3,0,0,0,0,980,DIANMU,1608,2016,19,0,40,8,107.3,20.5,3
2016,table2016.csv,90,120,3,0,0,0,0,980,DIANMU,1608,2016,19,6,40,8,106.4,20.6,3
2016,table2016.csv,0,0,0,0,0,0,0,990,DIANMU,1608,2016,19,12,0,8,104.8,20.8,2
2016,table2016.csv,0,0,0,0,0,0,0,994,DIANMU,1608,2016,19,18,0,8,102.5,21.2,2
2016,table2016.csv,0,0,0,0,0,0,0,1002,MINDULLE,1609,2016,17,0,0,8,138.9,15.3,2
2016,table2016.csv,0,0,0,0,0,0,0,998,MINDULLE,1609,2016,17,6,0,8,139.9,15.2,2
2016,table2016.csv,0,0,0,0,0,0,0,998,MINDULLE,1609,2016,17,12,0,8,140.7,15.2,2
2016,table2016.csv,0,0,0,0,0,0,0,996,MINDULLE,1609,2016,17,18,0,8,141.3,15.1,2
2016,table2016.csv,0,0,0,0,0,0,0,996,MINDULLE,1609,2016,18,0,0,8,142.0,15.2,2
2016,table2016.csv,0,0,0,0,0,0,0,996,MINDULLE,1609,2016,18,6,0,8,142.8,15.6,2
2016,table2016.csv,0,0,0,0,0,0,0,996,MINDULLE,1609,2016,18,12,0,8,143.1,16.1,2
2016,table2016.csv,0,0,0,0,0,0,0,996,MINDULLE,1609,2016,18,18,0,8,143.1,16.6,2
2016,table2016.csv,0,0,0,0,0,0,0,996,MINDULLE,1609,2016,19,0,0,8,142.5,17.2,2
2016,table2016.csv,90,120,4,0,0,0,0,994,MINDULLE,1609,2016,19,6,35,8,141.8,17.8,3
2016,table2016.csv,90,120,4,0,0,0,0,994,MINDULLE,1609,2016,19,12,35,8,140.9,18.7,3
2016,table2016.csv,90,120,4,0,0,0,0,992,MINDULLE,1609,2016,19,18,40,8,140.6,19.4,3
2016,table2016.csv,90,120,4,0,0,0,0,992,MINDULLE,1609,2016,20,0,40,8,140.8,20.4,3
2016,table2016.csv,90,120,4,0,0,0,0,990,MINDULLE,1609,2016,20,6,45,8,141.0,22.1,3
2016,table2016.csv,90,150,8,0,0,0,0,985,MINDULLE,1609,2016,20,12,50,8,141.1,24.4,4
2016,table2016.csv,90,150,1,0,0,0,0,985,MINDULLE,1609,2016,20,18,50,8,140.8,26.2,4
2016,table2016.csv,90,180,2,0,0,0,0,985,MINDULLE,1609,2016,21,0,50,8,140.6,28.0,4
2016,table2016.csv,90,180,2,0,0,0,0,985,MINDULLE,1609,2016,21,6,50,8,139.9,29.8,4
2016,table2016.csv,90,150,2,20,50,2,0,980,MINDULLE,1609,2016,21,12,55,8,139.5,31.5,4
2016,table2016.csv,90,150,2,20,50,2,0,980,MINDULLE,1609,2016,21,15,55,8,139.2,32.3,4
2016,table2016.csv,90,150,2,20,50,2,0,975,MINDULLE,1609,2016,21,18,65,8,139.4,33.1,5
2016,table2016.csv,90,150,2,20,50,2,0,975,MINDULLE,1609,2016,21,21,65,8,139.3,33.8,5
2016,table2016.csv,90,150,2,40,40,9,0,975,MINDULLE,1609,2016,22,0,65,8,139.5,34.2,5
2016,table2016.csv,90,150,2,40,40,9,1,975,MINDULLE,1609,2016,22,3,65,8,139.8,34.8,5
2016,table2016.csv,90,150,2,40,50,3,0,980,MINDULLE,1609,2016,22,6,60,8,140.0,35.9,4
2016,table2016.csv,90,150,3,40,50,3,0,985,MINDULLE,1609,2016,22,9,55,8,140.3,36.6,4
2016,table2016.csv,90,180,3,60,60,9,0,990,MINDULLE,1609,2016,22,12,55,8,140.8,37.8,4
2016,table2016.csv,90,180,3,60,60,9,0,990,MINDULLE,1609,2016,22,15,55,8,141.1,38.9,4
2016,table2016.csv,90,150,3,0,0,0,0,992,MINDULLE,1609,2016,22,18,50,8,141.9,40.4,4
2016,table2016.csv,90,150,3,0,0,0,1,992,MINDULLE,1609,2016,22,20,50,8,142.3,41.8,4
2016,table2016.csv,90,150,3,0,0,0,0,992,MINDULLE,1609,2016,22,21,50,8,142.6,42.4,4
2016,table2016.csv,90,120,3,0,0,0,0,992,MINDULLE,1609,2016,23,0,50,8,143.8,43.6,4
2016,table2016.csv,0,0,0,0,0,0,0,992,MINDULLE,1609,2016,23,3,0,8,145.3,45.1,6
2016,table2016.csv,0,0,0,0,0,0,0,996,LIONROCK,1610,2016,17,0,0,8,159.1,26.4,2
2016,table2016.csv,0,0,0,0,0,0,0,996,LIONROCK,1610,2016,17,6,0,8,157.0,27.0,2
2016,table2016.csv,0,0,0,0,0,0,0,996,LIONROCK,1610,2016,17,12,0,8,155.4,27.4,2
2016,table2016.csv,0,0,0,0,0,0,0,996,LIONROCK,1610,2016,17,18,0,8,153.6,28.3,2
2016,table2016.csv,0,0,0,0,0,0,0,996,LIONROCK,1610,2016,18,0,0,8,152.0,29.3,2
2016,table2016.csv,0,0,0,0,0,0,0,996,LIONROCK,1610,2016,18,6,0,8,150.4,30.4,2
2016,table2016.csv,0,0,0,0,0,0,0,996,LIONROCK,1610,2016,18,12,0,8,148.6,31.4,2
2016,table2016.csv,0,0,0,0,0,0,0,996,LIONROCK,1610,2016,18,18,0,8,146.8,32.2,2
2016,table2016.csv,0,0,0,0,0,0,0,996,LIONROCK,1610,2016,19,0,0,8,144.9,32.9,2
2016,table2016.csv,0,0,0,0,0,0,0,996,LIONROCK,1610,2016,19,6,0,8,142.8,33.1,2
2016,table2016.csv,0,0,0,0,0,0,0,996,LIONROCK,1610,2016,19,12,0,8,141.3,33.1,2
2016,table2016.csv,0,0,0,0,0,0,0,996,LIONROCK,1610,2016,19,18,0,8,139.7,32.3,2
2016,table2016.csv,0,0,0,0,0,0,0,996,LIONROCK,1610,2016,20,0,0,8,138.5,31.5,2
2016,table2016.csv,0,0,0,0,0,0,0,996,LIONROCK,1610,2016,20,6,0,8,137.6,31.0,2
2016,table2016.csv,0,0,0,0,0,0,0,996,LIONROCK,1610,2016,20,12,0,8,136.7,30.5,2
2016,table2016.csv,0,0,0,0,0,0,0,996,LIONROCK,1610,2016,20,18,0,8,135.5,30.1,2
2016,table2016.csv,0,0,0,0,0,0,0,996,LIONROCK,1610,2016,21,0,0,8,134.3,29.8,2
2016,table2016.csv,0,0,0,0,0,0,0,996,LIONROCK,1610,2016,21,6,0,8,133.7,29.5,2
2016,table2016.csv,100,100,9,0,0,0,0,992,LIONROCK,1610,2016,21,12,35,8,133.3,29.2,3
2016,table2016.csv,100,100,9,0,0,0,0,990,LIONROCK,1610,2016,21,18,40,8,133.2,28.8,3
2016,table2016.csv,100,100,9,0,0,0,0,990,LIONROCK,1610,2016,22,0,40,8,133.4,28.8,3
2016,table2016.csv,100,100,9,0,0,0,0,990,LIONROCK,1610,2016,22,6,40,8,133.7,28.7,3
2016,table2016.csv,100,100,9,0,0,0,0,990,LIONROCK,1610,2016,22,12,40,8,134.1,28.5,3
2016,table2016.csv,100,100,9,0,0,0,0,990,LIONROCK,1610,2016,22,18,45,8,134.3,28.2,3
2016,table2016.csv,100,100,9,0,0,0,0,985,LIONROCK,1610,2016,23,0,50,8,134.4,28.0,4
2016,table2016.csv,100,100,9,30,30,9,0,980,LIONROCK,1610,2016,23,6,55,8,134.2,27.3,4
2016,table2016.csv,100,100,9,30,30,9,0,975,LIONROCK,1610,2016,23,12,60,8,134.0,26.6,4
2016,table2016.csv,100,100,9,40,40,9,0,965,LIONROCK,1610,2016,23,18,70,8,133.3,25.8,5
2016,table2016.csv,120,120,9,50,50,9,0,960,LIONROCK,1610,2016,24,0,75,8,132.8,25.3,5
2016,table2016.csv,120,120,9,50,50,9,0,950,LIONROCK,1610,2016,24,6,80,8,132.3,24.8,5
2016,table2016.csv,120,120,9,50,50,9,0,950,LIONROCK,1610,2016,24,12,80,8,131.8,24.4,5
2016,table2016.csv,120,120,9,50,50,9,0,945,LIONROCK,1610,2016,24,18,85,8,131.4,23.9,5
2016,table2016.csv,120,120,9,50,50,9,0,945,LIONROCK,1610,2016,25,0,85,8,131.1,23.6,5
2016,table2016.csv,120,120,9,50,50,9,0,945,LIONROCK,1610,2016,25,6,85,8,130.9,23.5,5
2016,table2016.csv,120,120,9,50,50,9,0,945,LIONROCK,1610,2016,25,12,85,8,130.8,23.5,5
2016,table2016.csv,150,150,9,50,50,9,0,945,LIONROCK,1610,2016,25,18,85,8,130.5,23.1,5
2016,table2016.csv,150,150,9,50,50,9,0,945,LIONROCK,1610,2016,26,0,85,8,131.0,23.2,5
2016,table2016.csv,150,180,3,50,50,9,0,945,LIONROCK,1610,2016,26,6,85,8,131.3,23.1,5
2016,table2016.csv,150,270,3,50,50,9,0,950,LIONROCK,1610,2016,26,12,80,8,132.1,23.2,5
2016,table2016.csv,150,270,3,50,50,9,0,950,LIONROCK,1610,2016,26,18,80,8,132.5,23.5,5
2016,table2016.csv,150,325,3,60,60,9,0,945,LIONROCK,1610,2016,27,0,85,8,133.1,23.7,5
2016,table2016.csv,180,350,3,70,70,9,0,945,LIONROCK,1610,2016,27,6,85,8,133.9,24.0,5
2016,table2016.csv,180,350,3,70,70,9,0,945,LIONROCK,1610,2016,27,12,85,8,134.6,24.5,5
2016,table2016.csv,180,350,3,70,70,9,0,945,LIONROCK,1610,2016,27,18,85,8,135.6,25.1,5
2016,table2016.csv,180,350,3,70,70,9,0,945,LIONROCK,1610,2016,28,0,85,8,136.6,26.1,5
2016,table2016.csv,180,325,3,60,80,3,0,940,LIONROCK,1610,2016,28,6,90,8,137.9,27.7,5
2016,table2016.csv,180,300,3,60,80,3,0,940,LIONROCK,1610,2016,28,12,90,8,138.8,28.5,5
2016,table2016.csv,180,300,3,60,80,3,0,940,LIONROCK,1610,2016,28,18,90,8,140.5,29.4,5
2016,table2016.csv,180,300,3,60,80,3,0,945,LIONROCK,1610,2016,29,0,85,8,141.7,30.4,5
2016,table2016.csv,200,300,3,60,80,3,0,950,LIONROCK,1610,2016,29,6,80,8,142.7,31.3,5
2016,table2016.csv,200,300,3,60,80,3,0,960,LIONROCK,1610,2016,29,12,75,8,143.4,32.3,5
2016,table2016.csv,210,300,3,40,90,2,0,965,LIONROCK,1610,2016,29,18,70,8,143.6,34.0,5
2016,table2016.csv,210,300,3,40,90,2,0,965,LIONROCK,1610,2016,29,21,70,8,143.4,34.8,5
2016,table2016.csv,210,300,3,40,90,2,0,965,LIONROCK,1610,2016,30,0,65,8,143.0,35.6,5
2016,table2016.csv,240,325,3,50,100,1,0,965,LIONROCK,1610,2016,30,3,65,8,142.4,36.6,5
2016,table2016.csv,240,325,3,60,120,1,0,965,LIONROCK,1610,2016,30,6,65,8,142.2,37.8,5
2016,table2016.csv,240,325,3,60,120,1,1,965,LIONROCK,1610,2016,30,8,65,8,142.0,38.8,5
2016,table2016.csv,240,325,3,60,120,1,0,970,LIONROCK,1610,2016,30,9,60,8,141.7,39.3,4
2016,table2016.csv,240,325,3,60,120,1,0,972,LIONROCK,1610,2016,30,12,60,8,140.0,41.3,4
2016,table2016.csv,0,0,0,0,0,0,0,976,LIONROCK,1610,2016,30,15,0,8,138.0,42.0,6
2016,table2016.csv,0,0,0,0,0,0,0,980,LIONROCK,1610,2016,30,18,0,8,135.7,43.9,6
2016,table2016.csv,0,0,0,0,0,0,0,998,KOMPASU,1611,2016,18,12,0,8,152.8,22.3,2
2016,table2016.csv,0,0,0,0,0,0,0,996,KOMPASU,1611,2016,18,18,0,8,153.4,24.1,2
2016,table2016.csv,0,0,0,0,0,0,0,996,KOMPASU,1611,2016,19,0,0,8,152.8,25.7,2
2016,table2016.csv,0,0,0,0,0,0,0,996,KOMPASU,1611,2016,19,6,0,8,152.2,27.4,2
2016,table2016.csv,0,0,0,0,0,0,0,996,KOMPASU,1611,2016,19,12,0,8,151.5,29.5,2
2016,table2016.csv,0,0,0,0,0,0,0,996,KOMPASU,1611,2016,19,18,0,8,149.3,31.8,2
2016,table2016.csv,120,240,1,0,0,0,0,994,KOMPASU,1611,2016,20,0,35,8,147.3,32.9,3
2016,table2016.csv,120,240,1,0,0,0,0,994,KOMPASU,1611,2016,20,6,35,8,145.7,34.3,3
2016,table2016.csv,90,150,1,0,0,0,0,994,KOMPASU,1611,2016,20,12,35,8,143.7,36.3,3
2016,table2016.csv,60,150,2,0,0,0,0,996,KOMPASU,1611,2016,20,18,35,8,142.8,37.8,3
2016,table2016.csv,60,120,2,0,0,0,0,996,KOMPASU,1611,2016,21,0,35,8,142.9,38.8,3
2016,table2016.csv,60,120,2,0,0,0,0,996,KOMPASU,1611,2016,21,6,35,8,142.9,40.6,3
2016,table2016.csv,60,120,2,0,0,0,0,1000,KOMPASU,1611,2016,21,12,35,8,143.9,42.5,3
2016,table2016.csv,60,120,2,0,0,0,1,1002,KOMPASU,1611,2016,21,14,35,8,144.1,42.9,3
2016,table2016.csv,0,0,0,0,0,0,0,1002,KOMPASU,1611,2016,21,18,0,8,145.0,45.0,6
2016,table2016.csv,0,0,0,0,0,0,0,1002,KOMPASU,1611,2016,22,0,0,8,145.8,46.8,6
2016,table2016.csv,0,0,0,0,0,0,0,1002,KOMPASU,1611,2016,22,6,0,8,147.0,48.2,6
2016,table2016.csv,0,0,0,0,0,0,0,1002,NAMTHEUN,1612,2016,31,0,0,8,123.2,21.1,2
2016,table2016.csv,0,0,0,0,0,0,0,1002,NAMTHEUN,1612,2016,31,6,0,8,124.4,21.3,2
2016,table2016.csv,0,0,0,0,0,0,0,1002,NAMTHEUN,1612,2016,31,12,0,8,125.8,22.0,2
2016,table2016.csv,0,0,0,0,0,0,0,1000,NAMTHEUN,1612,2016,31,18,0,8,126.9,23.0,2
2016,table2016.csv,70,70,9,0,0,0,0,998,NAMTHEUN,1612,2016,1,0,35,9,127.7,23.8,3
2016,table2016.csv,70,70,9,0,0,0,0,994,NAMTHEUN,1612,2016,1,6,45,9,129.0,24.4,3
2016,table2016.csv,70,70,9,20,20,9,0,985,NAMTHEUN,1612,2016,1,12,55,9,130.2,25.0,4
2016,table2016.csv,70,70,9,20,20,9,0,985,NAMTHEUN,1612,2016,1,15,55,9,130.5,25.3,4
2016,table2016.csv,70,70,9,20,20,9,0,975,NAMTHEUN,1612,2016,1,18,60,9,130.6,25.7,4
2016,table2016.csv,70,70,9,20,20,9,0,975,NAMTHEUN,1612,2016,1,21,60,9,130.7,26.1,4
2016,table2016.csv,70,70,9,30,30,9,0,970,NAMTHEUN,1612,2016,2,0,65,9,130.8,26.4,5
2016,table2016.csv,70,70,9,30,30,9,0,970,NAMTHEUN,1612,2016,2,3,65,9,130.8,26.8,5
2016,table2016.csv,70,70,9,30,30,9,0,965,NAMTHEUN,1612,2016,2,6,70,9,130.8,27.2,5
2016,table2016.csv,70,70,9,30,30,9,0,965,NAMTHEUN,1612,2016,2,9,70,9,130.8,27.5,5
2016,table2016.csv,60,90,2,30,30,9,0,965,NAMTHEUN,1612,2016,2,12,70,9,130.8,27.8,5
2016,table2016.csv,60,90,2,30,30,9,0,960,NAMTHEUN,1612,2016,2,15,70,9,130.7,28.1,5
2016,table2016.csv,60,90,2,30,30,9,0,955,NAMTHEUN,1612,2016,2,18,70,9,130.6,28.5,5
2016,table2016.csv,60,90,2,30,30,9,0,955,NAMTHEUN,1612,2016,2,21,70,9,130.5,28.9,5
2016,table2016.csv,60,90,2,30,30,9,0,955,NAMTHEUN,1612,2016,3,0,70,9,130.3,29.3,5
2016,table2016.csv,60,90,2,30,30,9,0,955,NAMTHEUN,1612,2016,3,3,70,9,130.2,29.7,5
2016,table2016.csv,60,90,2,20,20,9,0,960,NAMTHEUN,1612,2016,3,6,65,9,130.1,30.0,5
2016,table2016.csv,60,90,2,20,20,9,0,960,NAMTHEUN,1612,2016,3,9,65,9,130.0,30.3,5
2016,table2016.csv,60,90,2,20,20,9,0,965,NAMTHEUN,1612,2016,3,12,60,9,129.9,30.5,4
2016,table2016.csv,60,60,9,20,20,9,0,970,NAMTHEUN,1612,2016,3,15,60,9,129.9,30.7,4
2016,table2016.csv,60,60,9,20,20,9,0,975,NAMTHEUN,1612,2016,3,18,55,9,129.8,31.0,4
2016,table2016.csv,60,60,9,20,20,9,0,980,NAMTHEUN,1612,2016,3,21,55,9,129.7,31.2,4
2016,table2016.csv,50,50,9,0,0,0,0,985,NAMTHEUN,1612,2016,4,0,50,9,129.6,31.4,4
2016,table2016.csv,50,50,9,0,0,0,0,990,NAMTHEUN,1612,2016,4,3,50,9,129.6,31.6,4
2016,table2016.csv,50,50,9,0,0,0,0,992,NAMTHEUN,1612,2016,4,6,45,9,129.6,31.8,3
2016,table2016.csv,40,40,9,0,0,0,0,994,NAMTHEUN,1612,2016,4,9,45,9,129.6,32.1,3
2016,table2016.csv,40,40,9,0,0,0,0,998,NAMTHEUN,1612,2016,4,12,40,9,129.6,32.4,3
2016,table2016.csv,30,30,9,0,0,0,0,1000,NAMTHEUN,1612,2016,4,15,35,9,129.7,32.7,3
2016,table2016.csv,30,30,9,0,0,0,1,1000,NAMTHEUN,1612,2016,4,16,35,9,129.7,32.8,3
2016,table2016.csv,0,0,0,0,0,0,0,1004,NAMTHEUN,1612,2016,4,18,0,9,129.8,33.1,2
2016,table2016.csv,0,0,0,0,0,0,0,1006,NAMTHEUN,1612,2016,4,21,0,9,129.9,33.5,2
2016,table2016.csv,0,0,0,0,0,0,0,1008,NAMTHEUN,1612,2016,5,0,0,9,130.2,33.9,2
2016,table2016.csv,0,0,0,0,0,0,0,1008,NAMTHEUN,1612,2016,5,6,0,9,131.0,34.8,2
2016,table2016.csv,0,0,0,0,0,0,0,1008,NAMTHEUN,1612,2016,5,12,0,9,132.3,35.9,2
2016,table2016.csv,0,0,0,0,0,0,0,1006,MALOU,1613,2016,5,12,0,9,124.8,24.8,2
2016,table2016.csv,0,0,0,0,0,0,0,1004,MALOU,1613,2016,5,18,0,9,124.8,25.2,2
2016,table2016.csv,0,0,0,0,0,0,0,1002,MALOU,1613,2016,6,0,0,9,125.8,26.4,2
2016,table2016.csv,90,150,3,0,0,0,0,1000,MALOU,1613,2016,6,6,40,9,126.8,27.6,3
2016,table2016.csv,90,150,3,0,0,0,0,1002,MALOU,1613,2016,6,12,40,9,128.1,28.3,3
2016,table2016.csv,60,150,3,0,0,0,0,1000,MALOU,1613,2016,6,18,40,9,129.1,29.0,3
2016,table2016.csv,0,0,0,0,0,0,0,1002,MALOU,1613,2016,7,0,0,9,130.3,29.2,2
2016,table2016.csv,0,0,0,0,0,0,0,1002,MALOU,1613,2016,7,6,0,9,132.1,29.1,2
2016,table2016.csv,0,0,0,0,0,0,0,1004,MERANTI,1614,2016,9,12,0,9,141.7,13.7,2
2016,table2016.csv,0,0,0,0,0,0,0,1004,MERANTI,1614,2016,9,18,0,9,141.2,14.0,2
2016,table2016.csv,0,0,0,0,0,0,0,1004,MERANTI,1614,2016,10,0,0,9,140.2,14.4,2
2016,table2016.csv,90,90,9,0,0,0,0,1000,MERANTI,1614,2016,10,6,35,9,139.2,14.8,3
2016,table2016.csv,90,90,9,0,0,0,0,998,MERANTI,1614,2016,10,12,35,9,137.9,15.3,3
2016,table2016.csv,90,90,9,0,0,0,0,990,MERANTI,1614,2016,10,18,45,9,136.9,16.0,3
2016,table2016.csv,120,120,9,50,50,9,0,980,MERANTI,1614,2016,11,0,55,9,135.7,16.4,4
2016,table2016.csv,150,150,9,60,60,9,0,970,MERANTI,1614,2016,11,6,65,9,134.5,16.7,5
2016,table2016.csv,150,150,9,60,60,9,0,950,MERANTI,1614,2016,11,12,80,9,133.2,17.4,5
2016,table2016.csv,150,150,9,60,60,9,0,940,MERANTI,1614,2016,11,18,85,9,131.7,17.6,5
2016,table2016.csv,180,180,9,60,60,9,0,930,MERANTI,1614,2016,12,0,95,9,130.4,18.0,5
2016,table2016.csv,180,180,9,60,60,9,0,920,MERANTI,1614,2016,12,6,100,9,129.4,18.3,5
2016,table2016.csv,180,180,9,60,60,9,0,910,MERANTI,1614,2016,12,12,105,9,128.2,18.9,5
2016,table2016.csv,210,240,1,60,60,9,0,910,MERANTI,1614,2016,12,18,105,9,126.7,19.3,5
2016,table2016.csv,180,240,1,60,60,9,0,900,MERANTI,1614,2016,13,0,115,9,125.5,19.6,5
2016,table2016.csv,150,240,8,70,70,9,0,900,MERANTI,1614,2016,13,6,115,9,124.1,20.2,5
2016,table2016.csv,150,240,8,70,70,9,0,890,MERANTI,1614,2016,13,12,120,9,122.9,20.4,5
2016,table2016.csv,150,240,8,70,70,9,0,900,MERANTI,1614,2016,13,18,115,9,121.8,20.9,5
2016,table2016.csv,180,240,8,60,60,9,0,910,MERANTI,1614,2016,14,0,105,9,120.8,21.6,5
2016,table2016.csv,150,240,2,60,60,9,0,930,MERANTI,1614,2016,14,6,90,9,119.8,22.5,5
2016,table2016.csv,150,210,2,60,60,9,0,940,MERANTI,1614,2016,14,12,85,9,118.9,23.5,5
2016,table2016.csv,120,180,2,50,50,9,0,965,MERANTI,1614,2016,14,18,70,9,118.3,24.4,5
2016,table2016.csv,90,180,2,40,40,9,0,980,MERANTI,1614,2016,15,0,55,9,117.7,25.2,4
2016,table2016.csv,90,120,2,0,0,0,0,996,MERANTI,1614,2016,15,6,45,9,116.9,26.1,3
2016,table2016.csv,0,0,0,0,0,0,0,1002,MERANTI,1614,2016,15,12,0,9,117.1,27.0,2
2016,table2016.csv,0,0,0,0,0,0,0,1004,MERANTI,1614,2016,15,18,0,9,117.5,28.1,2
2016,table2016.csv,0,0,0,0,0,0,0,1004,MERANTI,1614,2016,16,0,0,9,118.9,30.2,2
2016,table2016.csv,0,0,0,0,0,0,0,1004,MERANTI,1614,2016,16,6,0,9,120.1,31.6,6
2016,table2016.csv,0,0,0,0,0,0,0,1004,MERANTI,1614,2016,16,12,0,9,121.5,32.7,6
2016,table2016.csv,0,0,0,0,0,0,0,1004,MERANTI,1614,2016,16,18,0,9,123.4,33.7,6
2016,table2016.csv,0,0,0,0,0,0,0,1004,MERANTI,1614,2016,17,0,0,9,123.8,33.5,6
2016,table2016.csv,0,0,0,0,0,0,0,1004,MERANTI,1614,2016,17,6,0,9,124.4,33.3,6
2016,table2016.csv,0,0,0,0,0,0,0,1006,MERANTI,1614,2016,17,12,0,9,125.2,33.2,6
2016,table2016.csv,0,0,0,0,0,0,0,1002,RAI,1615,2016,11,6,0,9,114.3,12.3,2
2016,table2016.csv,0,0,0,0,0,0,0,1002,RAI,1615,2016,11,12,0,9,113.9,12.7,2
2016,table2016.csv,0,0,0,0,0,0,0,1002,RAI,1615,2016,11,18,0,9,113.2,13.2,2
2016,table2016.csv,0,0,0,0,0,0,0,1002,RAI,1615,2016,12,0,0,9,112.1,13.7,2
2016,table2016.csv,0,0,0,0,0,0,0,1002,RAI,1615,2016,12,6,0,9,111.0,14.4,2
2016,table2016.csv,0,0,0,0,0,0,0,1000,RAI,1615,2016,12,12,0,9,109.9,14.9,2
2016,table2016.csv,60,150,8,0,0,0,0,996,RAI,1615,2016,12,18,35,9,108.9,15.5,3
2016,table2016.csv,60,120,1,0,0,0,0,996,RAI,1615,2016,13,0,35,9,107.3,15.9,3
2016,table2016.csv,0,0,0,0,0,0,0,998,RAI,1615,2016,13,6,0,9,105.9,16.0,2
2016,table2016.csv,0,0,0,0,0,0,0,1000,RAI,1615,2016,13,12,0,9,104.7,16.0,2
2016,table2016.csv,0,0,0,0,0,0,0,1004,RAI,1615,2016,13,18,0,9,103.5,16.1,2
2016,table2016.csv,0,0,0,0,0,0,0,1006,MALAKAS,1616,2016,11,18,0,9,144.8,12.5,2
2016,table2016.csv,0,0,0,0,0,0,0,1008,MALAKAS,1616,2016,12,0,0,9,143.1,12.8,2
2016,table2016.csv,0,0,0,0,0,0,0,1006,MALAKAS,1616,2016,12,6,0,9,141.9,13.2,2
2016,table2016.csv,0,0,0,0,0,0,0,1006,MALAKAS,1616,2016,12,12,0,9,140.8,13.5,2
2016,table2016.csv,90,90,9,0,0,0,0,1000,MALAKAS,1616,2016,12,18,35,9,139.4,13.8,3
2016,table2016.csv,120,120,9,0,0,0,0,996,MALAKAS,1616,2016,13,0,40,9,138.1,14.2,3
2016,table2016.csv,120,120,9,0,0,0,0,990,MALAKAS,1616,2016,13,6,45,9,137.0,14.5,3
2016,table2016.csv,120,120,9,0,0,0,0,990,MALAKAS,1616,2016,13,12,45,9,135.9,14.7,3
2016,table2016.csv,120,120,9,30,30,9,0,985,MALAKAS,1616,2016,13,18,55,9,134.6,15.0,4
2016,table2016.csv,120,150,3,30,30,9,0,975,MALAKAS,1616,2016,14,0,65,9,133.4,15.4,5
2016,table2016.csv,120,150,3,40,40,9,0,965,MALAKAS,1616,2016,14,6,70,9,132.2,15.8,5
2016,table2016.csv,90,150,2,40,40,9,0,965,MALAKAS,1616,2016,14,12,70,9,131.2,16.3,5
2016,table2016.csv,90,150,2,40,40,9,0,965,MALAKAS,1616,2016,14,18,70,9,130.0,16.7,5
2016,table2016.csv,90,150,1,40,40,9,0,965,MALAKAS,1616,2016,15,0,70,9,128.8,16.9,5
2016,table2016.csv,90,150,1,50,50,9,0,950,MALAKAS,1616,2016,15,6,80,9,127.7,17.5,5
2016,table2016.csv,90,150,1,50,50,9,0,940,MALAKAS,1616,2016,15,12,85,9,126.7,18.4,5
2016,table2016.csv,120,150,1,50,50,9,0,940,MALAKAS,1616,2016,15,18,85,9,125.7,19.2,5
2016,table2016.csv,120,150,1,50,50,9,0,940,MALAKAS,1616,2016,16,0,85,9,124.7,20.1,5
2016,table2016.csv,120,150,1,50,50,9,0,940,MALAKAS,1616,2016,16,6,85,9,123.9,21.1,5
2016,table2016.csv,120,150,2,50,50,9,0,940,MALAKAS,1616,2016,16,9,85,9,123.7,21.5,5
2016,table2016.csv,120,150,2,50,50,9,0,940,MALAKAS,1616,2016,16,12,85,9,123.4,22.1,5
2016,table2016.csv,120,150,2,50,50,9,0,940,MALAKAS,1616,2016,16,15,85,9,123.1,22.5,5
2016,table2016.csv,120,150,2,50,50,9,0,930,MALAKAS,1616,2016,16,18,95,9,123.1,23.0,5
2016,table2016.csv,120,150,2,50,50,9,0,930,MALAKAS,1616,2016,16,21,95,9,123.0,23.6,5
2016,table2016.csv,120,150,2,40,60,2,0,930,MALAKAS,1616,2016,17,0,95,9,123.0,24.1,5
2016,table2016.csv,120,150,2,40,60,2,0,930,MALAKAS,1616,2016,17,3,95,9,122.9,24.7,5
2016,table2016.csv,120,150,2,40,60,2,0,940,MALAKAS,1616,2016,17,6,90,9,122.8,25.3,5
2016,table2016.csv,120,150,2,40,60,2,0,940,MALAKAS,1616,2016,17,9,90,9,122.7,25.6,5
2016,table2016.csv,120,150,2,60,60,9,0,950,MALAKAS,1616,2016,17,12,80,9,122.7,25.9,5
2016,table2016.csv,120,150,7,60,60,9,0,950,MALAKAS,1616,2016,17,18,80,9,122.8,26.3,5
2016,table2016.csv,120,150,7,60,60,9,0,950,MALAKAS,1616,2016,18,0,80,9,123.5,26.9,5
2016,table2016.csv,120,150,7,60,60,9,0,950,MALAKAS,1616,2016,18,6,80,9,124.2,27.4,5
2016,table2016.csv,120,150,7,60,60,9,0,945,MALAKAS,1616,2016,18,12,85,9,125.1,28.0,5
2016,table2016.csv,120,180,7,60,60,9,0,940,MALAKAS,1616,2016,18,18,95,9,126.1,28.7,5
2016,table2016.csv,120,180,7,60,60,9,0,940,MALAKAS,1616,2016,19,0,95,9,127.1,29.4,5
2016,table2016.csv,140,180,7,60,60,9,0,940,MALAKAS,1616,2016,19,3,95,9,127.6,29.7,5
2016,table2016.csv,140,210,7,60,60,9,0,940,MALAKAS,1616,2016,19,6,95,9,128.3,30.2,5
2016,table2016.csv,140,210,7,60,60,9,0,940,MALAKAS,1616,2016,19,9,95,9,129.1,30.5,5
2016,table2016.csv,180,210,7,60,60,9,0,950,MALAKAS,1616,2016,19,12,80,9,129.7,30.8,5
2016,table2016.csv,180,240,7,60,60,9,1,955,MALAKAS,1616,2016,19,15,75,9,130.5,31.1,5
2016,table2016.csv,180,240,7,40,60,4,0,960,MALAKAS,1616,2016,19,18,75,9,131.5,31.6,5
2016,table2016.csv,180,240,7,40,60,4,0,960,MALAKAS,1616,2016,19,21,75,9,132.5,32.2,5
2016,table2016.csv,180,240,7,30,60,4,0,965,MALAKAS,1616,2016,20,0,70,9,133.4,32.9,5
2016,table2016.csv,180,240,7,30,60,4,1,970,MALAKAS,1616,2016,20,2,70,9,134.1,33.3,5
2016,table2016.csv,180,240,7,30,60,4,0,970,MALAKAS,1616,2016,20,3,65,9,134.6,33.5,5
2016,table2016.csv,180,240,8,30,60,4,1,980,MALAKAS,1616,2016,20,4,55,9,135.1,33.7,4
2016,table2016.csv,150,150,9,0,0,0,0,985,MALAKAS,1616,2016,20,6,50,9,136.1,34.3,4
2016,table2016.csv,90,90,9,0,0,0,1,992,MALAKAS,1616,2016,20,8,45,9,136.8,34.9,3
2016,table2016.csv,90,90,9,0,0,0,0,992,MALAKAS,1616,2016,20,9,45,9,137.1,34.8,3
2016,table2016.csv,0,0,0,0,0,0,0,1006,MALAKAS,1616,2016,20,12,0,9,138.1,34.5,6
2016,table2016.csv,0,0,0,0,0,0,0,1002,MEGI,1617,2016,22,18,0,9,141.1,15.4,2
2016,table2016.csv,0,0,0,0,0,0,0,1000,MEGI,1617,2016,23,0,0,9,140.6,15.7,2
2016,table2016.csv,0,0,0,0,0,0,0,1000,MEGI,1617,2016,23,6,0,9,139.7,16.0,2
2016,table2016.csv,0,0,0,0,0,0,0,998,MEGI,1617,2016,23,12,0,9,138.8,16.4,2
2016,table2016.csv,180,240,1,0,0,0,0,994,MEGI,1617,2016,23,18,35,9,137.6,16.9,3
2016,table2016.csv,180,240,1,0,0,0,0,990,MEGI,1617,2016,24,0,40,9,136.5,17.5,3
2016,table2016.csv,180,240,1,0,0,0,0,980,MEGI,1617,2016,24,6,45,9,135.3,18.3,3
2016,table2016.csv,210,270,1,60,60,9,0,975,MEGI,1617,2016,24,12,55,9,133.9,18.7,4
2016,table2016.csv,210,270,1,60,60,9,0,970,MEGI,1617,2016,24,18,65,9,132.9,19.0,5
2016,table2016.csv,210,270,1,60,60,9,0,970,MEGI,1617,2016,25,0,65,9,131.6,19.5,5
2016,table2016.csv,210,270,1,60,60,9,0,970,MEGI,1617,2016,25,6,65,9,130.3,19.9,5
2016,table2016.csv,240,300,1,80,80,9,0,970,MEGI,1617,2016,25,12,65,9,129.3,20.2,5
2016,table2016.csv,240,300,1,80,80,9,0,970,MEGI,1617,2016,25,18,65,9,128.2,20.6,5
2016,table2016.csv,240,325,1,100,100,9,0,970,MEGI,1617,2016,26,0,65,9,127.3,20.8,5
2016,table2016.csv,240,325,1,100,100,9,0,960,MEGI,1617,2016,26,6,70,9,126.2,21.4,5
2016,table2016.csv,240,325,1,100,100,9,0,960,MEGI,1617,2016,26,9,70,9,125.9,21.6,5
2016,table2016.csv,240,325,1,100,100,9,0,960,MEGI,1617,2016,26,12,70,9,125.3,21.9,5
2016,table2016.csv,240,325,1,100,100,9,0,960,MEGI,1617,2016,26,15,70,9,124.8,22.2,5
2016,table2016.csv,240,325,1,120,120,9,0,950,MEGI,1617,2016,26,18,80,9,124.4,22.5,5
2016,table2016.csv,240,325,1,120,120,9,0,950,MEGI,1617,2016,26,21,80,9,123.7,22.8,5
2016,table2016.csv,240,325,1,120,120,9,0,945,MEGI,1617,2016,27,0,85,9,123.3,23.3,5
2016,table2016.csv,240,325,1,120,120,9,0,945,MEGI,1617,2016,27,3,85,9,122.5,23.7,5
2016,table2016.csv,240,300,1,120,140,1,0,950,MEGI,1617,2016,27,6,80,9,121.6,24.1,5
2016,table2016.csv,240,300,1,120,140,1,0,960,MEGI,1617,2016,27,9,75,9,120.9,23.8,5
2016,table2016.csv,240,300,1,120,140,1,0,965,MEGI,1617,2016,27,12,65,9,120.6,23.9,5
2016,table2016.csv,210,300,1,120,140,1,0,975,MEGI,1617,2016,27,18,55,9,119.6,24.4,4
2016,table2016.csv,210,240,1,0,0,0,0,985,MEGI,1617,2016,28,0,45,9,118.1,25.0,3
2016,table2016.csv,150,210,1,0,0,0,0,990,MEGI,1617,2016,28,6,35,9,117.0,25.3,3
2016,table2016.csv,0,0,0,0,0,0,0,994,MEGI,1617,2016,28,12,0,9,116.7,25.4,2
2016,table2016.csv,0,0,0,0,0,0,0,998,MEGI,1617,2016,28,18,0,9,116.6,25.6,2
2016,table2016.csv,0,0,0,0,0,0,0,1002,MEGI,1617,2016,29,0,0,9,116.5,25.9,2
2016,table2016.csv,0,0,0,0,0,0,0,1002,MEGI,1617,2016,29,6,0,9,117.2,26.5,2
2016,table2016.csv,0,0,0,0,0,0,0,1008,CHABA,1618,2016,24,18,0,9,164.6,14.9,2
2016,table2016.csv,0,0,0,0,0,0,0,1008,CHABA,1618,2016,25,0,0,9,163.4,14.5,2
2016,table2016.csv,0,0,0,0,0,0,0,1008,CHABA,1618,2016,25,6,0,9,162.2,14.7,2
2016,table2016.csv,0,0,0,0,0,0,0,1008,CHABA,1618,2016,25,12,0,9,161.0,15.1,2
2016,table2016.csv,0,0,0,0,0,0,0,1008,CHABA,1618,2016,25,18,0,9,160.0,15.6,2
2016,table2016.csv,0,0,0,0,0,0,0,1008,CHABA,1618,2016,26,0,0,9,159.0,15.9,2
2016,table2016.csv,0,0,0,0,0,0,0,1008,CHABA,1618,2016,26,6,0,9,158.0,15.9,2
2016,table2016.csv,0,0,0,0,0,0,0,1008,CHABA,1618,2016,26,12,0,9,156.2,15.8,2
2016,table2016.csv,0,0,0,0,0,0,0,1008,CHABA,1618,2016,26,18,0,9,154.5,15.3,2
2016,table2016.csv,0,0,0,0,0,0,0,1008,CHABA,1618,2016,27,0,0,9,153.3,14.6,2
2016,table2016.csv,0,0,0,0,0,0,0,1006,CHABA,1618,2016,27,6,0,9,152.0,14.4,2
2016,table2016.csv,0,0,0,0,0,0,0,1004,CHABA,1618,2016,27,12,0,9,151.0,14.3,2
2016,table2016.csv,0,0,0,0,0,0,0,1004,CHABA,1618,2016,27,18,0,9,149.8,14.3,2
2016,table2016.csv,0,0,0,0,0,0,0,1004,CHABA,1618,2016,28,0,0,9,148.1,14.4,2
2016,table2016.csv,0,0,0,0,0,0,0,1004,CHABA,1618,2016,28,6,0,9,146.5,14.4,2
2016,table2016.csv,0,0,0,0,0,0,0,1004,CHABA,1618,2016,28,12,0,9,145.5,14.5,2
2016,table2016.csv,0,0,0,0,0,0,0,1002,CHABA,1618,2016,28,18,0,9,144.4,14.4,2
2016,table2016.csv,0,0,0,0,0,0,0,1002,CHABA,1618,2016,29,0,0,9,143.4,14.3,2
2016,table2016.csv,90,90,9,0,0,0,0,1000,CHABA,1618,2016,29,6,35,9,141.8,13.7,3
2016,table2016.csv,90,90,9,0,0,0,0,1000,CHABA,1618,2016,29,12,35,9,140.5,13.5,3
2016,table2016.csv,90,90,9,0,0,0,0,992,CHABA,1618,2016,29,18,45,9,139.2,13.4,3
2016,table2016.csv,120,120,9,0,0,0,0,990,CHABA,1618,2016,30,0,50,9,138.1,13.8,4
2016,table2016.csv,120,120,9,0,0,0,0,990,CHABA,1618,2016,30,6,50,9,137.4,14.3,4
2016,table2016.csv,120,120,9,0,0,0,0,990,CHABA,1618,2016,30,12,50,9,136.7,14.8,4
2016,table2016.csv,120,120,9,30,30,9,0,985,CHABA,1618,2016,30,18,55,9,136.0,15.4,4
2016,table2016.csv,120,120,9,30,30,9,0,985,CHABA,1618,2016,1,0,55,10,135.2,16.1,4
2016,table2016.csv,120,120,9,30,30,9,0,980,CHABA,1618,2016,1,6,60,10,134.4,16.8,4
2016,table2016.csv,120,150,8,30,30,9,0,970,CHABA,1618,2016,1,12,70,10,133.4,17.6,5
2016,table2016.csv,120,150,8,40,40,9,0,955,CHABA,1618,2016,1,18,80,10,132.6,18.5,5
2016,table2016.csv,120,150,8,50,50,9,0,935,CHABA,1618,2016,2,0,95,10,131.5,19.7,5
2016,table2016.csv,120,150,8,50,50,9,0,935,CHABA,1618,2016,2,6,95,10,130.4,20.8,5
2016,table2016.csv,120,150,8,50,50,9,0,935,CHABA,1618,2016,2,12,95,10,129.2,21.8,5
2016,table2016.csv,120,150,8,50,50,9,0,935,CHABA,1618,2016,2,18,95,10,128.3,22.8,5
2016,table2016.csv,120,150,8,50,50,9,0,935,CHABA,1618,2016,2,21,95,10,127.9,23.3,5
2016,table2016.csv,120,150,8,50,50,9,0,925,CHABA,1618,2016,3,0,100,10,127.6,23.8,5
2016,table2016.csv,120,150,8,50,50,9,0,925,CHABA,1618,2016,3,3,100,10,127.3,24.5,5
2016,table2016.csv,120,150,1,50,50,9,0,915,CHABA,1618,2016,3,6,110,10,127.0,24.9,5
2016,table2016.csv,120,150,1,50,50,9,0,905,CHABA,1618,2016,3,9,115,10,126.9,25.4,5
2016,table2016.csv,120,150,1,50,50,9,0,905,CHABA,1618,2016,3,12,115,10,126.8,25.8,5
2016,table2016.csv,120,150,1,50,50,9,0,905,CHABA,1618,2016,3,15,115,10,126.6,26.2,5
2016,table2016.csv,120,150,1,50,50,9,0,910,CHABA,1618,2016,3,18,110,10,126.4,26.8,5
2016,table2016.csv,120,210,1,60,60,9,0,920,CHABA,1618,2016,3,21,100,10,126.3,27.3,5
2016,table2016.csv,120,210,1,60,60,9,0,925,CHABA,1618,2016,4,0,95,10,126.2,27.9,5
2016,table2016.csv,120,210,1,60,60,9,0,925,CHABA,1618,2016,4,3,95,10,126.1,28.5,5
2016,table2016.csv,120,210,1,60,60,9,0,940,CHABA,1618,2016,4,6,85,10,126.0,29.4,5
2016,table2016.csv,120,210,1,60,60,9,0,950,CHABA,1618,2016,4,9,80,10,125.9,30.2,5
2016,table2016.csv,120,240,1,60,60,9,0,950,CHABA,1618,2016,4,12,80,10,126.0,31.0,5
2016,table2016.csv,120,240,1,50,50,9,0,960,CHABA,1618,2016,4,15,75,10,126.3,31.7,5
2016,table2016.csv,120,240,2,50,50,9,0,965,CHABA,1618,2016,4,18,70,10,126.6,32.7,5
2016,table2016.csv,120,240,2,50,50,9,0,965,CHABA,1618,2016,4,21,70,10,127.2,33.3,5
2016,table2016.csv,120,240,3,30,30,9,0,970,CHABA,1618,2016,5,0,65,10,128.1,34.4,5
2016,table2016.csv,120,240,3,30,30,9,0,985,CHABA,1618,2016,5,3,55,10,129.4,35.4,4
2016,table2016.csv,120,240,3,0,0,0,0,990,CHABA,1618,2016,5,6,50,10,131.1,36.1,4
2016,table2016.csv,150,240,3,0,0,0,0,992,CHABA,1618,2016,5,9,45,10,133.8,37.3,3
2016,table2016.csv,0,0,0,0,0,0,0,996,CHABA,1618,2016,5,12,0,10,136.7,38.7,6
2016,table2016.csv,0,0,0,0,0,0,0,998,CHABA,1618,2016,5,18,0,10,143.4,39.4,6
2016,table2016.csv,0,0,0,0,0,0,0,992,CHABA,1618,2016,6,0,0,10,148.8,41.1,6
2016,table2016.csv,0,0,0,0,0,0,0,988,CHABA,1618,2016,6,6,0,10,153.5,41.8,6
2016,table2016.csv,0,0,0,0,0,0,0,984,CHABA,1618,2016,6,12,0,10,158.7,42.9,6
2016,table2016.csv,0,0,0,0,0,0,0,980,CHABA,1618,2016,6,18,0,10,164.2,44.2,6
2016,table2016.csv,0,0,0,0,0,0,0,972,CHABA,1618,2016,7,0,0,10,170.0,45.7,6
2016,table2016.csv,0,0,0,0,0,0,0,960,CHABA,1618,2016,7,6,0,10,175.1,47.8,6
2016,table2016.csv,0,0,0,0,0,0,0,956,CHABA,1618,2016,7,12,0,10,179.2,50.2,6
2016,table2016.csv,0,0,0,0,0,0,0,956,CHABA,1618,2016,7,18,0,10,182.4,52.0,6
2016,table2016.csv,0,0,0,0,0,0,0,1004,AERE,1619,2016,4,12,0,10,130.0,19.2,2
2016,table2016.csv,0,0,0,0,0,0,0,1002,AERE,1619,2016,4,18,0,10,127.8,19.2,2
2016,table2016.csv,0,0,0,0,0,0,0,1004,AERE,1619,2016,5,0,0,10,126.5,19.0,2
2016,table2016.csv,0,0,0,0,0,0,0,1004,AERE,1619,2016,5,6,0,10,125.5,18.9,2
2016,table2016.csv,0,0,0,0,0,0,0,1002,AERE,1619,2016,5,12,0,10,123.8,19.5,2
2016,table2016.csv,60,60,9,0,0,0,0,998,AERE,1619,2016,5,18,35,10,122.1,20.1,3
2016,table2016.csv,60,60,9,0,0,0,0,998,AERE,1619,2016,6,0,35,10,120.5,20.6,3
2016,table2016.csv,60,60,9,0,0,0,0,998,AERE,1619,2016,6,6,35,10,119.0,20.7,3
2016,table2016.csv,60,60,9,0,0,0,0,994,AERE,1619,2016,6,12,40,10,117.8,20.6,3
2016,table2016.csv,60,60,9,0,0,0,0,994,AERE,1619,2016,6,18,40,10,117.2,20.6,3
2016,table2016.csv,60,60,9,0,0,0,0,992,AERE,1619,2016,7,0,40,10,116.4,20.4,3
2016,table2016.csv,60,90,7,0,0,0,0,985,AERE,1619,2016,7,6,50,10,116.0,20.7,4
2016,table2016.csv,60,90,7,30,30,9,0,980,AERE,1619,2016,7,12,55,10,115.9,21.0,4
2016,table2016.csv,60,90,7,30,30,9,0,975,AERE,1619,2016,7,18,60,10,115.9,21.2,4
2016,table2016.csv,60,90,7,30,30,9,0,980,AERE,1619,2016,8,0,55,10,116.1,21.3,4
2016,table2016.csv,60,90,7,0,0,0,0,985,AERE,1619,2016,8,6,50,10,116.3,21.3,4
2016,table2016.csv,60,90,7,0,0,0,0,990,AERE,1619,2016,8,12,45,10,116.9,21.6,3
2016,table2016.csv,40,90,8,0,0,0,0,992,AERE,1619,2016,8,18,40,10,117.2,21.8,3
2016,table2016.csv,40,90,1,0,0,0,0,996,AERE,1619,2016,9,0,40,10,117.4,21.6,3
2016,table2016.csv,90,120,1,0,0,0,0,996,AERE,1619,2016,9,6,40,10,117.8,21.3,3
2016,table2016.csv,90,90,9,0,0,0,0,998,AERE,1619,2016,9,12,35,10,117.9,21.6,3
2016,table2016.csv,60,60,9,0,0,0,0,998,AERE,1619,2016,9,18,35,10,117.9,21.8,3
2016,table2016.csv,0,0,0,0,0,0,0,1004,AERE,1619,2016,10,0,0,10,118.0,22.1,2
2016,table2016.csv,0,0,0,0,0,0,0,1008,SONGDA,1620,2016,3,18,0,10,180.5,16.4,7
2016,table2016.csv,0,0,0,0,0,0,0,1008,SONGDA,1620,2016,4,0,0,10,178.8,16.5,2
2016,table2016.csv,0,0,0,0,0,0,0,1006,SONGDA,1620,2016,4,6,0,10,177.6,16.4,2
2016,table2016.csv,0,0,0,0,0,0,0,1006,SONGDA,1620,2016,4,12,0,10,176.7,16.6,2
2016,table2016.csv,0,0,0,0,0,0,0,1006,SONGDA,1620,2016,4,18,0,10,175.9,17.3,2
2016,table2016.csv,0,0,0,0,0,0,0,1008,SONGDA,1620,2016,5,0,0,10,174.7,18.0,2
2016,table2016.csv,0,0,0,0,0,0,0,1008,SONGDA,1620,2016,5,6,0,10,173.1,18.1,2
2016,table2016.csv,0,0,0,0,0,0,0,1008,SONGDA,1620,2016,5,12,0,10,171.5,18.0,2
2016,table2016.csv,0,0,0,0,0,0,0,1006,SONGDA,1620,2016,5,18,0,10,170.3,17.9,2
2016,table2016.csv,0,0,0,0,0,0,0,1008,SONGDA,1620,2016,6,0,0,10,168.7,17.9,2
2016,table2016.csv,0,0,0,0,0,0,0,1006,SONGDA,1620,2016,6,6,0,10,167.0,18.0,2
2016,table2016.csv,0,0,0,0,0,0,0,1008,SONGDA,1620,2016,6,12,0,10,165.5,18.0,2
2016,table2016.csv,0,0,0,0,0,0,0,1008,SONGDA,1620,2016,6,18,0,10,164.4,18.1,2
2016,table2016.csv,0,0,0,0,0,0,0,1008,SONGDA,1620,2016,7,0,0,10,163.4,18.2,2
2016,table2016.csv,0,0,0,0,0,0,0,1006,SONGDA,1620,2016,7,6,0,10,161.8,18.6,2
2016,table2016.csv,0,0,0,0,0,0,0,1006,SONGDA,1620,2016,7,12,0,10,160.4,18.9,2
2016,table2016.csv,0,0,0,0,0,0,0,1006,SONGDA,1620,2016,7,18,0,10,158.7,19.2,2
2016,table2016.csv,0,0,0,0,0,0,0,1004,SONGDA,1620,2016,8,0,0,10,157.3,19.3,2
2016,table2016.csv,0,0,0,0,0,0,0,1002,SONGDA,1620,2016,8,6,0,10,155.8,19.5,2
2016,table2016.csv,90,90,9,0,0,0,0,1000,SONGDA,1620,2016,8,12,35,10,154.4,19.9,3
2016,table2016.csv,90,90,9,0,0,0,0,1000,SONGDA,1620,2016,8,18,35,10,152.7,20.6,3
2016,table2016.csv,90,90,9,0,0,0,0,1000,SONGDA,1620,2016,9,0,35,10,151.3,21.2,3
2016,table2016.csv,90,90,9,0,0,0,0,996,SONGDA,1620,2016,9,6,40,10,150.0,22.1,3
2016,table2016.csv,90,90,9,0,0,0,0,990,SONGDA,1620,2016,9,12,45,10,148.5,23.2,3
2016,table2016.csv,120,120,9,40,40,9,0,980,SONGDA,1620,2016,9,18,55,10,147.3,24.0,4
2016,table2016.csv,120,120,9,40,40,9,0,970,SONGDA,1620,2016,10,0,65,10,146.4,24.7,5
2016,table2016.csv,150,150,9,40,40,9,0,955,SONGDA,1620,2016,10,6,80,10,145.9,25.5,5
2016,table2016.csv,150,180,1,60,60,9,0,940,SONGDA,1620,2016,10,12,90,10,145.8,26.3,5
2016,table2016.csv,150,180,1,60,60,9,0,930,SONGDA,1620,2016,10,18,95,10,145.8,27.2,5
2016,table2016.csv,150,180,1,60,60,9,0,935,SONGDA,1620,2016,11,0,90,10,146.0,27.8,5
2016,table2016.csv,120,150,1,60,60,9,0,935,SONGDA,1620,2016,11,6,90,10,146.7,28.5,5
2016,table2016.csv,120,150,1,60,60,9,0,930,SONGDA,1620,2016,11,12,95,10,147.5,29.2,5
2016,table2016.csv,120,150,1,60,60,9,0,925,SONGDA,1620,2016,11,18,100,10,148.9,30.3,5
2016,table2016.csv,120,150,1,60,60,9,0,925,SONGDA,1620,2016,12,0,100,10,151.0,31.3,5
2016,table2016.csv,90,130,3,50,50,9,0,935,SONGDA,1620,2016,12,6,90,10,153.7,32.6,5
2016,table2016.csv,90,130,3,50,50,9,0,945,SONGDA,1620,2016,12,12,85,10,156.8,33.9,5
2016,table2016.csv,90,150,3,50,50,9,0,955,SONGDA,1620,2016,12,18,75,10,161.1,35.8,5
2016,table2016.csv,120,180,3,50,50,9,0,970,SONGDA,1620,2016,13,0,65,10,166.3,38.1,5
2016,table2016.csv,0,0,0,0,0,0,0,988,SONGDA,1620,2016,13,6,0,10,171.1,40.3,6
2016,table2016.csv,0,0,0,0,0,0,0,992,SONGDA,1620,2016,13,12,0,10,176.5,41.7,6
2016,table2016.csv,0,0,0,0,0,0,0,996,SONGDA,1620,2016,13,18,0,10,183.6,42.1,6
2016,table2016.csv,0,0,0,0,0,0,0,1004,SARIKA,1621,2016,13,0,0,10,129.4,12.9,2
2016,table2016.csv,0,0,0,0,0,0,0,1004,SARIKA,1621,2016,13,6,0,10,128.9,13.1,2
2016,table2016.csv,0,0,0,0,0,0,0,1002,SARIKA,1621,2016,13,12,0,10,128.1,13.3,2
2016,table2016.csv,60,120,8,0,0,0,0,998,SARIKA,1621,2016,13,18,35,10,127.3,13.5,3
2016,table2016.csv,60,120,8,0,0,0,0,994,SARIKA,1621,2016,14,0,40,10,126.7,13.6,3
2016,table2016.csv,90,120,8,0,0,0,0,990,SARIKA,1621,2016,14,6,45,10,126.3,13.7,3
2016,table2016.csv,120,120,9,40,40,9,0,980,SARIKA,1621,2016,14,12,55,10,125.9,13.8,4
2016,table2016.csv,120,120,9,40,40,9,0,980,SARIKA,1621,2016,14,18,55,10,125.4,14.0,4
2016,table2016.csv,120,120,9,40,40,9,0,970,SARIKA,1621,2016,15,0,65,10,124.6,14.3,5
2016,table2016.csv,150,150,9,40,40,9,0,955,SARIKA,1621,2016,15,6,80,10,123.9,14.7,5
2016,table2016.csv,150,150,9,50,50,9,0,950,SARIKA,1621,2016,15,12,85,10,123.0,15.1,5
2016,table2016.csv,150,150,9,60,60,9,0,935,SARIKA,1621,2016,15,18,95,10,121.8,15.8,5
2016,table2016.csv,150,210,8,50,50,9,0,965,SARIKA,1621,2016,16,0,75,10,119.8,16.2,5
2016,table2016.csv,150,210,8,50,50,9,0,965,SARIKA,1621,2016,16,6,70,10,118.4,16.6,5
2016,table2016.csv,150,210,8,50,50,9,0,970,SARIKA,1621,2016,16,12,65,10,117.2,16.8,5
2016,table2016.csv,150,210,1,50,50,9,0,970,SARIKA,1621,2016,16,18,65,10,115.5,16.8,5
2016,table2016.csv,150,210,1,50,50,9,0,970,SARIKA,1621,2016,17,0,60,10,114.3,17.0,4
2016,table2016.csv,150,210,1,50,50,9,0,970,SARIKA,1621,2016,17,6,60,10,113.1,17.4,4
2016,table2016.csv,150,210,1,50,50,9,0,970,SARIKA,1621,2016,17,12,60,10,112.3,17.6,4
2016,table2016.csv,150,210,8,60,60,9,0,970,SARIKA,1621,2016,17,18,60,10,111.5,18.0,4
2016,table2016.csv,150,180,8,60,60,9,0,970,SARIKA,1621,2016,18,0,60,10,110.7,18.6,4
2016,table2016.csv,150,150,9,60,60,9,0,975,SARIKA,1621,2016,18,6,55,10,110.0,19.1,4
2016,table2016.csv,120,120,9,0,0,0,0,985,SARIKA,1621,2016,18,12,45,10,109.3,19.7,3
2016,table2016.csv,120,120,9,0,0,0,0,990,SARIKA,1621,2016,18,18,40,10,108.8,20.3,3
2016,table2016.csv,60,90,4,0,0,0,0,994,SARIKA,1621,2016,19,0,35,10,108.4,21.0,3
2016,table2016.csv,0,0,0,0,0,0,0,996,SARIKA,1621,2016,19,6,0,10,108.1,21.7,2
2016,table2016.csv,0,0,0,0,0,0,0,1000,SARIKA,1621,2016,19,12,0,10,108.0,22.0,2
2016,table2016.csv,0,0,0,0,0,0,0,1004,SARIKA,1621,2016,19,18,0,10,108.0,22.4,2
2016,table2016.csv,0,0,0,0,0,0,0,1004,HAIMA,1622,2016,14,12,0,10,144.5,7.4,2
2016,table2016.csv,0,0,0,0,0,0,0,1004,HAIMA,1622,2016,14,18,0,10,143.6,8.2,2
2016,table2016.csv,120,120,9,0,0,0,0,1000,HAIMA,1622,2016,15,0,35,10,142.9,8.8,3
2016,table2016.csv,120,120,9,0,0,0,0,996,HAIMA,1622,2016,15,6,40,10,142.1,9.1,3
2016,table2016.csv,120,120,9,0,0,0,0,992,HAIMA,1622,2016,15,12,45,10,140.7,9.5,3
2016,table2016.csv,120,120,9,0,0,0,0,985,HAIMA,1622,2016,15,18,50,10,140.0,9.7,4
2016,table2016.csv,150,150,9,50,50,9,0,980,HAIMA,1622,2016,16,0,55,10,139.6,9.9,4
2016,table2016.csv,150,150,9,50,50,9,0,975,HAIMA,1622,2016,16,6,65,10,139.1,10.4,5
2016,table2016.csv,150,150,9,50,50,9,0,970,HAIMA,1622,2016,16,12,70,10,138.7,11.3,5
2016,table2016.csv,150,150,9,50,50,9,0,960,HAIMA,1622,2016,16,18,80,10,137.8,12.3,5
2016,table2016.csv,180,180,9,60,60,9,0,955,HAIMA,1622,2016,17,0,85,10,136.7,12.9,5
2016,table2016.csv,180,180,9,60,60,9,0,950,HAIMA,1622,2016,17,6,90,10,135.5,13.4,5
2016,table2016.csv,180,180,9,60,60,9,0,945,HAIMA,1622,2016,17,12,95,10,134.5,13.8,5
2016,table2016.csv,180,180,9,60,60,9,0,925,HAIMA,1622,2016,17,18,100,10,133.3,14.4,5
2016,table2016.csv,220,220,9,80,80,9,0,925,HAIMA,1622,2016,18,0,100,10,132.1,14.9,5
2016,table2016.csv,220,220,9,80,80,9,0,915,HAIMA,1622,2016,18,6,105,10,130.7,15.4,5
2016,table2016.csv,250,250,9,100,100,9,0,910,HAIMA,1622,2016,18,12,110,10,129.1,15.6,5
2016,table2016.csv,250,250,9,100,100,9,0,900,HAIMA,1622,2016,18,18,115,10,127.5,16.0,5
2016,table2016.csv,250,250,9,100,100,9,0,900,HAIMA,1622,2016,19,0,115,10,126.0,16.1,5
2016,table2016.csv,250,250,9,100,100,9,0,900,HAIMA,1622,2016,19,6,115,10,124.7,16.7,5
2016,table2016.csv,250,250,9,100,100,9,0,915,HAIMA,1622,2016,19,12,100,10,123.1,17.3,5
2016,table2016.csv,250,250,9,100,100,9,0,940,HAIMA,1622,2016,19,18,90,10,121.5,17.7,5
2016,table2016.csv,270,270,9,100,100,9,0,945,HAIMA,1622,2016,20,0,80,10,120.1,18.4,5
2016,table2016.csv,270,270,9,100,100,9,0,950,HAIMA,1622,2016,20,6,75,10,118.8,19.0,5
2016,table2016.csv,240,240,9,100,100,9,0,960,HAIMA,1622,2016,20,12,70,10,117.4,19.8,5
2016,table2016.csv,150,240,2,100,100,9,0,960,HAIMA,1622,2016,20,18,70,10,116.6,20.6,5
2016,table2016.csv,150,240,2,80,80,9,0,970,HAIMA,1622,2016,21,0,60,10,115.6,22.1,4
2016,table2016.csv,150,180,2,0,0,0,0,980,HAIMA,1622,2016,21,6,45,10,115.1,23.2,3
2016,table2016.csv,120,150,2,0,0,0,0,992,HAIMA,1622,2016,21,12,35,10,114.7,24.3,3
2016,table2016.csv,0,0,0,0,0,0,0,998,HAIMA,1622,2016,21,18,0,10,115.5,25.9,2
2016,table2016.csv,0,0,0,0,0,0,0,1004,HAIMA,1622,2016,22,0,0,10,116.4,27.4,6
2016,table2016.csv,0,0,0,0,0,0,0,1004,HAIMA,1622,2016,22,6,0,10,119.4,28.9,6
2016,table2016.csv,0,0,0,0,0,0,0,1004,HAIMA,1622,2016,22,12,0,10,121.4,30.2,6
2016,table2016.csv,0,0,0,0,0,0,0,1004,HAIMA,1622,2016,22,18,0,10,123.1,30.5,6
2016,table2016.csv,0,0,0,0,0,0,0,1002,HAIMA,1622,2016,23,0,0,10,126.1,29.9,6
2016,table2016.csv,0,0,0,0,0,0,0,1002,HAIMA,1622,2016,23,6,0,10,129.3,29.4,6
2016,table2016.csv,0,0,0,0,0,0,0,1002,HAIMA,1622,2016,23,12,0,10,133.5,29.4,6
2016,table2016.csv,0,0,0,0,0,0,0,1000,HAIMA,1622,2016,23,18,0,10,136.6,29.5,6
2016,table2016.csv,0,0,0,0,0,0,0,1002,HAIMA,1622,2016,24,0,0,10,140.2,29.2,6
2016,table2016.csv,0,0,0,0,0,0,0,1002,HAIMA,1622,2016,24,6,0,10,142.5,28.9,6
2016,table2016.csv,0,0,0,0,0,0,0,1006,HAIMA,1622,2016,24,12,0,10,145.2,28.7,6
2016,table2016.csv,0,0,0,0,0,0,0,1008,HAIMA,1622,2016,24,18,0,10,147.1,28.3,6
2016,table2016.csv,0,0,0,0,0,0,0,1012,HAIMA,1622,2016,25,0,0,10,146.0,27.5,6
2016,table2016.csv,0,0,0,0,0,0,0,1010,HAIMA,1622,2016,25,6,0,10,144.9,26.7,6
2016,table2016.csv,0,0,0,0,0,0,0,1012,HAIMA,1622,2016,25,12,0,10,144.7,26.9,6
2016,table2016.csv,0,0,0,0,0,0,0,1012,HAIMA,1622,2016,25,18,0,10,144.4,27.1,6
2016,table2016.csv,0,0,0,0,0,0,0,1014,HAIMA,1622,2016,26,0,0,10,145.0,27.3,6
2016,table2016.csv,0,0,0,0,0,0,0,1012,HAIMA,1622,2016,26,6,0,10,145.4,27.8,6
2016,table2016.csv,0,0,0,0,0,0,0,1004,MEARI,1623,2016,30,18,0,10,146.9,10.1,2
2016,table2016.csv,0,0,0,0,0,0,0,1004,MEARI,1623,2016,31,0,0,10,146.2,10.5,2
2016,table2016.csv,0,0,0,0,0,0,0,1002,MEARI,1623,2016,31,6,0,10,145.2,10.5,2
2016,table2016.csv,0,0,0,0,0,0,0,1002,MEARI,1623,2016,31,12,0,10,144.1,10.3,2
2016,table2016.csv,0,0,0,0,0,0,0,1002,MEARI,1623,2016,31,18,0,10,143.5,10.3,2
2016,table2016.csv,0,0,0,0,0,0,0,1002,MEARI,1623,2016,1,0,0,11,142.5,10.5,2
2016,table2016.csv,0,0,0,0,0,0,0,1000,MEARI,1623,2016,1,6,0,11,141.6,10.9,2
2016,table2016.csv,0,0,0,0,0,0,0,1000,MEARI,1623,2016,1,12,0,11,139.9,11.7,2
2016,table2016.csv,0,0,0,0,0,0,0,1000,MEARI,1623,2016,1,18,0,11,138.7,11.8,2
2016,table2016.csv,0,0,0,0,0,0,0,1000,MEARI,1623,2016,2,0,0,11,138.1,12.3,2
2016,table2016.csv,0,0,0,0,0,0,0,1000,MEARI,1623,2016,2,6,0,11,137.8,12.6,2
2016,table2016.csv,0,0,0,0,0,0,0,1000,MEARI,1623,2016,2,12,0,11,137.6,12.9,2
2016,table2016.csv,0,0,0,0,0,0,0,998,MEARI,1623,2016,2,18,0,11,137.4,13.1,2
2016,table2016.csv,90,90,9,0,0,0,0,996,MEARI,1623,2016,3,0,35,11,137.3,13.3,3
2016,table2016.csv,90,90,9,0,0,0,0,996,MEARI,1623,2016,3,6,35,11,137.3,13.7,3
2016,table2016.csv,120,120,9,0,0,0,0,996,MEARI,1623,2016,3,12,35,11,137.4,14.0,3
2016,table2016.csv,120,120,9,0,0,0,0,992,MEARI,1623,2016,3,18,40,11,137.9,14.3,3
2016,table2016.csv,150,150,9,0,0,0,0,990,MEARI,1623,2016,4,0,45,11,138.8,15.0,3
2016,table2016.csv,150,150,9,40,40,9,0,985,MEARI,1623,2016,4,6,55,11,139.1,15.6,4
2016,table2016.csv,150,180,4,40,40,9,0,985,MEARI,1623,2016,4,12,55,11,139.3,16.2,4
2016,table2016.csv,150,180,4,40,40,9,0,975,MEARI,1623,2016,4,18,60,11,139.4,16.8,4
2016,table2016.csv,150,210,3,50,50,9,0,970,MEARI,1623,2016,5,0,65,11,139.9,17.2,5
2016,table2016.csv,150,210,2,50,50,9,0,965,MEARI,1623,2016,5,6,70,11,140.3,17.5,5
2016,table2016.csv,180,210,2,60,60,9,0,960,MEARI,1623,2016,5,12,75,11,140.7,18.3,5
2016,table2016.csv,180,210,2,60,60,9,0,960,MEARI,1623,2016,5,18,75,11,141.8,18.6,5
2016,table2016.csv,210,210,9,60,60,9,0,960,MEARI,1623,2016,6,0,75,11,142.5,19.5,5
2016,table2016.csv,210,210,9,60,60,9,0,960,MEARI,1623,2016,6,6,75,11,143.6,20.7,5
2016,table2016.csv,210,210,9,60,60,9,0,960,MEARI,1623,2016,6,12,75,11,144.8,22.2,5
2016,table2016.csv,180,240,7,60,80,7,0,965,MEARI,1623,2016,6,18,70,11,146.1,24.3,5
2016,table2016.csv,150,270,7,40,100,7,0,970,MEARI,1623,2016,7,0,65,11,147.0,27.3,5
2016,table2016.csv,0,0,0,0,0,0,0,976,MEARI,1623,2016,7,6,0,11,147.5,28.3,6
2016,table2016.csv,0,0,0,0,0,0,0,980,MEARI,1623,2016,7,12,0,11,148.0,28.8,6
2016,table2016.csv,0,0,0,0,0,0,0,984,MEARI,1623,2016,7,18,0,11,149.1,29.2,6
2016,table2016.csv,0,0,0,0,0,0,0,988,MEARI,1623,2016,8,0,0,11,150.5,30.6,6
2016,table2016.csv,0,0,0,0,0,0,0,992,MEARI,1623,2016,8,6,0,11,152.2,31.9,6
2016,table2016.csv,0,0,0,0,0,0,0,996,MEARI,1623,2016,8,12,0,11,154.6,33.3,6
2016,table2016.csv,0,0,0,0,0,0,0,998,MEARI,1623,2016,8,18,0,11,157.1,34.9,6
2016,table2016.csv,0,0,0,0,0,0,0,1000,MEARI,1623,2016,9,0,0,11,161.0,36.5,6
2016,table2016.csv,0,0,0,0,0,0,0,1002,MEARI,1623,2016,9,6,0,11,163.0,37.7,6
2016,table2016.csv,0,0,0,0,0,0,0,1002,MEARI,1623,2016,9,12,0,11,164.0,38.4,6
2016,table2016.csv,0,0,0,0,0,0,0,1004,MEARI,1623,2016,9,18,0,11,165.5,39.0,6
2016,table2016.csv,0,0,0,0,0,0,0,1008,MA-ON,1624,2016,8,18,0,11,161.4,12.8,2
2016,table2016.csv,0,0,0,0,0,0,0,1006,MA-ON,1624,2016,9,0,0,11,160.4,13.4,2
2016,table2016.csv,0,0,0,0,0,0,0,1006,MA-ON,1624,2016,9,6,0,11,159.7,14.6,2
2016,table2016.csv,0,0,0,0,0,0,0,1006,MA-ON,1624,2016,9,12,0,11,158.5,15.8,2
2016,table2016.csv,0,0,0,0,0,0,0,1002,MA-ON,1624,2016,9,18,0,11,157.7,16.3,2
2016,table2016.csv,60,90,2,0,0,0,0,1002,MA-ON,1624,2016,10,0,35,11,156.9,16.9,3
2016,table2016.csv,60,90,2,0,0,0,0,1002,MA-ON,1624,2016,10,6,35,11,155.9,17.3,3
2016,table2016.csv,60,90,2,0,0,0,0,1002,MA-ON,1624,2016,10,12,35,11,154.5,17.5,3
2016,table2016.csv,90,90,9,0,0,0,0,1002,MA-ON,1624,2016,10,18,35,11,153.5,17.9,3
2016,table2016.csv,90,90,9,0,0,0,0,1002,MA-ON,1624,2016,11,0,35,11,152.3,18.3,3
2016,table2016.csv,90,90,9,0,0,0,0,1002,MA-ON,1624,2016,11,6,35,11,150.9,19.1,3
2016,table2016.csv,60,90,2,0,0,0,0,1004,MA-ON,1624,2016,11,12,35,11,148.1,19.9,3
2016,table2016.csv,60,90,2,0,0,0,0,1004,MA-ON,1624,2016,11,18,35,11,146.8,20.7,3
2016,table2016.csv,0,0,0,0,0,0,0,1006,MA-ON,1624,2016,12,0,0,11,145.5,20.8,2
2016,table2016.csv,0,0,0,0,0,0,0,1008,MA-ON,1624,2016,12,6,0,11,144.7,21.6,2
2016,table2016.csv,0,0,0,0,0,0,0,1012,MA-ON,1624,2016,12,12,0,11,143.4,21.4,2
2016,table2016.csv,0,0,0,0,0,0,0,1010,MA-ON,1624,2016,12,18,0,11,142.4,21.4,2
2016,table2016.csv,0,0,0,0,0,0,0,1014,MA-ON,1624,2016,13,0,0,11,141.4,21.3,2
2016,table2016.csv,0,0,0,0,0,0,0,1006,TOKAGE,1625,2016,24,0,0,11,126.8,9.7,2
2016,table2016.csv,0,0,0,0,0,0,0,1004,TOKAGE,1625,2016,24,6,0,11,125.5,10.4,2
2016,table2016.csv,0,0,0,0,0,0,0,1002,TOKAGE,1625,2016,24,12,0,11,124.3,10.8,2
2016,table2016.csv,0,0,0,0,0,0,0,1000,TOKAGE,1625,2016,24,18,0,11,123.2,11.0,2
2016,table2016.csv,0,0,0,0,0,0,0,1000,TOKAGE,1625,2016,25,0,0,11,122.5,11.4,2
2016,table2016.csv,0,0,0,0,0,0,0,1000,TOKAGE,1625,2016,25,6,0,11,121.3,11.5,2
2016,table2016.csv,80,80,9,0,0,0,0,998,TOKAGE,1625,2016,25,12,35,11,120.7,11.7,3
2016,table2016.csv,100,100,9,0,0,0,0,994,TOKAGE,1625,2016,25,18,45,11,119.9,12.6,3
2016,table2016.csv,120,120,9,0,0,0,0,992,TOKAGE,1625,2016,26,0,50,11,118.7,13.2,4
2016,table2016.csv,120,120,9,0,0,0,0,994,TOKAGE,1625,2016,26,6,45,11,117.7,13.8,3
2016,table2016.csv,120,120,9,0,0,0,0,994,TOKAGE,1625,2016,26,12,45,11,117.4,14.3,3
2016,table2016.csv,120,120,9,0,0,0,0,994,TOKAGE,1625,2016,26,18,45,11,117.3,14.8,3
2016,table2016.csv,120,120,9,0,0,0,0,994,TOKAGE,1625,2016,27,0,45,11,117.6,15.7,3
2016,table2016.csv,120,120,9,0,0,0,0,994,TOKAGE,1625,2016,27,6,45,11,118.0,16.4,3
2016,table2016.csv,120,120,9,0,0,0,0,994,TOKAGE,1625,2016,27,12,45,11,118.2,16.8,3
2016,table2016.csv,100,100,9,0,0,0,0,1000,TOKAGE,1625,2016,27,18,35,11,118.5,17.0,3
2016,table2016.csv,0,0,0,0,0,0,0,1006,TOKAGE,1625,2016,28,0,0,11,118.7,17.1,2
2016,table2016.csv,0,0,0,0,0,0,0,1004,NOCK-TEN,1626,2016,20,12,0,12,144.5,6.2,2
2016,table2016.csv,0,0,0,0,0,0,0,1004,NOCK-TEN,1626,2016,20,18,0,12,143.4,6.2,2
2016,table2016.csv,0,0,0,0,0,0,0,1004,NOCK-TEN,1626,2016,21,0,0,12,142.4,6.3,2
2016,table2016.csv,0,0,0,0,0,0,0,1002,NOCK-TEN,1626,2016,21,6,0,12,141.7,6.4,2
2016,table2016.csv,0,0,0,0,0,0,0,1004,NOCK-TEN,1626,2016,21,12,0,12,140.9,6.8,2
2016,table2016.csv,60,60,9,0,0,0,0,998,NOCK-TEN,1626,2016,21,18,35,12,140.0,7.8,3
2016,table2016.csv,60,60,9,0,0,0,0,994,NOCK-TEN,1626,2016,22,0,40,12,139.1,8.6,3
2016,table2016.csv,60,60,9,0,0,0,0,994,NOCK-TEN,1626,2016,22,6,40,12,137.8,9.4,3
2016,table2016.csv,60,60,9,0,0,0,0,992,NOCK-TEN,1626,2016,22,12,45,12,136.3,10.2,3
2016,table2016.csv,90,120,1,30,30,9,0,985,NOCK-TEN,1626,2016,22,18,55,12,134.8,11.1,4
2016,table2016.csv,90,120,1,30,30,9,0,985,NOCK-TEN,1626,2016,23,0,55,12,133.3,11.7,4
2016,table2016.csv,90,150,8,40,40,9,0,970,NOCK-TEN,1626,2016,23,6,70,12,132.1,11.9,5
2016,table2016.csv,90,150,8,40,40,9,0,955,NOCK-TEN,1626,2016,23,12,80,12,131.0,12.6,5
2016,table2016.csv,90,150,8,40,40,9,0,950,NOCK-TEN,1626,2016,23,18,85,12,129.9,13.0,5
2016,table2016.csv,90,180,8,40,40,9,0,935,NOCK-TEN,1626,2016,24,0,95,12,128.9,13.1,5
2016,table2016.csv,90,180,8,40,40,9,0,915,NOCK-TEN,1626,2016,24,6,105,12,128.2,13.3,5
2016,table2016.csv,90,180,8,40,40,9,0,915,NOCK-TEN,1626,2016,24,12,105,12,127.5,13.4,5
2016,table2016.csv,90,180,8,40,40,9,0,915,NOCK-TEN,1626,2016,24,18,105,12,126.7,13.6,5
2016,table2016.csv,90,180,8,40,40,9,0,915,NOCK-TEN,1626,2016,25,0,105,12,126.0,13.5,5
2016,table2016.csv,90,180,8,40,40,9,0,925,NOCK-TEN,1626,2016,25,6,100,12,125.1,13.5,5
2016,table2016.csv,90,180,8,40,40,9,0,925,NOCK-TEN,1626,2016,25,12,100,12,124.0,13.5,5
2016,table2016.csv,90,120,8,40,40,9,0,950,NOCK-TEN,1626,2016,25,18,85,12,122.8,13.5,5
2016,table2016.csv,90,120,8,40,40,9,0,950,NOCK-TEN,1626,2016,26,0,85,12,121.4,13.6,5
2016,table2016.csv,80,80,9,30,30,9,0,970,NOCK-TEN,1626,2016,26,6,70,12,119.7,14.1,5
2016,table2016.csv,80,80,9,30,30,9,0,970,NOCK-TEN,1626,2016,26,12,70,12,118.4,14.4,5
2016,table2016.csv,80,80,9,30,30,9,0,975,NOCK-TEN,1626,2016,26,18,65,12,117.0,14.8,5
2016,table2016.csv,80,80,9,30,30,9,0,980,NOCK-TEN,1626,2016,27,0,60,12,116.3,15.0,4
2016,table2016.csv,80,80,9,0,0,0,0,985,NOCK-TEN,1626,2016,27,6,50,12,116.0,14.7,4
2016,table2016.csv,80,80,9,0,0,0,0,996,NOCK-TEN,1626,2016,27,12,40,12,115.5,14.2,3
2016,table2016.csv,0,0,0,0,0,0,0,1004,NOCK-TEN,1626,2016,27,18,0,12,114.7,13.3,2
2016,table2016.csv,0,0,0,0,0,0,0,1006,NOCK-TEN,1626,2016,28,0,0,12,113.3,13.0,2
2016,table2016.csv,0,0,0,0,0,0,0,1006,NOCK-TEN,1626,2016,28,6,0,12,112.3,11.9,2
2016,table2016.csv,0,0,0,0,0,0,0,1008,NOCK-TEN,1626,2016,28,12,0,12,111.4,11.2,2
2017,table2017.csv,0,0,0,0,0,0,0,1006,MUIFA,1701,2017,22,18,0,4,143.9,8.6,2
2017,table2017.csv,0,0,0,0,0,0,0,1006,MUIFA,1701,2017,23,0,0,4,143.2,9.2,2
2017,table2017.csv,0,0,0,0,0,0,0,1006,MUIFA,1701,2017,23,6,0,4,142.4,9.9,2
2017,table2017.csv,0,0,0,0,0,0,0,1006,MUIFA,1701,2017,23,12,0,4,141.7,10.6,2
2017,table2017.csv,0,0,0,0,0,0,0,1006,MUIFA,1701,2017,23,18,0,4,140.8,11.2,2
2017,table2017.csv,0,0,0,0,0,0,0,1006,MUIFA,1701,2017,24,0,0,4,139.7,11.8,2
2017,table2017.csv,0,0,0,0,0,0,0,1004,MUIFA,1701,2017,24,6,0,4,138.8,12.1,2
2017,table2017.csv,0,0,0,0,0,0,0,1004,MUIFA,1701,2017,24,12,0,4,138.2,12.4,2
2017,table2017.csv,0,0,0,0,0,0,0,1004,MUIFA,1701,2017,24,18,0,4,137.5,12.5,2
2017,table2017.csv,0,0,0,0,0,0,0,1004,MUIFA,1701,2017,25,0,0,4,137.0,12.7,2
2017,table2017.csv,0,0,0,0,0,0,0,1004,MUIFA,1701,2017,25,6,0,4,136.6,12.8,2
2017,table2017.csv,0,0,0,0,0,0,0,1004,MUIFA,1701,2017,25,12,0,4,136.4,12.9,2
2017,table2017.csv,90,120,2,0,0,0,0,1002,MUIFA,1701,2017,25,18,35,4,136.0,13.1,3
2017,table2017.csv,90,120,2,0,0,0,0,1002,MUIFA,1701,2017,26,0,35,4,135.7,13.2,3
2017,table2017.csv,90,120,2,0,0,0,0,1002,MUIFA,1701,2017,26,6,35,4,134.8,13.6,3
2017,table2017.csv,90,120,2,0,0,0,0,1002,MUIFA,1701,2017,26,12,35,4,134.4,14.0,3
2017,table2017.csv,90,120,2,0,0,0,0,1002,MUIFA,1701,2017,26,18,35,4,134.4,14.4,3
2017,table2017.csv,90,120,2,0,0,0,0,1002,MUIFA,1701,2017,27,0,35,4,134.4,14.8,3
2017,table2017.csv,0,0,0,0,0,0,0,1004,MUIFA,1701,2017,27,6,0,4,134.7,15.9,2
2017,table2017.csv,0,0,0,0,0,0,0,1006,MUIFA,1701,2017,27,12,0,4,134.7,17.0,2
2017,table2017.csv,0,0,0,0,0,0,0,1006,MUIFA,1701,2017,27,18,0,4,134.8,17.8,2
2017,table2017.csv,0,0,0,0,0,0,0,1008,MUIFA,1701,2017,28,0,0,4,135.5,18.4,2
2017,table2017.csv,0,0,0,0,0,0,0,1008,MUIFA,1701,2017,28,6,0,4,136.3,19.0,2
2017,table2017.csv,0,0,0,0,0,0,0,1008,MUIFA,1701,2017,28,12,0,4,137.7,19.9,2
2017,table2017.csv,0,0,0,0,0,0,0,1008,MUIFA,1701,2017,28,18,0,4,139.0,20.8,2
2017,table2017.csv,0,0,0,0,0,0,0,1008,MUIFA,1701,2017,29,0,0,4,140.2,21.5,2
2017,table2017.csv,0,0,0,0,0,0,0,1008,MUIFA,1701,2017,29,6,0,4,141.8,22.7,2
2017,table2017.csv,0,0,0,0,0,0,0,1006,MERBOK,1702,2017,10,0,0,6,119.0,13.0,2
2017,table2017.csv,0,0,0,0,0,0,0,1006,MERBOK,1702,2017,10,6,0,6,118.5,13.4,2
2017,table2017.csv,0,0,0,0,0,0,0,1006,MERBOK,1702,2017,10,12,0,6,117.8,14.0,2
2017,table2017.csv,0,0,0,0,0,0,0,1004,MERBOK,1702,2017,10,18,0,6,117.3,15.0,2
2017,table2017.csv,80,80,9,0,0,0,0,1002,MERBOK,1702,2017,11,0,35,6,116.8,16.0,3
2017,table2017.csv,80,100,2,0,0,0,0,1002,MERBOK,1702,2017,11,6,35,6,116.6,17.1,3
2017,table2017.csv,80,100,2,0,0,0,0,1002,MERBOK,1702,2017,11,12,35,6,116.2,18.1,3
2017,table2017.csv,80,100,2,0,0,0,0,998,MERBOK,1702,2017,11,18,40,6,115.6,19.3,3
2017,table2017.csv,80,100,2,0,0,0,0,994,MERBOK,1702,2017,12,0,45,6,114.9,20.1,3
2017,table2017.csv,80,100,2,0,0,0,0,990,MERBOK,1702,2017,12,6,50,6,114.5,21.2,4
2017,table2017.csv,80,100,2,40,40,9,0,985,MERBOK,1702,2017,12,12,55,6,114.4,22.0,4
2017,table2017.csv,80,100,2,0,0,0,0,994,MERBOK,1702,2017,12,18,45,6,114.6,22.9,3
2017,table2017.csv,0,0,0,0,0,0,0,1002,MERBOK,1702,2017,13,0,0,6,115.0,24.0,2
2017,table2017.csv,0,0,0,0,0,0,0,1004,MERBOK,1702,2017,13,6,0,6,115.7,25.5,2
2017,table2017.csv,0,0,0,0,0,0,0,1006,NANMADOL,1703,2017,1,6,0,7,132.2,15.0,2
2017,table2017.csv,0,0,0,0,0,0,0,1006,NANMADOL,1703,2017,1,12,0,7,130.5,16.8,2
2017,table2017.csv,0,0,0,0,0,0,0,1006,NANMADOL,1703,2017,1,18,0,7,128.9,18.8,2
2017,table2017.csv,60,60,9,0,0,0,0,1002,NANMADOL,1703,2017,2,0,35,7,127.1,20.7,3
2017,table2017.csv,60,60,9,0,0,0,0,1002,NANMADOL,1703,2017,2,6,35,7,125.7,21.9,3
2017,table2017.csv,60,60,9,0,0,0,0,998,NANMADOL,1703,2017,2,12,40,7,124.8,23.5,3
2017,table2017.csv,60,100,2,0,0,0,0,990,NANMADOL,1703,2017,2,18,50,7,124.1,24.7,4
2017,table2017.csv,60,100,2,0,0,0,0,990,NANMADOL,1703,2017,3,0,50,7,124.3,26.2,4
2017,table2017.csv,60,100,2,20,20,9,0,985,NANMADOL,1703,2017,3,6,55,7,125.0,27.7,4
2017,table2017.csv,60,100,2,20,20,9,0,985,NANMADOL,1703,2017,3,12,55,7,126.2,29.4,4
2017,table2017.csv,60,100,2,20,20,9,0,985,NANMADOL,1703,2017,3,15,55,7,126.9,30.2,4
2017,table2017.csv,60,100,2,20,20,9,0,985,NANMADOL,1703,2017,3,18,55,7,127.7,31.3,4
2017,table2017.csv,60,100,2,20,20,9,0,985,NANMADOL,1703,2017,3,21,55,7,128.9,32.1,4
2017,table2017.csv,60,100,2,20,20,9,1,985,NANMADOL,1703,2017,3,23,55,7,130.0,32.7,4
2017,table2017.csv,60,100,3,0,0,0,0,990,NANMADOL,1703,2017,4,0,50,7,130.5,32.8,4
2017,table2017.csv,60,100,3,0,0,0,1,990,NANMADOL,1703,2017,4,3,50,7,132.3,33.2,4
2017,table2017.csv,60,100,3,0,0,0,0,990,NANMADOL,1703,2017,4,6,50,7,134.2,33.6,4
2017,table2017.csv,60,100,3,0,0,0,1,990,NANMADOL,1703,2017,4,7,50,7,134.8,33.7,4
2017,table2017.csv,60,100,3,0,0,0,0,990,NANMADOL,1703,2017,4,9,50,7,136.5,34.1,4
2017,table2017.csv,60,120,4,0,0,0,0,990,NANMADOL,1703,2017,4,12,50,7,138.3,34.1,4
2017,table2017.csv,60,120,4,0,0,0,0,990,NANMADOL,1703,2017,4,15,50,7,140.2,34.7,4
2017,table2017.csv,60,120,4,0,0,0,0,990,NANMADOL,1703,2017,4,18,50,7,142.6,35.5,4
2017,table2017.csv,0,0,0,0,0,0,0,994,NANMADOL,1703,2017,5,0,0,7,146.0,36.1,6
2017,table2017.csv,0,0,0,0,0,0,0,994,NANMADOL,1703,2017,5,6,0,7,150.7,36.9,6
2017,table2017.csv,0,0,0,0,0,0,0,994,NANMADOL,1703,2017,5,12,0,7,154.8,38.2,6
2017,table2017.csv,0,0,0,0,0,0,0,994,NANMADOL,1703,2017,5,18,0,7,160.2,40.3,6
2017,table2017.csv,0,0,0,0,0,0,0,992,NANMADOL,1703,2017,6,0,0,7,166.1,43.0,6
2017,table2017.csv,0,0,0,0,0,0,0,988,NANMADOL,1703,2017,6,6,0,7,169.9,46.4,6
2017,table2017.csv,0,0,0,0,0,0,0,988,NANMADOL,1703,2017,6,12,0,7,171.4,49.8,6
2017,table2017.csv,0,0,0,0,0,0,0,990,NANMADOL,1703,2017,6,18,0,7,170.4,50.6,6
2017,table2017.csv,0,0,0,0,0,0,0,990,NANMADOL,1703,2017,7,0,0,7,170.6,51.0,6
2017,table2017.csv,0,0,0,0,0,0,0,988,NANMADOL,1703,2017,7,6,0,7,171.3,51.0,6
2017,table2017.csv,0,0,0,0,0,0,0,988,NANMADOL,1703,2017,7,12,0,7,172.3,50.9,6
2017,table2017.csv,0,0,0,0,0,0,0,990,NANMADOL,1703,2017,7,18,0,7,174.6,50.9,6
2017,table2017.csv,0,0,0,0,0,0,0,992,NANMADOL,1703,2017,8,0,0,7,177.2,51.4,6
2017,table2017.csv,0,0,0,0,0,0,0,992,NANMADOL,1703,2017,8,6,0,7,179.6,52.1,6
2017,table2017.csv,0,0,0,0,0,0,0,994,NANMADOL,1703,2017,8,12,0,7,182.3,53.1,6
2017,table2017.csv,0,0,0,0,0,0,0,1004,TALAS,1704,2017,14,0,0,7,114.1,16.0,2
2017,table2017.csv,0,0,0,0,0,0,0,1004,TALAS,1704,2017,14,6,0,7,113.6,16.4,2
2017,table2017.csv,0,0,0,0,0,0,0,1002,TALAS,1704,2017,14,12,0,7,113.1,16.6,2
2017,table2017.csv,0,0,0,0,0,0,0,1002,TALAS,1704,2017,14,18,0,7,112.7,16.7,2
2017,table2017.csv,0,0,0,0,0,0,0,1000,TALAS,1704,2017,15,0,0,7,112.2,16.8,2
2017,table2017.csv,120,120,9,0,0,0,0,998,TALAS,1704,2017,15,6,35,7,111.7,16.9,3
2017,table2017.csv,120,120,9,0,0,0,0,996,TALAS,1704,2017,15,12,40,7,111.1,16.9,3
2017,table2017.csv,150,150,9,0,0,0,0,996,TALAS,1704,2017,15,18,40,7,110.1,17.4,3
2017,table2017.csv,180,180,9,0,0,0,0,992,TALAS,1704,2017,16,0,45,7,109.4,17.7,3
2017,table2017.csv,180,210,7,0,0,0,0,990,TALAS,1704,2017,16,6,50,7,108.5,18.0,4
2017,table2017.csv,180,210,8,0,0,0,0,990,TALAS,1704,2017,16,12,50,7,107.0,18.1,4
2017,table2017.csv,180,180,9,0,0,0,0,985,TALAS,1704,2017,16,18,50,7,105.6,18.5,4
2017,table2017.csv,150,150,9,0,0,0,0,992,TALAS,1704,2017,17,0,40,7,104.0,18.9,3
2017,table2017.csv,90,90,9,0,0,0,0,996,TALAS,1704,2017,17,6,35,7,102.2,18.9,3
2017,table2017.csv,0,0,0,0,0,0,0,998,TALAS,1704,2017,17,12,0,7,100.9,19.2,2
2017,table2017.csv,0,0,0,0,0,0,0,1000,TALAS,1704,2017,17,18,0,7,100.4,19.5,2
2017,table2017.csv,0,0,0,0,0,0,0,1010,NORU,1705,2017,19,6,0,7,162.1,26.1,2
2017,table2017.csv,0,0,0,0,0,0,0,1010,NORU,1705,2017,19,12,0,7,161.7,26.2,2
2017,table2017.csv,0,0,0,0,0,0,0,1008,NORU,1705,2017,19,18,0,7,161.2,26.4,2
2017,table2017.csv,0,0,0,0,0,0,0,1008,NORU,1705,2017,20,0,0,7,160.6,26.9,2
2017,table2017.csv,0,0,0,0,0,0,0,1008,NORU,1705,2017,20,6,0,7,159.9,27.2,2
2017,table2017.csv,100,150,1,0,0,0,0,1006,NORU,1705,2017,20,12,35,7,159.0,27.4,3
2017,table2017.csv,100,150,1,0,0,0,0,1006,NORU,1705,2017,20,18,35,7,158.4,27.6,3
2017,table2017.csv,100,150,1,0,0,0,0,1006,NORU,1705,2017,21,0,35,7,157.5,28.0,3
2017,table2017.csv,100,150,1,0,0,0,0,1006,NORU,1705,2017,21,6,35,7,156.6,28.2,3
2017,table2017.csv,100,150,1,0,0,0,0,1004,NORU,1705,2017,21,12,35,7,155.5,28.3,3
2017,table2017.csv,100,150,1,0,0,0,0,1000,NORU,1705,2017,21,18,40,7,154.3,28.5,3
2017,table2017.csv,100,150,1,0,0,0,0,1000,NORU,1705,2017,22,0,40,7,153.7,28.6,3
2017,table2017.csv,100,150,1,0,0,0,0,998,NORU,1705,2017,22,6,40,7,153.2,28.7,3
2017,table2017.csv,100,150,1,0,0,0,0,994,NORU,1705,2017,22,12,45,7,152.5,28.7,3
2017,table2017.csv,150,180,1,0,0,0,0,990,NORU,1705,2017,22,18,50,7,151.9,28.6,4
2017,table2017.csv,150,180,1,40,40,9,0,985,NORU,1705,2017,23,0,55,7,151.4,28.3,4
2017,table2017.csv,150,180,1,40,40,9,0,980,NORU,1705,2017,23,6,60,7,151.2,28.1,4
2017,table2017.csv,150,180,1,50,50,9,0,975,NORU,1705,2017,23,12,65,7,151.4,28.0,5
2017,table2017.csv,150,180,1,50,50,9,0,975,NORU,1705,2017,23,18,65,7,151.6,27.6,5
2017,table2017.csv,150,180,1,50,50,9,0,970,NORU,1705,2017,24,0,70,7,152.2,27.2,5
2017,table2017.csv,150,180,1,50,50,9,0,970,NORU,1705,2017,24,6,70,7,153.0,26.7,5
2017,table2017.csv,150,180,1,50,50,9,0,970,NORU,1705,2017,24,12,70,7,154.1,26.2,5
2017,table2017.csv,150,150,9,50,50,9,0,970,NORU,1705,2017,24,18,70,7,155.5,25.9,5
2017,table2017.csv,150,150,9,50,50,9,0,970,NORU,1705,2017,25,0,70,7,156.7,25.7,5
2017,table2017.csv,150,150,9,50,50,9,0,970,NORU,1705,2017,25,6,70,7,157.6,25.9,5
2017,table2017.csv,150,150,9,50,50,9,0,975,NORU,1705,2017,25,12,65,7,158.2,26.2,5
2017,table2017.csv,150,180,1,50,50,9,0,975,NORU,1705,2017,25,18,65,7,158.4,27.0,5
2017,table2017.csv,150,210,1,50,50,9,0,975,NORU,1705,2017,26,0,65,7,157.9,28.0,5
2017,table2017.csv,150,210,1,50,50,9,0,975,NORU,1705,2017,26,6,65,7,157.1,29.0,5
2017,table2017.csv,150,210,1,50,50,9,0,975,NORU,1705,2017,26,12,65,7,155.6,29.8,5
2017,table2017.csv,150,210,1,50,50,9,0,975,NORU,1705,2017,26,18,65,7,154.1,30.4,5
2017,table2017.csv,150,210,1,50,50,9,0,975,NORU,1705,2017,27,0,65,7,152.1,30.7,5
2017,table2017.csv,150,210,1,50,50,9,0,975,NORU,1705,2017,27,6,65,7,150.5,31.0,5
2017,table2017.csv,150,180,1,50,50,9,0,975,NORU,1705,2017,27,12,65,7,148.5,30.7,5
2017,table2017.csv,150,180,1,50,50,9,0,975,NORU,1705,2017,27,18,65,7,146.8,30.4,5
2017,table2017.csv,150,150,9,40,40,9,0,975,NORU,1705,2017,28,0,60,7,145.2,29.6,4
2017,table2017.csv,150,150,9,40,40,9,0,975,NORU,1705,2017,28,6,60,7,144.5,28.9,4
2017,table2017.csv,150,150,9,40,40,9,0,975,NORU,1705,2017,28,9,60,7,144.0,28.6,4
2017,table2017.csv,150,150,9,40,40,9,0,975,NORU,1705,2017,28,12,60,7,143.8,28.3,4
2017,table2017.csv,150,150,9,40,40,9,0,975,NORU,1705,2017,28,15,60,7,143.6,28.0,4
2017,table2017.csv,150,150,9,40,40,9,0,975,NORU,1705,2017,28,18,60,7,143.5,27.7,4
2017,table2017.csv,150,150,9,40,40,9,0,975,NORU,1705,2017,28,21,60,7,143.2,27.4,4
2017,table2017.csv,150,150,9,40,40,9,0,975,NORU,1705,2017,29,0,60,7,142.9,27.1,4
2017,table2017.csv,150,150,9,40,40,9,0,975,NORU,1705,2017,29,3,60,7,142.5,26.6,4
2017,table2017.csv,150,150,9,40,40,9,0,975,NORU,1705,2017,29,6,60,7,142.2,26.2,4
2017,table2017.csv,150,150,9,40,40,9,0,975,NORU,1705,2017,29,9,60,7,142.1,25.8,4
2017,table2017.csv,150,150,9,40,40,9,0,975,NORU,1705,2017,29,12,60,7,141.9,25.3,4
2017,table2017.csv,150,150,9,40,40,9,0,975,NORU,1705,2017,29,18,60,7,141.9,24.5,4
2017,table2017.csv,150,150,9,40,40,9,0,970,NORU,1705,2017,30,0,65,7,141.7,23.9,5
2017,table2017.csv,150,150,9,40,40,9,0,965,NORU,1705,2017,30,6,70,7,141.5,23.4,5
2017,table2017.csv,150,150,9,60,60,9,0,955,NORU,1705,2017,30,12,75,7,141.4,22.9,5
2017,table2017.csv,150,150,9,60,60,9,0,945,NORU,1705,2017,30,18,85,7,140.9,22.8,5
2017,table2017.csv,150,150,9,60,60,9,0,935,NORU,1705,2017,31,0,95,7,140.4,22.8,5
2017,table2017.csv,150,150,9,60,60,9,0,935,NORU,1705,2017,31,6,95,7,139.9,22.9,5
2017,table2017.csv,150,150,9,60,60,9,0,935,NORU,1705,2017,31,12,95,7,139.3,23.0,5
2017,table2017.csv,150,150,9,60,60,9,0,935,NORU,1705,2017,31,18,95,7,138.8,23.3,5
2017,table2017.csv,150,150,9,60,60,9,0,935,NORU,1705,2017,1,0,95,8,138.2,23.7,5
2017,table2017.csv,150,150,9,60,60,9,0,940,NORU,1705,2017,1,6,90,8,137.7,24.1,5
2017,table2017.csv,150,150,9,60,60,9,0,940,NORU,1705,2017,1,12,90,8,137.3,24.4,5
2017,table2017.csv,150,150,9,60,60,9,0,940,NORU,1705,2017,1,18,90,8,136.7,25.0,5
2017,table2017.csv,150,150,9,60,60,9,0,940,NORU,1705,2017,2,0,90,8,136.4,25.4,5
2017,table2017.csv,150,150,9,60,60,9,0,940,NORU,1705,2017,2,6,90,8,135.9,25.8,5
2017,table2017.csv,150,150,9,60,60,9,0,940,NORU,1705,2017,2,12,90,8,135.7,26.1,5
2017,table2017.csv,150,150,9,60,60,9,0,940,NORU,1705,2017,2,18,90,8,135.5,26.7,5
2017,table2017.csv,150,150,9,60,60,9,0,945,NORU,1705,2017,3,0,85,8,135.0,27.4,5
2017,table2017.csv,150,150,9,60,60,9,0,945,NORU,1705,2017,3,6,85,8,134.1,27.9,5
2017,table2017.csv,150,150,9,60,60,9,0,950,NORU,1705,2017,3,12,80,8,133.5,28.1,5
2017,table2017.csv,150,150,9,60,60,9,0,950,NORU,1705,2017,3,15,80,8,132.9,28.2,5
2017,table2017.csv,150,150,9,60,60,9,0,955,NORU,1705,2017,3,18,75,8,132.5,28.3,5
2017,table2017.csv,150,150,9,60,60,9,0,955,NORU,1705,2017,3,21,75,8,132.0,28.4,5
2017,table2017.csv,150,150,9,60,60,9,0,955,NORU,1705,2017,4,0,75,8,131.6,28.5,5
2017,table2017.csv,150,150,9,60,60,9,0,955,NORU,1705,2017,4,3,75,8,131.4,28.6,5
2017,table2017.csv,150,150,9,60,60,9,0,960,NORU,1705,2017,4,6,70,8,131.2,28.7,5
2017,table2017.csv,150,150,9,60,60,9,0,960,NORU,1705,2017,4,9,70,8,131.1,28.8,5
2017,table2017.csv,150,150,9,60,60,9,0,960,NORU,1705,2017,4,12,70,8,130.9,28.9,5
2017,table2017.csv,150,150,9,60,60,9,0,960,NORU,1705,2017,4,15,70,8,130.6,29.1,5
2017,table2017.csv,150,150,9,60,60,9,0,960,NORU,1705,2017,4,18,70,8,130.5,29.2,5
2017,table2017.csv,150,150,9,60,60,9,0,960,NORU,1705,2017,4,21,70,8,130.4,29.3,5
2017,table2017.csv,150,150,9,60,60,9,0,965,NORU,1705,2017,5,0,65,8,130.3,29.6,5
2017,table2017.csv,150,150,9,60,60,9,0,965,NORU,1705,2017,5,3,65,8,130.2,29.8,5
2017,table2017.csv,150,150,9,60,60,9,0,965,NORU,1705,2017,5,6,65,8,130.1,29.9,5
2017,table2017.csv,150,150,9,60,60,9,0,965,NORU,1705,2017,5,9,65,8,130.1,30.0,5
2017,table2017.csv,150,150,9,60,60,9,0,970,NORU,1705,2017,5,12,60,8,130.1,30.1,4
2017,table2017.csv,150,150,9,60,60,9,0,970,NORU,1705,2017,5,15,60,8,130.2,29.8,4
2017,table2017.csv,150,150,9,60,60,9,1,970,NORU,1705,2017,5,17,60,8,130.4,30.3,4
2017,table2017.csv,150,150,9,60,60,9,0,970,NORU,1705,2017,5,18,60,8,130.5,30.3,4
2017,table2017.csv,150,150,9,60,60,9,0,970,NORU,1705,2017,5,21,60,8,130.7,30.4,4
2017,table2017.csv,150,150,9,60,60,9,1,970,NORU,1705,2017,6,0,60,8,130.9,30.7,4
2017,table2017.csv,150,150,9,60,60,9,0,970,NORU,1705,2017,6,3,60,8,131.2,30.9,4
2017,table2017.csv,150,150,9,50,50,9,0,970,NORU,1705,2017,6,6,60,8,131.5,31.1,4
2017,table2017.csv,150,150,9,50,50,9,0,970,NORU,1705,2017,6,9,60,8,131.9,31.4,4
2017,table2017.csv,150,200,3,50,50,9,0,970,NORU,1705,2017,6,12,60,8,132.3,31.8,4
2017,table2017.csv,150,200,3,50,50,9,0,970,NORU,1705,2017,6,15,60,8,132.5,32.2,4
2017,table2017.csv,150,200,3,50,50,9,0,970,NORU,1705,2017,6,18,60,8,132.9,32.5,4
2017,table2017.csv,150,200,3,50,50,9,0,970,NORU,1705,2017,6,21,60,8,133.4,32.8,4
2017,table2017.csv,150,200,3,50,50,9,1,970,NORU,1705,2017,7,0,60,8,134.0,33.1,4
2017,table2017.csv,150,200,3,50,50,9,0,970,NORU,1705,2017,7,3,60,8,134.6,33.6,4
2017,table2017.csv,150,200,3,50,50,9,1,975,NORU,1705,2017,7,6,55,8,135.1,34.0,4
2017,table2017.csv,150,200,3,50,50,9,0,975,NORU,1705,2017,7,9,55,8,135.7,34.5,4
2017,table2017.csv,150,200,3,0,0,0,0,980,NORU,1705,2017,7,12,50,8,136.2,35.2,4
2017,table2017.csv,120,200,3,0,0,0,0,985,NORU,1705,2017,7,15,45,8,136.5,35.6,3
2017,table2017.csv,120,200,3,0,0,0,0,985,NORU,1705,2017,7,18,40,8,136.8,36.2,3
2017,table2017.csv,120,200,3,0,0,0,0,985,NORU,1705,2017,7,21,40,8,137.4,37.1,3
2017,table2017.csv,150,150,9,0,0,0,0,985,NORU,1705,2017,8,0,35,8,137.7,37.3,3
2017,table2017.csv,120,120,9,0,0,0,0,985,NORU,1705,2017,8,3,35,8,137.8,37.5,3
2017,table2017.csv,120,120,9,0,0,0,0,988,NORU,1705,2017,8,6,35,8,138.1,37.7,3
2017,table2017.csv,120,120,9,0,0,0,0,990,NORU,1705,2017,8,9,35,8,138.3,38.4,3
2017,table2017.csv,0,0,0,0,0,0,0,990,NORU,1705,2017,8,12,0,8,138.5,38.7,6
2017,table2017.csv,0,0,0,0,0,0,0,992,NORU,1705,2017,8,18,0,8,139.0,39.0,6
2017,table2017.csv,0,0,0,0,0,0,0,994,NORU,1705,2017,9,0,0,8,139.2,39.2,6
2017,table2017.csv,0,0,0,0,0,0,0,996,NORU,1705,2017,9,6,0,8,139.3,39.2,6
2017,table2017.csv,0,0,0,0,0,0,0,1012,KULAP,1706,2017,20,0,0,7,178.1,23.0,2
2017,table2017.csv,0,0,0,0,0,0,0,1012,KULAP,1706,2017,20,6,0,7,177.7,23.4,2
2017,table2017.csv,0,0,0,0,0,0,0,1012,KULAP,1706,2017,20,12,0,7,177.4,24.0,2
2017,table2017.csv,0,0,0,0,0,0,0,1010,KULAP,1706,2017,20,18,0,7,177.2,24.6,2
2017,table2017.csv,0,0,0,0,0,0,0,1010,KULAP,1706,2017,21,0,0,7,177.1,25.2,2
2017,table2017.csv,90,120,8,0,0,0,0,1006,KULAP,1706,2017,21,6,35,7,177.3,26.4,3
2017,table2017.csv,90,120,8,0,0,0,0,1006,KULAP,1706,2017,21,12,35,7,176.8,28.2,3
2017,table2017.csv,120,180,8,0,0,0,0,1004,KULAP,1706,2017,21,18,40,7,175.1,30.3,3
2017,table2017.csv,120,180,8,0,0,0,0,1004,KULAP,1706,2017,22,0,40,7,172.2,30.5,3
2017,table2017.csv,120,180,8,0,0,0,0,1004,KULAP,1706,2017,22,6,40,7,170.6,30.0,3
2017,table2017.csv,120,180,8,0,0,0,0,1004,KULAP,1706,2017,22,12,40,7,169.6,30.0,3
2017,table2017.csv,120,180,8,0,0,0,0,1004,KULAP,1706,2017,22,18,40,7,168.3,30.4,3
2017,table2017.csv,120,180,8,0,0,0,0,1004,KULAP,1706,2017,23,0,40,7,167.3,30.6,3
2017,table2017.csv,120,180,8,0,0,0,0,1002,KULAP,1706,2017,23,6,40,7,166.5,30.8,3
2017,table2017.csv,120,180,8,0,0,0,0,1002,KULAP,1706,2017,23,12,40,7,165.5,31.1,3
2017,table2017.csv,120,180,8,0,0,0,0,1002,KULAP,1706,2017,23,18,40,7,164.3,31.4,3
2017,table2017.csv,120,180,8,0,0,0,0,1002,KULAP,1706,2017,24,0,40,7,163.3,31.9,3
2017,table2017.csv,90,160,1,0,0,0,0,1002,KULAP,1706,2017,24,6,40,7,161.7,32.6,3
2017,table2017.csv,90,160,1,0,0,0,0,1002,KULAP,1706,2017,24,12,40,7,160.1,33.0,3
2017,table2017.csv,90,160,1,0,0,0,0,1002,KULAP,1706,2017,24,18,35,7,158.3,33.2,3
2017,table2017.csv,90,120,1,0,0,0,0,1002,KULAP,1706,2017,25,0,35,7,156.5,33.0,3
2017,table2017.csv,90,120,1,0,0,0,0,1002,KULAP,1706,2017,25,6,35,7,155.0,32.8,3
2017,table2017.csv,90,120,1,0,0,0,0,1002,KULAP,1706,2017,25,12,35,7,153.7,32.3,3
2017,table2017.csv,0,0,0,0,0,0,0,1004,KULAP,1706,2017,25,18,0,7,152.3,32.0,2
2017,table2017.csv,0,0,0,0,0,0,0,1004,KULAP,1706,2017,26,0,0,7,151.1,31.7,2
2017,table2017.csv,0,0,0,0,0,0,0,1002,KULAP,1706,2017,26,6,0,7,149.9,31.2,2
2017,table2017.csv,0,0,0,0,0,0,0,1002,KULAP,1706,2017,26,12,0,7,148.8,30.2,2
2017,table2017.csv,0,0,0,0,0,0,0,1002,KULAP,1706,2017,26,18,0,7,147.8,29.2,2
2017,table2017.csv,0,0,0,0,0,0,0,1002,KULAP,1706,2017,27,0,0,7,147.1,28.1,2
2017,table2017.csv,0,0,0,0,0,0,0,1002,KULAP,1706,2017,27,6,0,7,147.5,26.9,2
2017,table2017.csv,0,0,0,0,0,0,0,1002,KULAP,1706,2017,27,12,0,7,148.5,25.9,2
2017,table2017.csv,0,0,0,0,0,0,0,1002,KULAP,1706,2017,27,18,0,7,149.0,26.3,2
2017,table2017.csv,0,0,0,0,0,0,0,1002,KULAP,1706,2017,28,0,0,7,149.2,27.1,2
2017,table2017.csv,0,0,0,0,0,0,0,1008,ROKE,1707,2017,21,6,0,7,124.3,18.6,2
2017,table2017.csv,0,0,0,0,0,0,0,1008,ROKE,1707,2017,21,12,0,7,123.0,19.3,2
2017,table2017.csv,0,0,0,0,0,0,0,1006,ROKE,1707,2017,21,18,0,7,122.0,20.1,2
2017,table2017.csv,0,0,0,0,0,0,0,1006,ROKE,1707,2017,22,0,0,7,120.5,20.7,2
2017,table2017.csv,50,50,9,0,0,0,0,1004,ROKE,1707,2017,22,6,35,7,119.0,21.2,3
2017,table2017.csv,50,50,9,0,0,0,0,1002,ROKE,1707,2017,22,12,35,7,117.9,21.6,3
2017,table2017.csv,50,50,9,0,0,0,0,1002,ROKE,1707,2017,22,18,35,7,116.0,21.9,3
2017,table2017.csv,30,30,9,0,0,0,0,1002,ROKE,1707,2017,23,0,35,7,114.7,22.2,3
2017,table2017.csv,0,0,0,0,0,0,0,1004,ROKE,1707,2017,23,6,0,7,113.2,22.8,2
2017,table2017.csv,0,0,0,0,0,0,0,1004,ROKE,1707,2017,23,12,0,7,110.5,22.9,2
2017,table2017.csv,0,0,0,0,0,0,0,1006,SONCA,1708,2017,21,0,0,7,114.7,17.5,2
2017,table2017.csv,0,0,0,0,0,0,0,1006,SONCA,1708,2017,21,6,0,7,113.7,17.8,2
2017,table2017.csv,0,0,0,0,0,0,0,1006,SONCA,1708,2017,21,12,0,7,113.1,18.0,2
2017,table2017.csv,0,0,0,0,0,0,0,1004,SONCA,1708,2017,21,18,0,7,112.7,18.0,2
2017,table2017.csv,0,0,0,0,0,0,0,1004,SONCA,1708,2017,22,0,0,7,112.4,17.9,2
2017,table2017.csv,0,0,0,0,0,0,0,1002,SONCA,1708,2017,22,6,0,7,112.1,17.9,2
2017,table2017.csv,0,0,0,0,0,0,0,1002,SONCA,1708,2017,22,12,0,7,111.9,17.8,2
2017,table2017.csv,0,0,0,0,0,0,0,1002,SONCA,1708,2017,22,18,0,7,111.7,17.7,2
2017,table2017.csv,30,30,9,0,0,0,0,1000,SONCA,1708,2017,23,0,35,7,111.6,17.6,3
2017,table2017.csv,30,30,9,0,0,0,0,1000,SONCA,1708,2017,23,6,35,7,111.6,17.5,3
2017,table2017.csv,30,30,9,0,0,0,0,1000,SONCA,1708,2017,23,12,35,7,111.6,17.3,3
2017,table2017.csv,30,30,9,0,0,0,0,998,SONCA,1708,2017,23,18,35,7,111.6,17.2,3
2017,table2017.csv,30,30,9,0,0,0,0,998,SONCA,1708,2017,24,0,35,7,111.2,17.1,3
2017,table2017.csv,30,30,9,0,0,0,0,996,SONCA,1708,2017,24,6,35,7,110.8,17.0,3
2017,table2017.csv,30,30,9,0,0,0,0,996,SONCA,1708,2017,24,12,35,7,110.3,16.9,3
2017,table2017.csv,30,30,9,0,0,0,0,994,SONCA,1708,2017,24,18,35,7,109.5,16.9,3
2017,table2017.csv,30,30,9,0,0,0,0,994,SONCA,1708,2017,25,0,35,7,108.7,17.1,3
2017,table2017.csv,30,30,9,0,0,0,0,994,SONCA,1708,2017,25,6,35,7,107.5,17.1,3
2017,table2017.csv,0,0,0,0,0,0,0,998,SONCA,1708,2017,25,12,0,7,106.5,16.8,2
2017,table2017.csv,0,0,0,0,0,0,0,998,SONCA,1708,2017,25,18,0,7,105.2,16.2,2
2017,table2017.csv,0,0,0,0,0,0,0,998,SONCA,1708,2017,26,0,0,7,104.1,16.0,2
2017,table2017.csv,0,0,0,0,0,0,0,998,SONCA,1708,2017,26,6,0,7,103.7,16.1,2
2017,table2017.csv,0,0,0,0,0,0,0,998,SONCA,1708,2017,26,12,0,7,103.3,16.2,2
2017,table2017.csv,0,0,0,0,0,0,0,998,SONCA,1708,2017,26,18,0,7,103.0,16.2,2
2017,table2017.csv,0,0,0,0,0,0,0,998,SONCA,1708,2017,27,0,0,7,103.2,16.4,2
2017,table2017.csv,0,0,0,0,0,0,0,998,SONCA,1708,2017,27,6,0,7,103.5,16.6,2
2017,table2017.csv,0,0,0,0,0,0,0,1000,SONCA,1708,2017,27,12,0,7,103.7,16.9,2
2017,table2017.csv,0,0,0,0,0,0,0,1000,SONCA,1708,2017,27,18,0,7,104.0,17.2,2
2017,table2017.csv,0,0,0,0,0,0,0,1002,SONCA,1708,2017,28,0,0,7,104.1,17.4,2
2017,table2017.csv,0,0,0,0,0,0,0,1002,SONCA,1708,2017,28,6,0,7,104.2,17.6,2
2017,table2017.csv,0,0,0,0,0,0,0,1002,SONCA,1708,2017,28,12,0,7,103.8,17.6,2
2017,table2017.csv,0,0,0,0,0,0,0,1004,SONCA,1708,2017,28,18,0,7,103.6,17.6,2
2017,table2017.csv,0,0,0,0,0,0,0,1004,SONCA,1708,2017,29,0,0,7,103.6,17.7,2
2017,table2017.csv,0,0,0,0,0,0,0,1002,SONCA,1708,2017,29,6,0,7,103.8,17.9,2
2017,table2017.csv,0,0,0,0,0,0,0,1002,SONCA,1708,2017,29,12,0,7,103.6,18.0,2
2017,table2017.csv,0,0,0,0,0,0,0,1002,NESAT,1709,2017,25,6,0,7,129.2,12.8,2
2017,table2017.csv,0,0,0,0,0,0,0,1002,NESAT,1709,2017,25,12,0,7,129.3,14.0,2
2017,table2017.csv,90,150,5,0,0,0,0,1000,NESAT,1709,2017,25,18,35,7,128.3,14.5,3
2017,table2017.csv,90,150,5,0,0,0,0,996,NESAT,1709,2017,26,0,40,7,128.1,15.5,3
2017,table2017.csv,90,150,5,0,0,0,0,996,NESAT,1709,2017,26,6,40,7,128.0,16.1,3
2017,table2017.csv,90,150,5,0,0,0,0,996,NESAT,1709,2017,26,12,40,7,127.8,16.6,3
2017,table2017.csv,90,150,5,0,0,0,0,994,NESAT,1709,2017,26,18,45,7,127.7,17.1,3
2017,table2017.csv,90,150,5,0,0,0,0,990,NESAT,1709,2017,27,0,50,7,127.6,17.5,4
2017,table2017.csv,90,150,5,0,0,0,0,990,NESAT,1709,2017,27,6,50,7,127.4,18.0,4
2017,table2017.csv,90,150,5,0,0,0,0,990,NESAT,1709,2017,27,12,50,7,127.2,18.6,4
2017,table2017.csv,120,180,3,0,0,0,0,990,NESAT,1709,2017,27,18,50,7,126.7,19.3,4
2017,table2017.csv,150,210,3,30,30,9,0,985,NESAT,1709,2017,28,0,55,7,125.8,20.0,4
2017,table2017.csv,150,210,3,45,45,9,0,975,NESAT,1709,2017,28,6,65,7,125.2,20.6,5
2017,table2017.csv,150,210,3,50,50,9,0,970,NESAT,1709,2017,28,12,70,7,124.4,21.1,5
2017,table2017.csv,150,210,3,60,60,9,0,960,NESAT,1709,2017,28,18,80,7,123.5,21.7,5
2017,table2017.csv,150,210,3,60,60,9,0,960,NESAT,1709,2017,29,0,80,7,123.3,22.5,5
2017,table2017.csv,150,210,3,60,60,9,0,960,NESAT,1709,2017,29,6,80,7,122.8,23.4,5
2017,table2017.csv,150,210,3,60,60,9,0,960,NESAT,1709,2017,29,9,80,7,122.4,23.9,5
2017,table2017.csv,150,210,3,60,60,9,0,960,NESAT,1709,2017,29,12,80,7,121.9,24.6,5
2017,table2017.csv,120,180,3,60,60,9,0,970,NESAT,1709,2017,29,15,70,7,120.8,25.0,5
2017,table2017.csv,120,180,3,60,60,9,0,970,NESAT,1709,2017,29,18,70,7,120.2,25.0,5
2017,table2017.csv,120,150,3,0,0,0,0,985,NESAT,1709,2017,30,0,50,7,119.3,25.8,4
2017,table2017.csv,90,120,2,0,0,0,0,990,NESAT,1709,2017,30,6,35,7,117.9,26.1,3
2017,table2017.csv,0,0,0,0,0,0,0,992,NESAT,1709,2017,30,12,0,7,117.0,25.6,2
2017,table2017.csv,0,0,0,0,0,0,0,992,NESAT,1709,2017,30,18,0,7,116.0,25.0,2
2017,table2017.csv,0,0,0,0,0,0,0,1000,HAITANG,1710,2017,27,12,0,7,117.8,19.2,2
2017,table2017.csv,0,0,0,0,0,0,0,1000,HAITANG,1710,2017,27,18,0,7,117.2,19.4,2
2017,table2017.csv,0,0,0,0,0,0,0,1000,HAITANG,1710,2017,28,0,0,7,116.6,19.3,2
2017,table2017.csv,0,0,0,0,0,0,0,998,HAITANG,1710,2017,28,6,0,7,116.1,19.2,2
2017,table2017.csv,0,0,0,0,0,0,0,998,HAITANG,1710,2017,28,12,0,7,115.8,18.5,2
2017,table2017.csv,120,240,4,0,0,0,0,996,HAITANG,1710,2017,28,18,35,7,115.8,18.0,3
2017,table2017.csv,120,240,4,0,0,0,0,994,HAITANG,1710,2017,29,0,35,7,116.2,18.1,3
2017,table2017.csv,120,240,4,0,0,0,0,990,HAITANG,1710,2017,29,6,40,7,116.6,18.2,3
2017,table2017.csv,120,240,4,0,0,0,0,990,HAITANG,1710,2017,29,12,40,7,117.3,18.6,3
2017,table2017.csv,120,240,4,0,0,0,0,990,HAITANG,1710,2017,29,18,40,7,118.2,19.0,3
2017,table2017.csv,120,240,4,0,0,0,0,990,HAITANG,1710,2017,30,0,40,7,119.4,20.1,3
2017,table2017.csv,120,240,4,0,0,0,0,985,HAITANG,1710,2017,30,6,45,7,120.3,21.9,3
2017,table2017.csv,120,240,4,0,0,0,0,990,HAITANG,1710,2017,30,12,40,7,120.5,23.0,3
2017,table2017.csv,120,240,4,0,0,0,0,990,HAITANG,1710,2017,30,18,40,7,120.3,24.7,3
2017,table2017.csv,120,240,4,0,0,0,0,992,HAITANG,1710,2017,31,0,35,7,118.6,26.2,3
2017,table2017.csv,0,0,0,0,0,0,0,994,HAITANG,1710,2017,31,6,0,7,117.6,27.2,2
2017,table2017.csv,0,0,0,0,0,0,0,994,HAITANG,1710,2017,31,12,0,7,117.1,28.2,2
2017,table2017.csv,0,0,0,0,0,0,0,996,HAITANG,1710,2017,31,18,0,7,116.6,29.2,2
2017,table2017.csv,0,0,0,0,0,0,0,996,HAITANG,1710,2017,1,0,0,8,116.3,29.8,2
2017,table2017.csv,0,0,0,0,0,0,0,996,HAITANG,1710,2017,1,6,0,8,116.0,30.4,6
2017,table2017.csv,0,0,0,0,0,0,0,996,HAITANG,1710,2017,1,12,0,8,115.7,31.0,6
2017,table2017.csv,0,0,0,0,0,0,0,996,HAITANG,1710,2017,1,18,0,8,115.5,31.4,6
2017,table2017.csv,0,0,0,0,0,0,0,996,HAITANG,1710,2017,2,0,0,8,115.8,31.8,6
2017,table2017.csv,0,0,0,0,0,0,0,996,HAITANG,1710,2017,2,6,0,8,115.9,32.4,6
2017,table2017.csv,0,0,0,0,0,0,0,996,HAITANG,1710,2017,2,12,0,8,116.0,33.3,6
2017,table2017.csv,0,0,0,0,0,0,0,996,HAITANG,1710,2017,2,18,0,8,116.2,34.1,6
2017,table2017.csv,0,0,0,0,0,0,0,1006,NALGAE,1711,2017,31,6,0,7,158.3,26.3,2
2017,table2017.csv,0,0,0,0,0,0,0,1006,NALGAE,1711,2017,31,12,0,7,159.5,26.5,2
2017,table2017.csv,0,0,0,0,0,0,0,1006,NALGAE,1711,2017,31,18,0,7,160.8,26.5,2
2017,table2017.csv,0,0,0,0,0,0,0,1006,NALGAE,1711,2017,1,0,0,8,162.3,26.4,2
2017,table2017.csv,0,0,0,0,0,0,0,1004,NALGAE,1711,2017,1,6,0,8,163.1,26.2,2
2017,table2017.csv,0,0,0,0,0,0,0,1004,NALGAE,1711,2017,1,12,0,8,163.9,26.0,2
2017,table2017.csv,0,0,0,0,0,0,0,1000,NALGAE,1711,2017,1,18,0,8,164.6,25.7,2
2017,table2017.csv,120,180,3,0,0,0,0,998,NALGAE,1711,2017,2,0,35,8,165.4,25.6,3
2017,table2017.csv,120,180,2,0,0,0,0,996,NALGAE,1711,2017,2,6,40,8,165.4,25.8,3
2017,table2017.csv,120,180,2,0,0,0,0,996,NALGAE,1711,2017,2,12,40,8,165.2,26.1,3
2017,table2017.csv,120,180,1,0,0,0,0,992,NALGAE,1711,2017,2,18,40,8,165.0,26.4,3
2017,table2017.csv,120,180,1,0,0,0,0,992,NALGAE,1711,2017,3,0,40,8,164.8,26.7,3
2017,table2017.csv,120,180,1,0,0,0,0,992,NALGAE,1711,2017,3,6,40,8,164.3,27.3,3
2017,table2017.csv,120,180,1,0,0,0,0,992,NALGAE,1711,2017,3,12,40,8,163.9,27.7,3
2017,table2017.csv,120,180,1,0,0,0,0,992,NALGAE,1711,2017,3,18,40,8,163.4,28.0,3
2017,table2017.csv,150,240,1,0,0,0,0,992,NALGAE,1711,2017,4,0,40,8,163.0,28.4,3
2017,table2017.csv,150,240,1,0,0,0,0,992,NALGAE,1711,2017,4,6,40,8,162.9,29.0,3
2017,table2017.csv,150,240,1,0,0,0,0,992,NALGAE,1711,2017,4,12,40,8,162.8,29.7,3
2017,table2017.csv,150,240,1,0,0,0,0,992,NALGAE,1711,2017,4,18,40,8,162.6,30.7,3
2017,table2017.csv,150,240,1,0,0,0,0,992,NALGAE,1711,2017,5,0,40,8,162.5,32.0,3
2017,table2017.csv,150,240,1,0,0,0,0,990,NALGAE,1711,2017,5,6,45,8,162.1,34.2,3
2017,table2017.csv,150,240,1,0,0,0,0,990,NALGAE,1711,2017,5,12,45,8,161.2,36.2,3
2017,table2017.csv,0,0,0,0,0,0,0,990,NALGAE,1711,2017,5,18,0,8,160.2,38.1,6
2017,table2017.csv,0,0,0,0,0,0,0,990,NALGAE,1711,2017,6,0,0,8,159.0,40.0,6
2017,table2017.csv,0,0,0,0,0,0,0,990,NALGAE,1711,2017,6,6,0,8,158.3,41.6,6
2017,table2017.csv,0,0,0,0,0,0,0,992,NALGAE,1711,2017,6,12,0,8,157.4,43.1,6
2017,table2017.csv,0,0,0,0,0,0,0,994,NALGAE,1711,2017,6,18,0,8,156.1,44.5,6
2017,table2017.csv,0,0,0,0,0,0,0,994,NALGAE,1711,2017,7,0,0,8,155.2,45.3,6
2017,table2017.csv,0,0,0,0,0,0,0,996,NALGAE,1711,2017,7,6,0,8,154.8,45.7,6
2017,table2017.csv,0,0,0,0,0,0,0,998,NALGAE,1711,2017,7,12,0,8,154.7,45.9,6
2017,table2017.csv,0,0,0,0,0,0,0,998,NALGAE,1711,2017,7,18,0,8,154.7,46.1,6
2017,table2017.csv,0,0,0,0,0,0,0,998,NALGAE,1711,2017,8,0,0,8,154.6,46.6,6
2017,table2017.csv,0,0,0,0,0,0,0,1000,NALGAE,1711,2017,8,6,0,8,154.2,46.5,6
2017,table2017.csv,0,0,0,0,0,0,0,1000,NALGAE,1711,2017,8,12,0,8,153.9,46.4,6
2017,table2017.csv,0,0,0,0,0,0,0,1000,NALGAE,1711,2017,8,18,0,8,154.6,46.0,6
2017,table2017.csv,0,0,0,0,0,0,0,1002,NALGAE,1711,2017,9,0,0,8,153.0,45.6,6
2017,table2017.csv,0,0,0,0,0,0,0,1002,NALGAE,1711,2017,9,6,0,8,151.3,45.2,6
2017,table2017.csv,0,0,0,0,0,0,0,1008,BANYAN,1712,2017,10,18,0,8,170.9,16.0,2
2017,table2017.csv,0,0,0,0,0,0,0,1008,BANYAN,1712,2017,11,0,0,8,169.9,16.4,2
2017,table2017.csv,0,0,0,0,0,0,0,1006,BANYAN,1712,2017,11,6,0,8,168.9,16.9,2
2017,table2017.csv,90,90,9,0,0,0,0,1002,BANYAN,1712,2017,11,12,35,8,168.0,17.3,3
2017,table2017.csv,90,90,9,0,0,0,0,996,BANYAN,1712,2017,11,18,45,8,166.9,17.8,3
2017,table2017.csv,90,90,9,0,0,0,0,990,BANYAN,1712,2017,12,0,50,8,165.6,18.5,4
2017,table2017.csv,90,90,9,30,30,9,0,980,BANYAN,1712,2017,12,6,60,8,164.9,19.3,4
2017,table2017.csv,90,90,9,30,30,9,0,975,BANYAN,1712,2017,12,12,65,8,164.6,20.0,5
2017,table2017.csv,90,90,9,30,30,9,0,965,BANYAN,1712,2017,12,18,70,8,164.3,20.5,5
2017,table2017.csv,90,90,9,30,30,9,0,955,BANYAN,1712,2017,13,0,80,8,164.1,21.0,5
2017,table2017.csv,90,90,9,30,30,9,0,955,BANYAN,1712,2017,13,6,80,8,163.9,21.4,5
2017,table2017.csv,90,90,9,30,30,9,0,955,BANYAN,1712,2017,13,12,80,8,163.8,21.8,5
2017,table2017.csv,90,90,9,30,30,9,0,960,BANYAN,1712,2017,13,18,75,8,163.7,22.2,5
2017,table2017.csv,90,90,9,30,30,9,0,965,BANYAN,1712,2017,14,0,70,8,163.5,22.6,5
2017,table2017.csv,90,90,9,30,30,9,0,965,BANYAN,1712,2017,14,6,70,8,163.3,23.2,5
2017,table2017.csv,90,90,9,30,30,9,0,965,BANYAN,1712,2017,14,12,70,8,163.0,24.0,5
2017,table2017.csv,90,90,9,30,30,9,0,965,BANYAN,1712,2017,14,18,70,8,162.7,25.0,5
2017,table2017.csv,90,90,9,30,30,9,0,965,BANYAN,1712,2017,15,0,70,8,162.4,26.0,5
2017,table2017.csv,90,90,9,30,30,9,0,975,BANYAN,1712,2017,15,6,65,8,162.2,27.1,5
2017,table2017.csv,90,90,9,30,30,9,0,980,BANYAN,1712,2017,15,12,60,8,162.2,28.3,4
2017,table2017.csv,90,90,9,30,30,9,0,980,BANYAN,1712,2017,15,18,60,8,162.6,29.8,4
2017,table2017.csv,90,90,9,30,30,9,0,980,BANYAN,1712,2017,16,0,60,8,163.5,31.4,4
2017,table2017.csv,90,90,9,30,30,9,0,980,BANYAN,1712,2017,16,6,60,8,165.3,33.3,4
2017,table2017.csv,90,90,9,30,30,9,0,985,BANYAN,1712,2017,16,12,55,8,167.9,35.6,4
2017,table2017.csv,90,90,9,0,0,0,0,990,BANYAN,1712,2017,16,18,50,8,170.7,38.0,4
2017,table2017.csv,90,120,3,0,0,0,0,994,BANYAN,1712,2017,17,0,45,8,173.8,40.5,3
2017,table2017.csv,0,0,0,0,0,0,0,996,BANYAN,1712,2017,17,6,0,8,176.0,43.0,6
2017,table2017.csv,0,0,0,0,0,0,0,996,BANYAN,1712,2017,17,12,0,8,177.4,44.1,6
2017,table2017.csv,0,0,0,0,0,0,0,998,BANYAN,1712,2017,17,18,0,8,179.4,45.5,6
2017,table2017.csv,0,0,0,0,0,0,0,1000,BANYAN,1712,2017,18,0,0,8,181.0,46.7,6
2017,table2017.csv,0,0,0,0,0,0,0,1006,HATO,1713,2017,19,12,0,8,130.1,19.1,2
2017,table2017.csv,0,0,0,0,0,0,0,1004,HATO,1713,2017,19,18,0,8,129.1,19.4,2
2017,table2017.csv,0,0,0,0,0,0,0,1004,HATO,1713,2017,20,0,0,8,128.3,19.5,2
2017,table2017.csv,0,0,0,0,0,0,0,1002,HATO,1713,2017,20,6,0,8,127.6,19.6,2
2017,table2017.csv,150,150,9,0,0,0,0,998,HATO,1713,2017,20,12,35,8,126.9,19.7,3
2017,table2017.csv,120,150,7,0,0,0,0,996,HATO,1713,2017,20,18,35,8,126.2,19.9,3
2017,table2017.csv,120,150,7,0,0,0,0,994,HATO,1713,2017,21,0,35,8,125.4,20.2,3
2017,table2017.csv,120,150,7,0,0,0,0,994,HATO,1713,2017,21,6,35,8,124.3,20.3,3
2017,table2017.csv,120,150,7,0,0,0,0,990,HATO,1713,2017,21,12,40,8,123.2,20.6,3
2017,table2017.csv,120,150,7,0,0,0,0,990,HATO,1713,2017,21,18,40,8,121.5,20.5,3
2017,table2017.csv,120,150,7,0,0,0,0,985,HATO,1713,2017,22,0,45,8,119.8,20.5,3
2017,table2017.csv,120,180,5,40,40,9,0,975,HATO,1713,2017,22,6,60,8,118.8,20.5,4
2017,table2017.csv,120,180,6,40,40,9,0,975,HATO,1713,2017,22,12,60,8,117.3,20.6,4
2017,table2017.csv,120,180,6,40,40,9,0,970,HATO,1713,2017,22,18,65,8,116.0,21.1,5
2017,table2017.csv,120,180,4,50,50,9,0,965,HATO,1713,2017,23,0,75,8,114.4,21.6,5
2017,table2017.csv,90,180,4,50,50,9,0,965,HATO,1713,2017,23,6,75,8,112.8,22.3,5
2017,table2017.csv,90,90,9,0,0,0,0,985,HATO,1713,2017,23,12,50,8,111.0,22.7,4
2017,table2017.csv,90,90,9,0,0,0,0,994,HATO,1713,2017,23,18,40,8,109.1,23.5,3
2017,table2017.csv,90,90,9,0,0,0,0,996,HATO,1713,2017,24,0,35,8,107.5,23.9,3
2017,table2017.csv,60,60,9,0,0,0,0,996,HATO,1713,2017,24,6,35,8,106.1,23.9,3
2017,table2017.csv,0,0,0,0,0,0,0,998,HATO,1713,2017,24,12,0,8,104.5,23.8,2
2017,table2017.csv,0,0,0,0,0,0,0,1000,HATO,1713,2017,24,18,0,8,101.9,23.8,2
2017,table2017.csv,0,0,0,0,0,0,0,1002,HATO,1713,2017,25,0,0,8,99.5,23.6,2
2017,table2017.csv,0,0,0,0,0,0,0,1010,PAKHAR,1714,2017,24,0,0,8,128.9,14.9,2
2017,table2017.csv,0,0,0,0,0,0,0,1008,PAKHAR,1714,2017,24,6,0,8,127.6,15.4,2
2017,table2017.csv,0,0,0,0,0,0,0,1006,PAKHAR,1714,2017,24,12,0,8,126.0,15.3,2
2017,table2017.csv,150,150,9,0,0,0,0,1000,PAKHAR,1714,2017,24,18,35,8,124.9,15.1,3
2017,table2017.csv,150,150,9,0,0,0,0,996,PAKHAR,1714,2017,25,0,40,8,123.9,15.0,3
2017,table2017.csv,150,150,9,0,0,0,0,996,PAKHAR,1714,2017,25,6,40,8,123.0,15.4,3
2017,table2017.csv,150,150,9,0,0,0,0,994,PAKHAR,1714,2017,25,12,45,8,122.2,16.0,3
2017,table2017.csv,150,150,9,0,0,0,0,998,PAKHAR,1714,2017,25,18,40,8,121.2,16.7,3
2017,table2017.csv,210,210,9,0,0,0,0,996,PAKHAR,1714,2017,26,0,40,8,119.5,17.2,3
2017,table2017.csv,210,210,9,0,0,0,0,994,PAKHAR,1714,2017,26,6,40,8,118.1,17.9,3
2017,table2017.csv,300,300,9,0,0,0,0,992,PAKHAR,1714,2017,26,12,45,8,116.8,19.0,3
2017,table2017.csv,270,270,9,0,0,0,0,990,PAKHAR,1714,2017,26,18,50,8,114.8,20.6,4
2017,table2017.csv,180,270,3,30,30,9,0,985,PAKHAR,1714,2017,27,0,55,8,113.4,21.8,4
2017,table2017.csv,150,240,4,0,0,0,0,996,PAKHAR,1714,2017,27,6,40,8,111.3,23.6,3
2017,table2017.csv,120,180,3,0,0,0,0,998,PAKHAR,1714,2017,27,12,35,8,110.0,24.3,3
2017,table2017.csv,0,0,0,0,0,0,0,1002,PAKHAR,1714,2017,27,18,0,8,108.8,24.7,2
2017,table2017.csv,0,0,0,0,0,0,0,1004,PAKHAR,1714,2017,28,0,0,8,108.0,24.1,2
2017,table2017.csv,0,0,0,0,0,0,0,1004,SANVU,1715,2017,26,18,0,8,147.0,17.8,2
2017,table2017.csv,0,0,0,0,0,0,0,1004,SANVU,1715,2017,27,0,0,8,147.0,18.2,2
2017,table2017.csv,0,0,0,0,0,0,0,1004,SANVU,1715,2017,27,6,0,8,147.0,18.6,2
2017,table2017.csv,0,0,0,0,0,0,0,1004,SANVU,1715,2017,27,12,0,8,147.1,18.9,2
2017,table2017.csv,0,0,0,0,0,0,0,1002,SANVU,1715,2017,27,18,0,8,147.2,19.1,2
2017,table2017.csv,0,0,0,0,0,0,0,1000,SANVU,1715,2017,28,0,0,8,147.2,19.4,2
2017,table2017.csv,180,180,9,0,0,0,0,994,SANVU,1715,2017,28,6,35,8,147.3,19.7,3
2017,table2017.csv,210,350,4,0,0,0,0,994,SANVU,1715,2017,28,12,35,8,147.5,20.3,3
2017,table2017.csv,240,400,4,0,0,0,0,992,SANVU,1715,2017,28,18,40,8,147.6,20.9,3
2017,table2017.csv,270,500,4,0,0,0,0,992,SANVU,1715,2017,29,0,40,8,147.8,21.5,3
2017,table2017.csv,270,500,3,0,0,0,0,992,SANVU,1715,2017,29,6,40,8,147.9,22.7,3
2017,table2017.csv,270,500,3,0,0,0,0,992,SANVU,1715,2017,29,12,40,8,147.3,24.5,3
2017,table2017.csv,270,500,3,0,0,0,0,985,SANVU,1715,2017,29,18,45,8,145.9,26.0,3
2017,table2017.csv,270,500,3,0,0,0,0,980,SANVU,1715,2017,30,0,50,8,144.2,26.9,4
2017,table2017.csv,270,500,3,60,60,9,0,975,SANVU,1715,2017,30,3,55,8,143.5,26.9,4
2017,table2017.csv,270,500,3,60,60,9,0,970,SANVU,1715,2017,30,6,55,8,142.7,26.9,4
2017,table2017.csv,270,500,3,60,60,9,0,970,SANVU,1715,2017,30,9,55,8,142.2,26.9,4
2017,table2017.csv,270,500,3,60,60,9,0,970,SANVU,1715,2017,30,12,55,8,141.6,26.9,4
2017,table2017.csv,270,500,3,60,60,9,0,970,SANVU,1715,2017,30,15,55,8,141.4,26.8,4
2017,table2017.csv,270,500,3,60,60,9,0,970,SANVU,1715,2017,30,18,55,8,141.2,26.7,4
2017,table2017.csv,300,400,2,60,60,9,0,970,SANVU,1715,2017,30,21,55,8,141.5,26.7,4
2017,table2017.csv,300,400,2,60,60,9,0,970,SANVU,1715,2017,31,0,55,8,141.7,26.8,4
2017,table2017.csv,300,400,2,60,60,9,0,970,SANVU,1715,2017,31,3,55,8,141.9,27.0,4
2017,table2017.csv,300,400,2,70,70,9,0,965,SANVU,1715,2017,31,6,60,8,142.0,27.2,4
2017,table2017.csv,300,400,2,70,70,9,0,965,SANVU,1715,2017,31,9,60,8,142.1,27.4,4
2017,table2017.csv,300,300,9,70,70,9,0,965,SANVU,1715,2017,31,12,65,8,141.9,27.7,5
2017,table2017.csv,300,300,9,70,70,9,0,965,SANVU,1715,2017,31,15,65,8,141.6,27.9,5
2017,table2017.csv,300,300,9,80,80,9,0,960,SANVU,1715,2017,31,18,70,8,141.6,27.7,5
2017,table2017.csv,300,300,9,90,90,9,0,955,SANVU,1715,2017,31,21,75,8,141.8,27.5,5
2017,table2017.csv,300,300,9,90,90,9,0,955,SANVU,1715,2017,1,0,80,9,142.0,27.3,5
2017,table2017.csv,300,300,9,90,90,9,0,955,SANVU,1715,2017,1,3,80,9,142.6,27.3,5
2017,table2017.csv,300,300,9,90,90,9,0,955,SANVU,1715,2017,1,6,80,9,143.2,27.4,5
2017,table2017.csv,300,300,9,90,90,9,0,955,SANVU,1715,2017,1,9,80,9,143.5,27.7,5
2017,table2017.csv,300,300,9,90,90,9,0,955,SANVU,1715,2017,1,12,80,9,143.7,28.0,5
2017,table2017.csv,300,300,9,90,90,9,0,960,SANVU,1715,2017,1,18,70,9,144.0,28.5,5
2017,table2017.csv,300,300,9,90,90,9,0,965,SANVU,1715,2017,2,0,65,9,144.7,29.3,5
2017,table2017.csv,300,300,9,90,90,9,0,965,SANVU,1715,2017,2,6,65,9,146.0,31.3,5
2017,table2017.csv,350,350,9,90,90,9,0,965,SANVU,1715,2017,2,12,65,9,146.9,33.1,5
2017,table2017.csv,400,400,9,90,90,9,0,965,SANVU,1715,2017,2,18,65,9,148.3,35.4,5
2017,table2017.csv,400,400,9,90,90,9,0,965,SANVU,1715,2017,3,0,65,9,150.3,38.2,5
2017,table2017.csv,400,400,9,90,90,9,0,965,SANVU,1715,2017,3,6,65,9,152.9,41.7,5
2017,table2017.csv,0,0,0,0,0,0,0,964,SANVU,1715,2017,3,12,0,9,154.6,45.2,6
2017,table2017.csv,0,0,0,0,0,0,0,964,SANVU,1715,2017,3,18,0,9,157.3,48.1,6
2017,table2017.csv,0,0,0,0,0,0,0,960,SANVU,1715,2017,4,0,0,9,157.8,49.6,6
2017,table2017.csv,0,0,0,0,0,0,0,960,SANVU,1715,2017,4,6,0,9,158.4,50.7,6
2017,table2017.csv,0,0,0,0,0,0,0,966,SANVU,1715,2017,4,12,0,9,159.3,51.3,6
2017,table2017.csv,0,0,0,0,0,0,0,972,SANVU,1715,2017,4,18,0,9,161.0,51.9,6
2017,table2017.csv,0,0,0,0,0,0,0,972,SANVU,1715,2017,5,0,0,9,164.0,52.4,6
2017,table2017.csv,0,0,0,0,0,0,0,972,SANVU,1715,2017,5,6,0,9,167.2,52.8,6
2017,table2017.csv,0,0,0,0,0,0,0,974,SANVU,1715,2017,5,12,0,9,170.0,53.2,6
2017,table2017.csv,0,0,0,0,0,0,0,974,SANVU,1715,2017,5,18,0,9,172.8,53.4,6
2017,table2017.csv,0,0,0,0,0,0,0,976,SANVU,1715,2017,6,0,0,9,175.8,53.4,6
2017,table2017.csv,0,0,0,0,0,0,0,978,SANVU,1715,2017,6,6,0,9,179.0,53.2,6
2017,table2017.csv,0,0,0,0,0,0,0,982,SANVU,1715,2017,6,12,0,9,181.7,53.0,6
2017,table2017.csv,0,0,0,0,0,0,0,1002,MAWAR,1716,2017,30,6,0,8,122.0,18.9,2
2017,table2017.csv,0,0,0,0,0,0,0,1004,MAWAR,1716,2017,30,12,0,8,120.9,18.9,2
2017,table2017.csv,0,0,0,0,0,0,0,1002,MAWAR,1716,2017,30,18,0,8,120.2,19.0,2
2017,table2017.csv,0,0,0,0,0,0,0,1002,MAWAR,1716,2017,31,0,0,8,119.6,19.3,2
2017,table2017.csv,0,0,0,0,0,0,0,1002,MAWAR,1716,2017,31,6,0,8,119.3,19.6,2
2017,table2017.csv,0,0,0,0,0,0,0,1000,MAWAR,1716,2017,31,12,0,8,119.1,19.8,2
2017,table2017.csv,60,120,8,0,0,0,0,998,MAWAR,1716,2017,31,18,35,8,118.9,20.0,3
2017,table2017.csv,60,120,8,0,0,0,0,998,MAWAR,1716,2017,1,0,35,9,118.7,20.2,3
2017,table2017.csv,60,120,8,0,0,0,0,998,MAWAR,1716,2017,1,6,35,9,118.5,20.4,3
2017,table2017.csv,60,120,8,0,0,0,0,996,MAWAR,1716,2017,1,12,40,9,118.1,20.7,3
2017,table2017.csv,60,120,8,0,0,0,0,994,MAWAR,1716,2017,1,18,45,9,117.7,20.8,3
2017,table2017.csv,60,120,8,0,0,0,0,990,MAWAR,1716,2017,2,0,50,9,117.4,21.0,4
2017,table2017.csv,60,120,8,0,0,0,0,990,MAWAR,1716,2017,2,6,50,9,117.2,21.2,4
2017,table2017.csv,60,120,1,0,0,0,0,990,MAWAR,1716,2017,2,12,50,9,117.0,21.4,4
2017,table2017.csv,60,120,1,0,0,0,0,990,MAWAR,1716,2017,2,18,50,9,116.8,21.6,4
2017,table2017.csv,60,120,1,0,0,0,0,990,MAWAR,1716,2017,3,0,50,9,116.5,22.0,4
2017,table2017.csv,60,120,1,0,0,0,0,990,MAWAR,1716,2017,3,6,50,9,116.3,22.3,4
2017,table2017.csv,60,90,1,0,0,0,0,992,MAWAR,1716,2017,3,12,45,9,116.1,22.6,3
2017,table2017.csv,60,60,9,0,0,0,0,1000,MAWAR,1716,2017,3,18,35,9,115.4,23.1,3
2017,table2017.csv,0,0,0,0,0,0,0,1004,MAWAR,1716,2017,4,0,0,9,114.6,23.5,2
2017,table2017.csv,0,0,0,0,0,0,0,1004,MAWAR,1716,2017,4,6,0,9,113.2,23.5,2
2017,table2017.csv,0,0,0,0,0,0,0,1010,GUCHOL,1717,2017,3,12,0,9,131.8,16.1,2
2017,table2017.csv,0,0,0,0,0,0,0,1008,GUCHOL,1717,2017,3,18,0,9,129.8,16.3,2
2017,table2017.csv,0,0,0,0,0,0,0,1006,GUCHOL,1717,2017,4,0,0,9,128.1,16.1,2
2017,table2017.csv,0,0,0,0,0,0,0,1006,GUCHOL,1717,2017,4,6,0,9,127.4,16.4,2
2017,table2017.csv,0,0,0,0,0,0,0,1004,GUCHOL,1717,2017,4,12,0,9,125.7,16.3,2
2017,table2017.csv,0,0,0,0,0,0,0,1004,GUCHOL,1717,2017,4,18,0,9,125.0,16.6,2
2017,table2017.csv,0,0,0,0,0,0,0,1004,GUCHOL,1717,2017,5,0,0,9,124.9,17.5,2
2017,table2017.csv,0,0,0,0,0,0,0,1004,GUCHOL,1717,2017,5,6,0,9,124.2,19.0,2
2017,table2017.csv,0,0,0,0,0,0,0,1004,GUCHOL,1717,2017,5,12,0,9,122.7,19.8,2
2017,table2017.csv,90,90,9,0,0,0,0,1000,GUCHOL,1717,2017,5,18,35,9,121.1,20.3,3
2017,table2017.csv,90,90,9,0,0,0,0,1000,GUCHOL,1717,2017,6,0,35,9,120.6,20.3,3
2017,table2017.csv,90,90,9,0,0,0,0,1000,GUCHOL,1717,2017,6,6,35,9,120.0,20.7,3
2017,table2017.csv,60,60,9,0,0,0,0,1004,GUCHOL,1717,2017,6,12,35,9,120.0,21.7,3
2017,table2017.csv,0,0,0,0,0,0,0,1006,GUCHOL,1717,2017,6,18,0,9,119.1,22.2,2
2017,table2017.csv,0,0,0,0,0,0,0,1008,GUCHOL,1717,2017,7,0,0,9,118.9,22.8,2
2017,table2017.csv,0,0,0,0,0,0,0,1008,GUCHOL,1717,2017,7,6,0,9,119.1,23.7,2
2017,table2017.csv,0,0,0,0,0,0,0,1008,GUCHOL,1717,2017,7,12,0,9,119.4,24.7,2
2017,table2017.csv,0,0,0,0,0,0,0,1008,TALIM,1718,2017,8,12,0,9,147.1,14.3,2
2017,table2017.csv,0,0,0,0,0,0,0,1006,TALIM,1718,2017,8,18,0,9,146.1,14.6,2
2017,table2017.csv,0,0,0,0,0,0,0,1006,TALIM,1718,2017,9,0,0,9,145.2,14.9,2
2017,table2017.csv,0,0,0,0,0,0,0,1004,TALIM,1718,2017,9,6,0,9,144.0,15.3,2
2017,table2017.csv,60,60,9,0,0,0,0,1000,TALIM,1718,2017,9,12,35,9,142.9,15.4,3
2017,table2017.csv,90,90,9,0,0,0,0,996,TALIM,1718,2017,9,18,40,9,141.5,15.6,3
2017,table2017.csv,120,120,9,0,0,0,0,990,TALIM,1718,2017,10,0,45,9,140.4,15.7,3
2017,table2017.csv,150,150,9,0,0,0,0,990,TALIM,1718,2017,10,6,45,9,139.6,16.6,3
2017,table2017.csv,180,180,9,0,0,0,0,990,TALIM,1718,2017,10,12,45,9,138.5,16.9,3
2017,table2017.csv,180,180,9,0,0,0,0,985,TALIM,1718,2017,10,18,50,9,137.3,17.3,4
2017,table2017.csv,180,180,9,40,40,9,0,980,TALIM,1718,2017,11,0,55,9,136.1,17.9,4
2017,table2017.csv,180,180,9,40,40,9,0,975,TALIM,1718,2017,11,6,60,9,134.7,18.6,4
2017,table2017.csv,180,180,9,40,40,9,0,975,TALIM,1718,2017,11,12,60,9,133.8,19.3,4
2017,table2017.csv,210,210,9,50,50,9,0,965,TALIM,1718,2017,11,18,65,9,132.2,20.2,5
2017,table2017.csv,210,210,9,50,50,9,0,960,TALIM,1718,2017,12,0,70,9,130.7,21.1,5
2017,table2017.csv,210,210,9,80,80,9,0,955,TALIM,1718,2017,12,6,80,9,128.7,22.1,5
2017,table2017.csv,210,210,9,80,80,9,0,955,TALIM,1718,2017,12,12,80,9,127.8,23.0,5
2017,table2017.csv,210,210,9,80,80,9,0,955,TALIM,1718,2017,12,15,80,9,127.4,23.4,5
2017,table2017.csv,210,210,9,80,80,9,0,955,TALIM,1718,2017,12,18,80,9,127.0,23.7,5
2017,table2017.csv,210,210,9,80,80,9,0,955,TALIM,1718,2017,12,21,80,9,126.6,24.0,5
2017,table2017.csv,210,210,9,80,80,9,0,955,TALIM,1718,2017,13,0,80,9,126.3,24.3,5
2017,table2017.csv,210,210,9,80,80,9,0,955,TALIM,1718,2017,13,3,80,9,126.0,24.6,5
2017,table2017.csv,210,210,9,80,80,9,0,955,TALIM,1718,2017,13,6,80,9,125.8,24.9,5
2017,table2017.csv,210,210,9,80,80,9,0,950,TALIM,1718,2017,13,9,80,9,125.6,25.3,5
2017,table2017.csv,240,240,9,100,100,9,0,945,TALIM,1718,2017,13,12,85,9,125.3,25.4,5
2017,table2017.csv,240,240,9,100,100,9,0,945,TALIM,1718,2017,13,15,85,9,125.1,25.7,5
2017,table2017.csv,240,240,9,100,100,9,0,940,TALIM,1718,2017,13,18,90,9,124.9,26.0,5
2017,table2017.csv,240,240,9,100,100,9,0,940,TALIM,1718,2017,13,21,90,9,124.7,26.3,5
2017,table2017.csv,240,240,9,110,110,9,0,935,TALIM,1718,2017,14,0,95,9,124.6,26.6,5
2017,table2017.csv,240,240,9,110,110,9,0,935,TALIM,1718,2017,14,6,95,9,124.3,27.0,5
2017,table2017.csv,240,240,9,110,110,9,0,935,TALIM,1718,2017,14,12,95,9,124.4,27.3,5
2017,table2017.csv,240,240,9,110,110,9,0,935,TALIM,1718,2017,14,18,95,9,124.5,27.7,5
2017,table2017.csv,270,270,9,110,110,9,0,940,TALIM,1718,2017,15,0,85,9,124.8,28.1,5
2017,table2017.csv,270,270,9,110,110,9,0,950,TALIM,1718,2017,15,6,80,9,125.0,28.3,5
2017,table2017.csv,270,270,9,100,100,9,0,950,TALIM,1718,2017,15,12,80,9,125.3,28.4,5
2017,table2017.csv,270,270,9,100,100,9,0,955,TALIM,1718,2017,15,18,75,9,125.7,28.5,5
2017,table2017.csv,270,270,9,100,100,9,0,960,TALIM,1718,2017,16,0,70,9,126.3,28.6,5
2017,table2017.csv,240,300,1,100,100,9,0,965,TALIM,1718,2017,16,3,65,9,126.6,28.8,5
2017,table2017.csv,240,300,1,100,100,9,0,965,TALIM,1718,2017,16,6,65,9,127.0,29.0,5
2017,table2017.csv,240,300,1,100,100,9,0,965,TALIM,1718,2017,16,9,65,9,127.4,29.3,5
2017,table2017.csv,240,300,1,100,100,9,0,965,TALIM,1718,2017,16,12,65,9,127.9,29.5,5
2017,table2017.csv,240,300,1,100,100,9,0,965,TALIM,1718,2017,16,15,65,9,128.4,29.8,5
2017,table2017.csv,240,300,1,100,100,9,0,965,TALIM,1718,2017,16,18,65,9,128.9,30.0,5
2017,table2017.csv,240,300,1,100,100,9,0,970,TALIM,1718,2017,16,21,60,9,129.5,30.4,4
2017,table2017.csv,240,300,1,100,100,9,0,970,TALIM,1718,2017,17,0,60,9,130.0,30.7,4
2017,table2017.csv,180,300,2,70,100,2,1,975,TALIM,1718,2017,17,2,55,9,130.3,31.0,4
2017,table2017.csv,180,300,2,70,100,2,1,975,TALIM,1718,2017,17,3,55,9,130.7,31.4,4
2017,table2017.csv,180,300,2,70,100,2,0,975,TALIM,1718,2017,17,6,55,9,132.1,32.4,4
2017,table2017.csv,180,300,2,70,100,2,1,975,TALIM,1718,2017,17,7,55,9,132.5,32.7,4
2017,table2017.csv,180,300,2,70,100,2,0,975,TALIM,1718,2017,17,9,55,9,133.3,33.3,4
2017,table2017.csv,180,300,2,70,100,2,0,975,TALIM,1718,2017,17,12,55,9,134.6,34.4,4
2017,table2017.csv,180,300,2,70,100,2,1,975,TALIM,1718,2017,17,13,55,9,134.9,34.7,4
2017,table2017.csv,180,300,2,70,100,2,0,975,TALIM,1718,2017,17,15,55,9,136.5,36.0,4
2017,table2017.csv,0,0,0,0,0,0,0,980,TALIM,1718,2017,17,18,0,9,138.7,37.8,6
2017,table2017.csv,0,0,0,0,0,0,0,976,TALIM,1718,2017,18,0,0,9,139.9,41.3,6
2017,table2017.csv,0,0,0,0,0,0,0,976,TALIM,1718,2017,18,6,0,9,142.3,44.3,6
2017,table2017.csv,0,0,0,0,0,0,0,976,TALIM,1718,2017,18,12,0,9,143.1,46.6,6
2017,table2017.csv,0,0,0,0,0,0,0,976,TALIM,1718,2017,18,18,0,9,143.7,48.4,6
2017,table2017.csv,0,0,0,0,0,0,0,980,TALIM,1718,2017,19,0,0,9,144.3,49.8,6
2017,table2017.csv,0,0,0,0,0,0,0,982,TALIM,1718,2017,19,6,0,9,144.6,50.7,6
2017,table2017.csv,0,0,0,0,0,0,0,982,TALIM,1718,2017,19,12,0,9,145.0,51.3,6
2017,table2017.csv,0,0,0,0,0,0,0,984,TALIM,1718,2017,19,18,0,9,145.4,51.7,6
2017,table2017.csv,0,0,0,0,0,0,0,988,TALIM,1718,2017,20,0,0,9,145.9,52.0,6
2017,table2017.csv,0,0,0,0,0,0,0,988,TALIM,1718,2017,20,6,0,9,146.1,52.6,6
2017,table2017.csv,0,0,0,0,0,0,0,992,TALIM,1718,2017,20,12,0,9,146.2,53.3,6
2017,table2017.csv,0,0,0,0,0,0,0,994,TALIM,1718,2017,20,18,0,9,146.2,53.8,6
2017,table2017.csv,0,0,0,0,0,0,0,994,TALIM,1718,2017,21,0,0,9,146.4,54.6,6
2017,table2017.csv,0,0,0,0,0,0,0,996,TALIM,1718,2017,21,6,0,9,146.5,55.3,6
2017,table2017.csv,0,0,0,0,0,0,0,998,TALIM,1718,2017,21,12,0,9,146.6,55.9,6
2017,table2017.csv,0,0,0,0,0,0,0,1000,TALIM,1718,2017,21,18,0,9,147.3,56.3,6
2017,table2017.csv,0,0,0,0,0,0,0,1000,TALIM,1718,2017,22,0,0,9,147.8,57.0,6
2017,table2017.csv,0,0,0,0,0,0,0,1002,TALIM,1718,2017,22,6,0,9,147.8,58.0,6
2017,table2017.csv,0,0,0,0,0,0,0,1006,TALIM,1718,2017,22,12,0,9,148.7,58.9,6
2017,table2017.csv,0,0,0,0,0,0,0,1006,TALIM,1718,2017,22,18,0,9,149.8,59.5,6
2017,table2017.csv,0,0,0,0,0,0,0,1004,DOKSURI,1719,2017,10,0,0,9,130.0,14.3,2
2017,table2017.csv,0,0,0,0,0,0,0,1004,DOKSURI,1719,2017,10,6,0,9,129.1,14.4,2
2017,table2017.csv,0,0,0,0,0,0,0,1004,DOKSURI,1719,2017,10,12,0,9,128.0,14.4,2
2017,table2017.csv,0,0,0,0,0,0,0,1004,DOKSURI,1719,2017,10,18,0,9,127.1,14.4,2
2017,table2017.csv,0,0,0,0,0,0,0,1004,DOKSURI,1719,2017,11,0,0,9,126.2,14.7,2
2017,table2017.csv,0,0,0,0,0,0,0,1002,DOKSURI,1719,2017,11,6,0,9,124.9,14.7,2
2017,table2017.csv,0,0,0,0,0,0,0,1002,DOKSURI,1719,2017,11,12,0,9,123.9,14.7,2
2017,table2017.csv,0,0,0,0,0,0,0,1002,DOKSURI,1719,2017,11,18,0,9,123.0,14.6,2
2017,table2017.csv,0,0,0,0,0,0,0,1002,DOKSURI,1719,2017,12,0,0,9,122.1,14.4,2
2017,table2017.csv,0,0,0,0,0,0,0,1000,DOKSURI,1719,2017,12,6,0,9,120.7,14.6,2
2017,table2017.csv,90,90,9,0,0,0,0,998,DOKSURI,1719,2017,12,12,35,9,119.5,14.3,3
2017,table2017.csv,120,120,9,0,0,0,0,998,DOKSURI,1719,2017,12,18,40,9,118.1,14.7,3
2017,table2017.csv,180,180,9,0,0,0,0,996,DOKSURI,1719,2017,13,0,40,9,117.2,14.7,3
2017,table2017.csv,180,180,9,0,0,0,0,996,DOKSURI,1719,2017,13,6,40,9,116.0,15.3,3
2017,table2017.csv,180,210,1,0,0,0,0,996,DOKSURI,1719,2017,13,12,40,9,114.6,15.5,3
2017,table2017.csv,180,240,1,0,0,0,0,990,DOKSURI,1719,2017,13,18,50,9,113.6,15.9,4
2017,table2017.csv,180,270,8,30,30,9,0,980,DOKSURI,1719,2017,14,0,55,9,112.2,16.1,4
2017,table2017.csv,180,270,8,40,40,9,0,970,DOKSURI,1719,2017,14,6,65,9,111.4,16.4,5
2017,table2017.csv,150,240,8,60,60,9,0,955,DOKSURI,1719,2017,14,12,80,9,109.8,17.0,5
2017,table2017.csv,150,240,8,75,75,9,0,955,DOKSURI,1719,2017,14,18,80,9,108.7,17.4,5
2017,table2017.csv,150,210,8,75,75,9,0,955,DOKSURI,1719,2017,15,0,80,9,107.4,17.8,5
2017,table2017.csv,150,210,8,40,75,8,0,955,DOKSURI,1719,2017,15,6,80,9,106.1,17.7,5
2017,table2017.csv,150,210,8,40,40,9,0,980,DOKSURI,1719,2017,15,12,60,9,104.7,18.1,4
2017,table2017.csv,150,210,8,0,0,0,0,996,DOKSURI,1719,2017,15,18,40,9,102.7,18.3,3
2017,table2017.csv,0,0,0,0,0,0,0,1002,DOKSURI,1719,2017,16,0,0,9,101.0,18.6,2
2017,table2017.csv,0,0,0,0,0,0,0,1002,KHANUN,1720,2017,11,0,0,10,134.0,15.5,2
2017,table2017.csv,0,0,0,0,0,0,0,1002,KHANUN,1720,2017,11,6,0,10,132.1,16.2,2
2017,table2017.csv,0,0,0,0,0,0,0,1002,KHANUN,1720,2017,11,12,0,10,130.1,17.0,2
2017,table2017.csv,0,0,0,0,0,0,0,1000,KHANUN,1720,2017,11,18,0,10,128.2,17.7,2
2017,table2017.csv,0,0,0,0,0,0,0,1000,KHANUN,1720,2017,12,0,0,10,126.1,18.3,2
2017,table2017.csv,0,0,0,0,0,0,0,998,KHANUN,1720,2017,12,6,0,10,124.6,18.7,2
2017,table2017.csv,150,210,7,0,0,0,0,996,KHANUN,1720,2017,12,12,35,10,123.3,18.5,3
2017,table2017.csv,150,240,7,0,0,0,0,994,KHANUN,1720,2017,12,18,35,10,121.9,18.2,3
2017,table2017.csv,150,240,7,0,0,0,0,992,KHANUN,1720,2017,13,0,35,10,120.3,17.6,3
2017,table2017.csv,150,240,8,0,0,0,0,985,KHANUN,1720,2017,13,6,45,10,119.4,16.9,3
2017,table2017.csv,150,270,8,0,0,0,0,985,KHANUN,1720,2017,13,12,45,10,118.7,16.7,3
2017,table2017.csv,150,270,8,0,0,0,0,980,KHANUN,1720,2017,13,18,50,10,118.3,16.7,4
2017,table2017.csv,150,270,8,0,0,0,0,980,KHANUN,1720,2017,14,0,50,10,118.1,17.3,4
2017,table2017.csv,150,270,7,40,40,9,0,975,KHANUN,1720,2017,14,6,55,10,118.0,18.0,4
2017,table2017.csv,210,270,7,60,60,9,0,970,KHANUN,1720,2017,14,12,60,10,117.5,18.7,4
2017,table2017.csv,210,270,7,60,60,9,0,960,KHANUN,1720,2017,14,18,70,10,116.4,19.5,5
2017,table2017.csv,210,270,5,80,80,9,0,955,KHANUN,1720,2017,15,0,75,10,114.7,20.2,5
2017,table2017.csv,180,240,4,60,60,9,0,960,KHANUN,1720,2017,15,6,70,10,113.2,20.6,5
2017,table2017.csv,120,180,3,0,0,0,0,975,KHANUN,1720,2017,15,12,50,10,111.7,20.9,4
2017,table2017.csv,90,120,3,0,0,0,0,990,KHANUN,1720,2017,15,18,40,10,110.6,20.8,3
2017,table2017.csv,0,0,0,0,0,0,0,1004,KHANUN,1720,2017,16,0,0,10,109.9,20.3,2
2017,table2017.csv,0,0,0,0,0,0,0,1004,KHANUN,1720,2017,16,6,0,10,109.3,20.5,2
2017,table2017.csv,0,0,0,0,0,0,0,1002,LAN,1721,2017,15,6,0,10,137.3,8.8,2
2017,table2017.csv,0,0,0,0,0,0,0,1002,LAN,1721,2017,15,12,0,10,136.8,9.3,2
2017,table2017.csv,90,90,9,0,0,0,0,1000,LAN,1721,2017,15,18,35,10,136.2,9.7,3
2017,table2017.csv,90,90,9,0,0,0,0,1000,LAN,1721,2017,16,0,35,10,135.6,10.2,3
2017,table2017.csv,120,120,9,0,0,0,0,996,LAN,1721,2017,16,6,40,10,135.1,10.6,3
2017,table2017.csv,120,120,9,0,0,0,0,996,LAN,1721,2017,16,12,40,10,134.6,10.6,3
2017,table2017.csv,180,180,9,0,0,0,0,992,LAN,1721,2017,16,18,45,10,133.9,10.3,3
2017,table2017.csv,180,180,9,0,0,0,0,992,LAN,1721,2017,17,0,45,10,132.9,9.9,3
2017,table2017.csv,180,300,4,0,0,0,0,985,LAN,1721,2017,17,6,50,10,132.4,9.9,4
2017,table2017.csv,180,300,4,60,60,9,0,980,LAN,1721,2017,17,12,55,10,132.4,10.3,4
2017,table2017.csv,180,300,4,60,60,9,0,970,LAN,1721,2017,17,18,65,10,132.6,11.0,5
2017,table2017.csv,180,300,4,60,60,9,0,970,LAN,1721,2017,18,0,65,10,132.6,12.0,5
2017,table2017.csv,180,300,4,60,60,9,0,970,LAN,1721,2017,18,6,65,10,132.1,13.0,5
2017,table2017.csv,300,400,4,60,120,3,0,970,LAN,1721,2017,18,12,65,10,131.4,13.9,5
2017,table2017.csv,300,400,4,60,120,3,0,970,LAN,1721,2017,18,18,65,10,130.8,14.7,5
2017,table2017.csv,300,425,4,90,120,3,0,965,LAN,1721,2017,19,0,70,10,130.3,15.4,5
2017,table2017.csv,300,425,4,90,120,3,0,965,LAN,1721,2017,19,6,70,10,130.1,16.3,5
2017,table2017.csv,300,425,4,90,120,3,0,965,LAN,1721,2017,19,12,70,10,130.1,17.0,5
2017,table2017.csv,300,425,4,90,120,3,0,965,LAN,1721,2017,19,18,70,10,130.0,17.9,5
2017,table2017.csv,350,450,4,90,150,3,0,965,LAN,1721,2017,20,0,70,10,130.0,18.8,5
2017,table2017.csv,350,450,4,90,150,3,0,950,LAN,1721,2017,20,6,80,10,130.0,19.6,5
2017,table2017.csv,350,450,4,90,150,3,0,945,LAN,1721,2017,20,12,85,10,130.2,20.1,5
2017,table2017.csv,350,450,4,120,120,9,0,935,LAN,1721,2017,20,18,90,10,130.7,20.7,5
2017,table2017.csv,350,450,6,120,120,9,0,935,LAN,1721,2017,21,0,90,10,131.2,21.3,5
2017,table2017.csv,350,450,7,90,90,9,0,935,LAN,1721,2017,21,3,90,10,131.6,21.7,5
2017,table2017.csv,350,450,7,90,90,9,0,935,LAN,1721,2017,21,6,90,10,132.0,22.3,5
2017,table2017.csv,350,450,7,90,90,9,0,935,LAN,1721,2017,21,9,90,10,132.3,23.2,5
2017,table2017.csv,350,450,7,90,90,9,0,935,LAN,1721,2017,21,12,90,10,132.5,23.8,5
2017,table2017.csv,350,450,7,90,90,9,0,925,LAN,1721,2017,21,15,95,10,132.9,24.5,5
2017,table2017.csv,350,450,7,90,120,3,0,915,LAN,1721,2017,21,18,100,10,133.3,25.6,5
2017,table2017.csv,350,450,7,90,120,3,0,915,LAN,1721,2017,21,21,100,10,133.7,26.7,5
2017,table2017.csv,400,400,9,120,120,9,0,915,LAN,1721,2017,22,0,100,10,133.9,27.8,5
2017,table2017.csv,400,400,9,120,120,9,0,915,LAN,1721,2017,22,3,100,10,134.2,28.9,5
2017,table2017.csv,400,400,9,120,150,7,0,915,LAN,1721,2017,22,6,100,10,134.7,29.9,5
2017,table2017.csv,400,400,9,120,150,7,0,925,LAN,1721,2017,22,9,95,10,135.4,30.9,5
2017,table2017.csv,400,400,9,150,180,7,0,935,LAN,1721,2017,22,12,90,10,136.3,32.2,5
2017,table2017.csv,450,450,9,150,180,7,0,945,LAN,1721,2017,22,15,85,10,137.3,33.5,5
2017,table2017.csv,450,450,9,120,210,8,1,950,LAN,1721,2017,22,18,80,10,138.1,34.7,5
2017,table2017.csv,450,450,9,120,210,8,0,965,LAN,1721,2017,22,21,65,10,140.1,36.1,5
2017,table2017.csv,0,0,0,0,0,0,0,970,LAN,1721,2017,23,0,0,10,141.5,37.2,6
2017,table2017.csv,0,0,0,0,0,0,0,970,LAN,1721,2017,23,6,0,10,145.9,41.0,6
2017,table2017.csv,0,0,0,0,0,0,0,972,LAN,1721,2017,23,12,0,10,150.3,42.9,6
2017,table2017.csv,0,0,0,0,0,0,0,978,LAN,1721,2017,23,18,0,10,155.4,44.4,6
2017,table2017.csv,0,0,0,0,0,0,0,1004,SAOLA,1722,2017,22,6,0,10,148.3,9.1,2
2017,table2017.csv,0,0,0,0,0,0,0,1006,SAOLA,1722,2017,22,12,0,10,148.3,9.0,2
2017,table2017.csv,0,0,0,0,0,0,0,1004,SAOLA,1722,2017,22,18,0,10,148.0,9.1,2
2017,table2017.csv,0,0,0,0,0,0,0,1006,SAOLA,1722,2017,23,0,0,10,147.7,9.2,2
2017,table2017.csv,0,0,0,0,0,0,0,1004,SAOLA,1722,2017,23,6,0,10,147.4,9.3,2
2017,table2017.csv,0,0,0,0,0,0,0,1006,SAOLA,1722,2017,23,12,0,10,147.0,9.5,2
2017,table2017.csv,0,0,0,0,0,0,0,1002,SAOLA,1722,2017,23,18,0,10,145.4,10.2,2
2017,table2017.csv,0,0,0,0,0,0,0,1004,SAOLA,1722,2017,24,0,0,10,144.0,11.7,2
2017,table2017.csv,0,0,0,0,0,0,0,1002,SAOLA,1722,2017,24,6,0,10,141.9,13.2,2
2017,table2017.csv,150,150,9,0,0,0,0,1000,SAOLA,1722,2017,24,12,35,10,139.3,14.5,3
2017,table2017.csv,210,210,9,0,0,0,0,1000,SAOLA,1722,2017,24,18,35,10,137.6,14.8,3
2017,table2017.csv,210,210,9,0,0,0,0,998,SAOLA,1722,2017,25,0,40,10,136.6,15.1,3
2017,table2017.csv,210,240,8,0,0,0,0,998,SAOLA,1722,2017,25,6,40,10,135.7,15.7,3
2017,table2017.csv,210,240,8,0,0,0,0,998,SAOLA,1722,2017,25,12,40,10,134.6,16.7,3
2017,table2017.csv,210,240,8,0,0,0,0,996,SAOLA,1722,2017,25,18,40,10,133.4,17.1,3
2017,table2017.csv,210,240,8,0,0,0,0,992,SAOLA,1722,2017,26,0,45,10,132.6,17.6,3
2017,table2017.csv,210,240,8,0,0,0,0,992,SAOLA,1722,2017,26,6,45,10,132.1,18.4,3
2017,table2017.csv,210,240,8,0,0,0,0,992,SAOLA,1722,2017,26,12,45,10,131.2,19.6,3
2017,table2017.csv,210,240,8,0,0,0,0,992,SAOLA,1722,2017,26,18,45,10,130.5,20.5,3
2017,table2017.csv,210,240,8,0,0,0,0,990,SAOLA,1722,2017,27,0,50,10,129.8,21.3,4
2017,table2017.csv,210,240,8,0,0,0,0,990,SAOLA,1722,2017,27,6,50,10,128.9,22.4,4
2017,table2017.csv,210,240,8,40,40,9,0,985,SAOLA,1722,2017,27,12,55,10,128.5,23.5,4
2017,table2017.csv,210,240,8,40,40,9,0,985,SAOLA,1722,2017,27,15,55,10,128.3,23.8,4
2017,table2017.csv,210,300,8,80,80,9,0,975,SAOLA,1722,2017,27,18,60,10,128.3,24.2,4
2017,table2017.csv,210,300,8,80,80,9,0,975,SAOLA,1722,2017,27,21,60,10,128.1,25.0,4
2017,table2017.csv,210,300,8,80,80,9,0,975,SAOLA,1722,2017,28,0,60,10,128.0,25.6,4
2017,table2017.csv,210,300,8,80,80,9,0,975,SAOLA,1722,2017,28,3,60,10,128.2,26.3,4
2017,table2017.csv,210,300,8,80,80,9,1,975,SAOLA,1722,2017,28,4,60,10,128.2,26.6,4
2017,table2017.csv,210,300,8,80,80,9,0,975,SAOLA,1722,2017,28,6,60,10,128.4,27.1,4
2017,table2017.csv,210,300,8,80,80,9,0,975,SAOLA,1722,2017,28,9,60,10,128.7,27.9,4
2017,table2017.csv,210,300,8,80,80,9,0,975,SAOLA,1722,2017,28,12,60,10,129.4,28.7,4
2017,table2017.csv,210,300,8,80,80,9,0,975,SAOLA,1722,2017,28,15,60,10,130.0,29.2,4
2017,table2017.csv,210,300,8,80,80,9,0,975,SAOLA,1722,2017,28,18,60,10,130.4,29.9,4
2017,table2017.csv,210,300,8,80,80,9,0,975,SAOLA,1722,2017,28,21,60,10,131.5,30.7,4
2017,table2017.csv,210,300,8,80,80,9,0,975,SAOLA,1722,2017,29,0,60,10,132.9,31.2,4
2017,table2017.csv,210,270,8,80,80,9,0,975,SAOLA,1722,2017,29,3,60,10,133.9,31.5,4
2017,table2017.csv,240,240,9,60,80,3,0,975,SAOLA,1722,2017,29,6,60,10,135.8,32.4,4
2017,table2017.csv,210,270,3,50,90,2,0,975,SAOLA,1722,2017,29,9,60,10,138.0,33.3,4
2017,table2017.csv,0,0,0,0,0,0,0,988,SAOLA,1722,2017,29,12,0,10,141.1,34.8,6
2017,table2017.csv,0,0,0,0,0,0,0,1008,DAMREY,1723,2017,31,0,0,10,126.8,11.0,2
2017,table2017.csv,0,0,0,0,0,0,0,1006,DAMREY,1723,2017,31,6,0,10,125.9,11.2,2
2017,table2017.csv,0,0,0,0,0,0,0,1008,DAMREY,1723,2017,31,12,0,10,124.7,11.4,2
2017,table2017.csv,0,0,0,0,0,0,0,1006,DAMREY,1723,2017,31,18,0,10,123.2,11.7,2
2017,table2017.csv,0,0,0,0,0,0,0,1008,DAMREY,1723,2017,1,0,0,11,122.3,11.9,2
2017,table2017.csv,0,0,0,0,0,0,0,1006,DAMREY,1723,2017,1,6,0,11,121.0,11.9,2
2017,table2017.csv,0,0,0,0,0,0,0,1004,DAMREY,1723,2017,1,12,0,11,119.5,12.0,2
2017,table2017.csv,0,0,0,0,0,0,0,1002,DAMREY,1723,2017,1,18,0,11,118.6,12.2,2
2017,table2017.csv,120,120,9,0,0,0,0,1000,DAMREY,1723,2017,2,0,35,11,117.7,12.5,3
2017,table2017.csv,180,240,7,0,0,0,0,996,DAMREY,1723,2017,2,6,40,11,116.8,12.9,3
2017,table2017.csv,180,240,7,0,0,0,0,994,DAMREY,1723,2017,2,12,40,11,115.6,13.1,3
2017,table2017.csv,180,240,7,40,40,9,0,985,DAMREY,1723,2017,2,18,55,11,114.4,12.7,4
2017,table2017.csv,180,240,7,60,60,9,0,975,DAMREY,1723,2017,3,0,65,11,113.5,12.6,5
2017,table2017.csv,210,270,7,70,70,9,0,970,DAMREY,1723,2017,3,6,70,11,112.6,12.7,5
2017,table2017.csv,210,270,7,70,70,9,0,970,DAMREY,1723,2017,3,12,70,11,111.7,12.8,5
2017,table2017.csv,240,240,9,50,50,9,0,970,DAMREY,1723,2017,3,18,70,11,110.4,12.7,5
2017,table2017.csv,160,160,9,50,50,9,0,970,DAMREY,1723,2017,4,0,70,11,109.1,12.5,5
2017,table2017.csv,130,130,9,30,30,9,0,985,DAMREY,1723,2017,4,6,55,11,107.7,12.4,4
2017,table2017.csv,100,100,9,0,0,0,0,1000,DAMREY,1723,2017,4,12,35,11,106.4,12.4,3
2017,table2017.csv,0,0,0,0,0,0,0,1004,DAMREY,1723,2017,4,18,0,11,105.6,13.2,2
2017,table2017.csv,0,0,0,0,0,0,0,1008,HAIKUI,1724,2017,7,12,0,11,134.2,10.1,2
2017,table2017.csv,0,0,0,0,0,0,0,1006,HAIKUI,1724,2017,7,18,0,11,132.2,10.5,2
2017,table2017.csv,0,0,0,0,0,0,0,1006,HAIKUI,1724,2017,8,0,0,11,130.6,10.7,2
2017,table2017.csv,0,0,0,0,0,0,0,1004,HAIKUI,1724,2017,8,6,0,11,129.0,11.0,2
2017,table2017.csv,0,0,0,0,0,0,0,1006,HAIKUI,1724,2017,8,12,0,11,127.1,11.3,2
2017,table2017.csv,0,0,0,0,0,0,0,1004,HAIKUI,1724,2017,8,18,0,11,125.6,12.1,2
2017,table2017.csv,0,0,0,0,0,0,0,1006,HAIKUI,1724,2017,9,0,0,11,124.3,12.7,2
2017,table2017.csv,0,0,0,0,0,0,0,1004,HAIKUI,1724,2017,9,6,0,11,122.8,13.3,2
2017,table2017.csv,0,0,0,0,0,0,0,1004,HAIKUI,1724,2017,9,12,0,11,121.5,13.8,2
2017,table2017.csv,0,0,0,0,0,0,0,1004,HAIKUI,1724,2017,9,18,0,11,120.3,14.4,2
2017,table2017.csv,60,60,9,0,0,0,0,1002,HAIKUI,1724,2017,10,0,35,11,119.2,15.0,3
2017,table2017.csv,60,60,9,0,0,0,0,1002,HAIKUI,1724,2017,10,6,35,11,118.5,15.9,3
2017,table2017.csv,60,60,9,0,0,0,0,1002,HAIKUI,1724,2017,10,12,35,11,117.6,16.9,3
2017,table2017.csv,60,90,7,0,0,0,0,1000,HAIKUI,1724,2017,10,18,35,11,117.0,17.2,3
2017,table2017.csv,60,120,7,0,0,0,0,998,HAIKUI,1724,2017,11,0,40,11,116.2,17.6,3
2017,table2017.csv,60,120,7,0,0,0,0,998,HAIKUI,1724,2017,11,6,40,11,115.0,18.1,3
2017,table2017.csv,60,120,7,0,0,0,0,998,HAIKUI,1724,2017,11,12,40,11,114.3,18.1,3
2017,table2017.csv,60,90,7,0,0,0,0,1000,HAIKUI,1724,2017,11,18,35,11,113.6,17.9,3
2017,table2017.csv,60,90,7,0,0,0,0,1002,HAIKUI,1724,2017,12,0,35,11,113.0,17.8,3
2017,table2017.csv,0,0,0,0,0,0,0,1006,HAIKUI,1724,2017,12,6,0,11,112.3,17.5,2
2017,table2017.csv,0,0,0,0,0,0,0,1008,HAIKUI,1724,2017,12,12,0,11,111.8,17.3,2
2017,table2017.csv,0,0,0,0,0,0,0,1008,HAIKUI,1724,2017,12,18,0,11,111.1,17.5,2
2017,table2017.csv,0,0,0,0,0,0,0,1008,HAIKUI,1724,2017,13,0,0,11,110.5,17.5,2
2017,table2017.csv,0,0,0,0,0,0,0,1006,KIROGI,1725,2017,16,12,0,11,123.6,7.1,2
2017,table2017.csv,0,0,0,0,0,0,0,1006,KIROGI,1725,2017,16,18,0,11,122.3,7.8,2
2017,table2017.csv,0,0,0,0,0,0,0,1006,KIROGI,1725,2017,17,0,0,11,120.1,8.2,2
2017,table2017.csv,0,0,0,0,0,0,0,1004,KIROGI,1725,2017,17,6,0,11,118.5,10.3,2
2017,table2017.csv,0,0,0,0,0,0,0,1004,KIROGI,1725,2017,17,12,0,11,117.6,10.7,2
2017,table2017.csv,0,0,0,0,0,0,0,1002,KIROGI,1725,2017,17,18,0,11,116.0,11.0,2
2017,table2017.csv,60,60,9,0,0,0,0,1000,KIROGI,1725,2017,18,0,35,11,115.2,11.5,3
2017,table2017.csv,60,60,9,0,0,0,0,1000,KIROGI,1725,2017,18,6,35,11,113.4,11.4,3
2017,table2017.csv,60,60,9,0,0,0,0,1000,KIROGI,1725,2017,18,12,35,11,112.7,11.1,3
2017,table2017.csv,60,60,9,0,0,0,0,1000,KIROGI,1725,2017,18,18,35,11,111.9,10.8,3
2017,table2017.csv,0,0,0,0,0,0,0,1002,KIROGI,1725,2017,19,0,0,11,110.6,10.9,2
2017,table2017.csv,0,0,0,0,0,0,0,1004,KIROGI,1725,2017,19,6,0,11,109.6,11.0,2
2017,table2017.csv,0,0,0,0,0,0,0,1002,KAI-TAK,1726,2017,13,18,0,12,126.8,10.8,2
2017,table2017.csv,120,120,9,0,0,0,0,1000,KAI-TAK,1726,2017,14,0,35,12,127.4,11.0,3
2017,table2017.csv,120,120,9,0,0,0,0,1000,KAI-TAK,1726,2017,14,6,35,12,127.8,11.1,3
2017,table2017.csv,150,150,9,0,0,0,0,998,KAI-TAK,1726,2017,14,12,40,12,128.2,11.3,3
2017,table2017.csv,150,150,9,0,0,0,0,998,KAI-TAK,1726,2017,14,18,40,12,128.0,11.4,3
2017,table2017.csv,180,180,9,0,0,0,0,996,KAI-TAK,1726,2017,15,0,40,12,127.8,11.5,3
2017,table2017.csv,180,180,9,0,0,0,0,994,KAI-TAK,1726,2017,15,6,40,12,127.8,11.7,3
2017,table2017.csv,120,180,3,0,0,0,0,996,KAI-TAK,1726,2017,15,12,35,12,127.7,11.9,3
2017,table2017.csv,120,180,3,0,0,0,0,996,KAI-TAK,1726,2017,15,18,35,12,127.2,12.3,3
2017,table2017.csv,120,180,3,0,0,0,0,998,KAI-TAK,1726,2017,16,0,35,12,126.6,12.4,3
2017,table2017.csv,80,150,3,0,0,0,0,998,KAI-TAK,1726,2017,16,6,35,12,126.0,12.1,3
2017,table2017.csv,0,0,0,0,0,0,0,1002,KAI-TAK,1726,2017,16,12,0,12,125.6,12.2,2
2017,table2017.csv,0,0,0,0,0,0,0,1002,KAI-TAK,1726,2017,16,18,0,12,125.2,12.4,2
2017,table2017.csv,0,0,0,0,0,0,0,1004,KAI-TAK,1726,2017,17,0,0,12,124.2,12.5,2
2017,table2017.csv,0,0,0,0,0,0,0,1004,KAI-TAK,1726,2017,17,6,0,12,122.7,12.2,2
2017,table2017.csv,0,0,0,0,0,0,0,1004,KAI-TAK,1726,2017,17,12,0,12,121.7,11.4,2
2017,table2017.csv,0,0,0,0,0,0,0,1004,KAI-TAK,1726,2017,17,18,0,12,120.4,10.8,2
2017,table2017.csv,0,0,0,0,0,0,0,1004,KAI-TAK,1726,2017,18,0,0,12,119.7,10.6,2
2017,table2017.csv,0,0,0,0,0,0,0,1004,KAI-TAK,1726,2017,18,6,0,12,118.8,10.5,2
2017,table2017.csv,0,0,0,0,0,0,0,1004,KAI-TAK,1726,2017,18,12,0,12,117.7,10.2,2
2017,table2017.csv,0,0,0,0,0,0,0,1004,KAI-TAK,1726,2017,18,18,0,12,116.8,9.3,2
2017,table2017.csv,0,0,0,0,0,0,0,1004,KAI-TAK,1726,2017,19,0,0,12,116.2,9.0,2
2017,table2017.csv,0,0,0,0,0,0,0,1002,KAI-TAK,1726,2017,19,6,0,12,115.2,8.8,2
2017,table2017.csv,0,0,0,0,0,0,0,1002,KAI-TAK,1726,2017,19,12,0,12,114.4,8.5,2
2017,table2017.csv,0,0,0,0,0,0,0,1002,KAI-TAK,1726,2017,19,18,0,12,113.7,8.3,2
2017,table2017.csv,80,80,9,0,0,0,0,1000,KAI-TAK,1726,2017,20,0,35,12,113.1,7.8,3
2017,table2017.csv,80,80,9,0,0,0,0,1000,KAI-TAK,1726,2017,20,6,35,12,112.6,7.6,3
2017,table2017.csv,80,120,8,0,0,0,0,996,KAI-TAK,1726,2017,20,12,40,12,111.7,7.3,3
2017,table2017.csv,80,120,8,0,0,0,0,996,KAI-TAK,1726,2017,20,18,40,12,110.4,7.2,3
2017,table2017.csv,80,80,9,0,0,0,0,1000,KAI-TAK,1726,2017,21,0,35,12,109.7,6.6,3
2017,table2017.csv,60,60,9,0,0,0,0,1000,KAI-TAK,1726,2017,21,6,35,12,109.1,6.5,3
2017,table2017.csv,0,0,0,0,0,0,0,1002,KAI-TAK,1726,2017,21,12,0,12,108.5,6.3,2
2017,table2017.csv,0,0,0,0,0,0,0,1004,KAI-TAK,1726,2017,21,18,0,12,107.3,6.1,2
2017,table2017.csv,0,0,0,0,0,0,0,1004,KAI-TAK,1726,2017,22,0,0,12,106.6,5.5,2
2017,table2017.csv,0,0,0,0,0,0,0,1004,KAI-TAK,1726,2017,22,6,0,12,106.1,5.2,2
2017,table2017.csv,0,0,0,0,0,0,0,1004,KAI-TAK,1726,2017,22,12,0,12,105.3,4.6,2
2017,table2017.csv,0,0,0,0,0,0,0,1004,KAI-TAK,1726,2017,22,18,0,12,104.8,4.0,2
2017,table2017.csv,0,0,0,0,0,0,0,1004,KAI-TAK,1726,2017,23,0,0,12,104.4,3.8,2
2017,table2017.csv,0,0,0,0,0,0,0,1004,KAI-TAK,1726,2017,23,6,0,12,104.5,3.0,2
2017,table2017.csv,0,0,0,0,0,0,0,1004,KAI-TAK,1726,2017,23,12,0,12,104.8,2.8,2
2017,table2017.csv,0,0,0,0,0,0,0,1006,KAI-TAK,1726,2017,23,18,0,12,104.8,2.7,2
2017,table2017.csv,0,0,0,0,0,0,0,1006,TEMBIN,1727,2017,20,0,0,12,134.2,8.1,2
2017,table2017.csv,0,0,0,0,0,0,0,1004,TEMBIN,1727,2017,20,6,0,12,133.0,8.5,2
2017,table2017.csv,0,0,0,0,0,0,0,1002,TEMBIN,1727,2017,20,12,0,12,131.9,8.7,2
2017,table2017.csv,90,90,9,0,0,0,0,998,TEMBIN,1727,2017,20,18,35,12,130.9,8.6,3
2017,table2017.csv,90,150,8,0,0,0,0,996,TEMBIN,1727,2017,21,0,40,12,129.9,8.6,3
2017,table2017.csv,90,150,8,0,0,0,0,994,TEMBIN,1727,2017,21,6,45,12,129.0,8.4,3
2017,table2017.csv,90,150,8,0,0,0,0,992,TEMBIN,1727,2017,21,12,45,12,128.0,8.1,3
2017,table2017.csv,90,150,8,0,0,0,0,990,TEMBIN,1727,2017,21,18,50,12,126.8,7.8,4
2017,table2017.csv,90,150,8,0,0,0,0,992,TEMBIN,1727,2017,22,0,45,12,125.2,7.7,3
2017,table2017.csv,90,150,8,0,0,0,0,994,TEMBIN,1727,2017,22,6,40,12,123.6,7.9,3
2017,table2017.csv,90,180,7,0,0,0,0,992,TEMBIN,1727,2017,22,12,45,12,122.5,8.0,3
2017,table2017.csv,90,180,7,0,0,0,0,990,TEMBIN,1727,2017,22,18,50,12,121.4,7.8,4
2017,table2017.csv,90,180,7,40,40,9,0,985,TEMBIN,1727,2017,23,0,55,12,120.3,7.7,4
2017,table2017.csv,90,180,7,40,40,9,0,980,TEMBIN,1727,2017,23,6,60,12,118.8,7.8,4
2017,table2017.csv,90,180,7,40,40,9,0,975,TEMBIN,1727,2017,23,12,65,12,117.5,7.8,5
2017,table2017.csv,90,180,7,40,40,9,0,975,TEMBIN,1727,2017,23,18,65,12,115.9,8.1,5
2017,table2017.csv,90,180,7,40,40,9,0,970,TEMBIN,1727,2017,24,0,70,12,114.7,8.1,5
2017,table2017.csv,90,210,7,40,40,9,0,970,TEMBIN,1727,2017,24,6,70,12,113.3,8.2,5
2017,table2017.csv,90,240,7,40,40,9,0,975,TEMBIN,1727,2017,24,12,65,12,112.0,8.3,5
2017,table2017.csv,90,270,7,40,40,9,0,980,TEMBIN,1727,2017,24,18,55,12,111.0,8.1,4
2017,table2017.csv,90,270,7,0,0,0,0,992,TEMBIN,1727,2017,25,0,45,12,109.9,8.0,3
2017,table2017.csv,90,270,7,0,0,0,0,996,TEMBIN,1727,2017,25,6,40,12,108.8,8.1,3
2017,table2017.csv,0,0,0,0,0,0,0,1004,TEMBIN,1727,2017,25,12,0,12,107.7,8.7,2
2017,table2017.csv,0,0,0,0,0,0,0,1006,TEMBIN,1727,2017,25,18,0,12,105.7,8.5,2
2017,table2017.csv,0,0,0,0,0,0,0,1008,TEMBIN,1727,2017,26,0,0,12,104.4,8.4,2
2017,table2017.csv,0,0,0,0,0,0,0,1008,TEMBIN,1727,2017,26,6,0,12,103.6,8.6,2
2018,table2018.csv,0,0,0,0,0,0,0,1006,BOLAVEN,1801,2017,29,18,0,12,138.0,7.4,2
2018,table2018.csv,0,0,0,0,0,0,0,1006,BOLAVEN,1801,2017,30,0,0,12,137.5,8.0,2
2018,table2018.csv,0,0,0,0,0,0,0,1004,BOLAVEN,1801,2017,30,6,0,12,136.9,8.6,2
2018,table2018.csv,0,0,0,0,0,0,0,1006,BOLAVEN,1801,2017,30,12,0,12,136.1,9.1,2
2018,table2018.csv,0,0,0,0,0,0,0,1004,BOLAVEN,1801,2017,30,18,0,12,135.2,9.4,2
2018,table2018.csv,0,0,0,0,0,0,0,1006,BOLAVEN,1801,2017,31,0,0,12,134.3,9.5,2
2018,table2018.csv,0,0,0,0,0,0,0,1004,BOLAVEN,1801,2017,31,6,0,12,133.3,9.5,2
2018,table2018.csv,0,0,0,0,0,0,0,1004,BOLAVEN,1801,2017,31,12,0,12,132.3,9.3,2
2018,table2018.csv,0,0,0,0,0,0,0,1004,BOLAVEN,1801,2017,31,18,0,12,131.0,9.0,2
2018,table2018.csv,0,0,0,0,0,0,0,1004,BOLAVEN,1801,2018,1,0,0,1,129.9,8.8,2
2018,table2018.csv,0,0,0,0,0,0,0,1002,BOLAVEN,1801,2018,1,6,0,1,128.4,8.7,2
2018,table2018.csv,0,0,0,0,0,0,0,1004,BOLAVEN,1801,2018,1,12,0,1,126.7,9.2,2
2018,table2018.csv,0,0,0,0,0,0,0,1004,BOLAVEN,1801,2018,1,18,0,1,124.5,9.2,2
2018,table2018.csv,0,0,0,0,0,0,0,1004,BOLAVEN,1801,2018,2,0,0,1,122.4,9.2,2
2018,table2018.csv,0,0,0,0,0,0,0,1004,BOLAVEN,1801,2018,2,6,0,1,120.8,9.1,2
2018,table2018.csv,0,0,0,0,0,0,0,1004,BOLAVEN,1801,2018,2,12,0,1,119.2,9.3,2
2018,table2018.csv,0,0,0,0,0,0,0,1004,BOLAVEN,1801,2018,2,18,0,1,117.3,10.0,2
2018,table2018.csv,30,30,9,0,0,0,0,1002,BOLAVEN,1801,2018,3,0,35,1,116.0,10.4,3
2018,table2018.csv,30,30,9,0,0,0,0,1002,BOLAVEN,1801,2018,3,6,35,1,114.8,11.2,3
2018,table2018.csv,30,30,9,0,0,0,0,1002,BOLAVEN,1801,2018,3,12,35,1,113.3,11.4,3
2018,table2018.csv,30,30,9,0,0,0,0,1002,BOLAVEN,1801,2018,3,18,35,1,112.2,11.8,3
2018,table2018.csv,0,0,0,0,0,0,0,1006,BOLAVEN,1801,2018,4,0,0,1,111.0,12.3,2
2018,table2018.csv,0,0,0,0,0,0,0,1008,BOLAVEN,1801,2018,4,6,0,1,110.0,12.3,2
2018,table2018.csv,0,0,0,0,0,0,0,1006,SANBA,1802,2018,8,0,0,2,150.8,8.1,2
2018,table2018.csv,0,0,0,0,0,0,0,1004,SANBA,1802,2018,8,6,0,2,150.1,9.1,2
2018,table2018.csv,0,0,0,0,0,0,0,1006,SANBA,1802,2018,8,12,0,2,149.8,10.8,2
2018,table2018.csv,0,0,0,0,0,0,0,1004,SANBA,1802,2018,8,18,0,2,148.6,11.0,2
2018,table2018.csv,0,0,0,0,0,0,0,1006,SANBA,1802,2018,9,0,0,2,147.4,10.4,2
2018,table2018.csv,0,0,0,0,0,0,0,1004,SANBA,1802,2018,9,6,0,2,146.9,10.1,2
2018,table2018.csv,0,0,0,0,0,0,0,1008,SANBA,1802,2018,9,12,0,2,146.0,9.4,2
2018,table2018.csv,0,0,0,0,0,0,0,1006,SANBA,1802,2018,9,18,0,2,145.0,9.1,2
2018,table2018.csv,0,0,0,0,0,0,0,1008,SANBA,1802,2018,10,0,0,2,143.3,8.5,2
2018,table2018.csv,0,0,0,0,0,0,0,1004,SANBA,1802,2018,10,6,0,2,142.3,7.8,2
2018,table2018.csv,0,0,0,0,0,0,0,1004,SANBA,1802,2018,10,12,0,2,140.8,6.9,2
2018,table2018.csv,0,0,0,0,0,0,0,1002,SANBA,1802,2018,10,18,0,2,139.0,6.8,2
2018,table2018.csv,0,0,0,0,0,0,0,1002,SANBA,1802,2018,11,0,0,2,137.4,6.7,2
2018,table2018.csv,60,120,7,0,0,0,0,1000,SANBA,1802,2018,11,6,35,2,135.8,6.8,3
2018,table2018.csv,60,120,7,0,0,0,0,1000,SANBA,1802,2018,11,12,35,2,134.4,7.0,3
2018,table2018.csv,60,120,7,0,0,0,0,1000,SANBA,1802,2018,11,18,35,2,133.1,7.0,3
2018,table2018.csv,90,180,7,0,0,0,0,1000,SANBA,1802,2018,12,0,35,2,131.9,7.1,3
2018,table2018.csv,90,240,7,0,0,0,0,1000,SANBA,1802,2018,12,6,35,2,130.7,7.2,3
2018,table2018.csv,90,240,7,0,0,0,0,1000,SANBA,1802,2018,12,12,35,2,129.3,7.7,3
2018,table2018.csv,90,210,7,0,0,0,0,1000,SANBA,1802,2018,12,18,35,2,128.0,8.4,3
2018,table2018.csv,90,210,8,0,0,0,0,1002,SANBA,1802,2018,13,0,35,2,126.4,9.4,3
2018,table2018.csv,0,0,0,0,0,0,0,1006,SANBA,1802,2018,13,6,0,2,124.6,9.6,2
2018,table2018.csv,0,0,0,0,0,0,0,1008,SANBA,1802,2018,13,12,0,2,123.9,9.1,2
2018,table2018.csv,0,0,0,0,0,0,0,1008,SANBA,1802,2018,13,18,0,2,122.0,8.6,2
2018,table2018.csv,0,0,0,0,0,0,0,1008,SANBA,1802,2018,14,0,0,2,120.5,7.2,2
2018,table2018.csv,0,0,0,0,0,0,0,1008,SANBA,1802,2018,14,6,0,2,119.9,6.5,2
2018,table2018.csv,0,0,0,0,0,0,0,1010,SANBA,1802,2018,14,12,0,2,120.0,6.7,2
2018,table2018.csv,0,0,0,0,0,0,0,1008,SANBA,1802,2018,14,18,0,2,120.0,7.2,2
2018,table2018.csv,0,0,0,0,0,0,0,1010,SANBA,1802,2018,15,0,0,2,119.4,8.1,2
2018,table2018.csv,0,0,0,0,0,0,0,1008,SANBA,1802,2018,15,6,0,2,119.2,8.7,2
2018,table2018.csv,0,0,0,0,0,0,0,1010,SANBA,1802,2018,15,12,0,2,118.5,8.9,2
2018,table2018.csv,0,0,0,0,0,0,0,1010,SANBA,1802,2018,15,18,0,2,117.7,9.4,2
2018,table2018.csv,0,0,0,0,0,0,0,1012,SANBA,1802,2018,16,0,0,2,116.1,10.0,2
2018,table2018.csv,0,0,0,0,0,0,0,1010,SANBA,1802,2018,16,6,0,2,115.7,9.8,2
2018,table2018.csv,0,0,0,0,0,0,0,1004,JELAWAT,1803,2018,24,18,0,3,143.0,5.8,2
2018,table2018.csv,0,0,0,0,0,0,0,1002,JELAWAT,1803,2018,25,0,0,3,141.7,6.2,2
2018,table2018.csv,60,90,8,0,0,0,0,1000,JELAWAT,1803,2018,25,6,35,3,140.3,6.6,3
2018,table2018.csv,60,90,8,0,0,0,0,1000,JELAWAT,1803,2018,25,12,35,3,139.2,7.0,3
2018,table2018.csv,60,90,8,0,0,0,0,1000,JELAWAT,1803,2018,25,18,35,3,138.4,7.3,3
2018,table2018.csv,60,90,8,0,0,0,0,1000,JELAWAT,1803,2018,26,0,35,3,137.6,7.6,3
2018,table2018.csv,60,90,8,0,0,0,0,1000,JELAWAT,1803,2018,26,6,35,3,136.7,8.0,3
2018,table2018.csv,60,90,8,0,0,0,0,1000,JELAWAT,1803,2018,26,12,35,3,135.8,8.7,3
2018,table2018.csv,90,120,8,0,0,0,0,1000,JELAWAT,1803,2018,26,18,35,3,135.3,9.4,3
2018,table2018.csv,90,120,8,0,0,0,0,1000,JELAWAT,1803,2018,27,0,35,3,135.0,10.3,3
2018,table2018.csv,90,120,8,0,0,0,0,1000,JELAWAT,1803,2018,27,6,35,3,134.9,11.0,3
2018,table2018.csv,90,150,8,0,0,0,0,1000,JELAWAT,1803,2018,27,12,35,3,134.8,11.6,3
2018,table2018.csv,90,150,8,0,0,0,0,998,JELAWAT,1803,2018,27,18,40,3,134.8,12.3,3
2018,table2018.csv,90,150,8,0,0,0,0,994,JELAWAT,1803,2018,28,0,45,3,134.9,13.0,3
2018,table2018.csv,90,180,8,0,0,0,0,990,JELAWAT,1803,2018,28,6,50,3,135.0,13.7,4
2018,table2018.csv,90,180,8,0,0,0,0,990,JELAWAT,1803,2018,28,12,50,3,135.2,14.5,4
2018,table2018.csv,90,180,8,40,60,8,0,985,JELAWAT,1803,2018,28,18,55,3,135.3,15.3,4
2018,table2018.csv,90,150,8,40,60,8,0,975,JELAWAT,1803,2018,29,0,65,3,135.3,15.3,5
2018,table2018.csv,90,150,8,50,50,9,0,965,JELAWAT,1803,2018,29,6,70,3,135.6,15.3,5
2018,table2018.csv,90,150,8,50,50,9,0,955,JELAWAT,1803,2018,29,12,80,3,136.2,15.3,5
2018,table2018.csv,90,150,8,50,50,9,0,945,JELAWAT,1803,2018,29,18,85,3,136.8,15.5,5
2018,table2018.csv,90,150,8,50,50,9,0,935,JELAWAT,1803,2018,30,0,95,3,137.3,15.7,5
2018,table2018.csv,90,150,8,50,50,9,0,915,JELAWAT,1803,2018,30,6,105,3,138.1,16.2,5
2018,table2018.csv,90,150,8,50,50,9,0,915,JELAWAT,1803,2018,30,12,105,3,139.0,16.8,5
2018,table2018.csv,90,150,1,50,50,9,0,925,JELAWAT,1803,2018,30,18,100,3,139.8,17.6,5
2018,table2018.csv,90,150,1,40,40,9,0,955,JELAWAT,1803,2018,31,0,80,3,140.8,18.2,5
2018,table2018.csv,90,180,1,40,40,9,0,965,JELAWAT,1803,2018,31,6,70,3,141.7,18.6,5
2018,table2018.csv,90,210,1,40,40,9,0,975,JELAWAT,1803,2018,31,12,65,3,142.6,18.9,5
2018,table2018.csv,90,210,1,0,0,0,0,992,JELAWAT,1803,2018,31,18,35,3,143.5,19.1,3
2018,table2018.csv,0,0,0,0,0,0,0,996,JELAWAT,1803,2018,1,0,0,4,144.4,19.3,2
2018,table2018.csv,0,0,0,0,0,0,0,996,JELAWAT,1803,2018,1,6,0,4,145.6,19.1,2
2018,table2018.csv,0,0,0,0,0,0,0,1004,EWINIAR,1804,2018,2,18,0,6,112.0,14.2,2
2018,table2018.csv,0,0,0,0,0,0,0,1002,EWINIAR,1804,2018,3,0,0,6,111.6,14.5,2
2018,table2018.csv,0,0,0,0,0,0,0,1002,EWINIAR,1804,2018,3,6,0,6,111.3,14.9,2
2018,table2018.csv,0,0,0,0,0,0,0,1002,EWINIAR,1804,2018,3,12,0,6,111.0,15.2,2
2018,table2018.csv,0,0,0,0,0,0,0,1002,EWINIAR,1804,2018,3,18,0,6,110.9,15.4,2
2018,table2018.csv,0,0,0,0,0,0,0,1002,EWINIAR,1804,2018,4,0,0,6,110.7,15.6,2
2018,table2018.csv,0,0,0,0,0,0,0,1002,EWINIAR,1804,2018,4,6,0,6,110.6,15.8,2
2018,table2018.csv,0,0,0,0,0,0,0,1002,EWINIAR,1804,2018,4,12,0,6,110.7,16.2,2
2018,table2018.csv,0,0,0,0,0,0,0,1000,EWINIAR,1804,2018,4,18,0,6,111.1,16.8,2
2018,table2018.csv,60,60,9,0,0,0,0,1000,EWINIAR,1804,2018,5,0,35,6,111.4,17.5,3
2018,table2018.csv,60,60,9,0,0,0,0,1000,EWINIAR,1804,2018,5,6,35,6,111.5,18.5,3
2018,table2018.csv,60,60,9,0,0,0,0,1000,EWINIAR,1804,2018,5,12,35,6,111.4,19.7,3
2018,table2018.csv,60,60,9,0,0,0,0,1000,EWINIAR,1804,2018,5,18,35,6,111.0,20.5,3
2018,table2018.csv,60,60,9,0,0,0,0,1000,EWINIAR,1804,2018,6,0,35,6,110.7,20.7,3
2018,table2018.csv,60,60,9,0,0,0,0,998,EWINIAR,1804,2018,6,6,35,6,110.4,20.1,3
2018,table2018.csv,60,60,9,0,0,0,0,998,EWINIAR,1804,2018,6,12,35,6,111.0,20.2,3
2018,table2018.csv,60,60,9,0,0,0,0,998,EWINIAR,1804,2018,6,18,35,6,111.3,20.4,3
2018,table2018.csv,60,60,9,0,0,0,0,998,EWINIAR,1804,2018,7,0,35,6,111.3,20.7,3
2018,table2018.csv,60,60,9,0,0,0,0,998,EWINIAR,1804,2018,7,6,40,6,111.4,21.0,3
2018,table2018.csv,120,120,9,0,0,0,0,998,EWINIAR,1804,2018,7,12,40,6,111.7,21.4,3
2018,table2018.csv,120,120,9,0,0,0,0,998,EWINIAR,1804,2018,7,18,40,6,111.9,21.9,3
2018,table2018.csv,120,120,9,0,0,0,0,998,EWINIAR,1804,2018,8,0,40,6,112.1,22.5,3
2018,table2018.csv,60,60,9,0,0,0,0,998,EWINIAR,1804,2018,8,6,35,6,112.3,23.0,3
2018,table2018.csv,60,60,9,0,0,0,0,998,EWINIAR,1804,2018,8,12,35,6,112.6,23.3,3
2018,table2018.csv,0,0,0,0,0,0,0,998,EWINIAR,1804,2018,8,18,0,6,113.3,23.1,2
2018,table2018.csv,0,0,0,0,0,0,0,998,EWINIAR,1804,2018,9,0,0,6,113.9,22.9,2
2018,table2018.csv,0,0,0,0,0,0,0,998,EWINIAR,1804,2018,9,6,0,6,114.4,23.0,2
2018,table2018.csv,0,0,0,0,0,0,0,998,EWINIAR,1804,2018,9,12,0,6,114.6,23.0,2
2018,table2018.csv,0,0,0,0,0,0,0,998,EWINIAR,1804,2018,9,18,0,6,115.3,22.8,2
2018,table2018.csv,0,0,0,0,0,0,0,1000,EWINIAR,1804,2018,10,0,0,6,116.4,22.7,2
2018,table2018.csv,0,0,0,0,0,0,0,998,EWINIAR,1804,2018,10,6,0,6,118.6,23.1,2
2018,table2018.csv,0,0,0,0,0,0,0,1000,EWINIAR,1804,2018,10,12,0,6,121.8,23.4,2
2018,table2018.csv,0,0,0,0,0,0,0,998,EWINIAR,1804,2018,10,18,0,6,122.8,23.9,2
2018,table2018.csv,0,0,0,0,0,0,0,998,EWINIAR,1804,2018,11,0,0,6,123.7,24.6,2
2018,table2018.csv,0,0,0,0,0,0,0,998,EWINIAR,1804,2018,11,6,0,6,125.3,24.9,2
2018,table2018.csv,0,0,0,0,0,0,0,1004,MALIKSI,1805,2018,3,18,0,6,131.8,9.7,2
2018,table2018.csv,0,0,0,0,0,0,0,1006,MALIKSI,1805,2018,4,0,0,6,131.9,9.6,2
2018,table2018.csv,0,0,0,0,0,0,0,1004,MALIKSI,1805,2018,4,6,0,6,132.0,9.8,2
2018,table2018.csv,0,0,0,0,0,0,0,1004,MALIKSI,1805,2018,4,12,0,6,132.0,9.9,2
2018,table2018.csv,0,0,0,0,0,0,0,1004,MALIKSI,1805,2018,4,18,0,6,132.0,10.0,2
2018,table2018.csv,0,0,0,0,0,0,0,1004,MALIKSI,1805,2018,5,0,0,6,132.0,10.1,2
2018,table2018.csv,0,0,0,0,0,0,0,1004,MALIKSI,1805,2018,5,6,0,6,132.1,10.6,2
2018,table2018.csv,0,0,0,0,0,0,0,1004,MALIKSI,1805,2018,5,12,0,6,132.2,11.0,2
2018,table2018.csv,0,0,0,0,0,0,0,1002,MALIKSI,1805,2018,5,18,0,6,131.7,12.1,2
2018,table2018.csv,0,0,0,0,0,0,0,1004,MALIKSI,1805,2018,6,0,0,6,131.3,13.0,2
2018,table2018.csv,0,0,0,0,0,0,0,1002,MALIKSI,1805,2018,6,6,0,6,130.7,13.8,2
2018,table2018.csv,0,0,0,0,0,0,0,1004,MALIKSI,1805,2018,6,12,0,6,130.0,14.7,2
2018,table2018.csv,0,0,0,0,0,0,0,1004,MALIKSI,1805,2018,6,18,0,6,129.2,15.4,2
2018,table2018.csv,0,0,0,0,0,0,0,1002,MALIKSI,1805,2018,7,0,0,6,128.5,16.0,2
2018,table2018.csv,0,0,0,0,0,0,0,1000,MALIKSI,1805,2018,7,6,0,6,128.4,16.2,2
2018,table2018.csv,0,0,0,0,0,0,0,1000,MALIKSI,1805,2018,7,12,0,6,128.0,16.8,2
2018,table2018.csv,180,400,3,0,0,0,0,996,MALIKSI,1805,2018,7,18,35,6,127.9,17.3,3
2018,table2018.csv,180,400,3,0,0,0,0,996,MALIKSI,1805,2018,8,0,35,6,127.8,17.8,3
2018,table2018.csv,180,400,3,0,0,0,0,996,MALIKSI,1805,2018,8,6,35,6,127.2,18.9,3
2018,table2018.csv,180,400,3,0,0,0,0,996,MALIKSI,1805,2018,8,12,35,6,126.8,19.7,3
2018,table2018.csv,180,400,3,0,0,0,0,992,MALIKSI,1805,2018,8,18,40,6,126.7,20.4,3
2018,table2018.csv,160,400,3,0,0,0,0,990,MALIKSI,1805,2018,9,0,45,6,127.0,21.9,3
2018,table2018.csv,160,400,3,0,0,0,0,985,MALIKSI,1805,2018,9,6,50,6,127.5,22.3,4
2018,table2018.csv,160,400,3,0,0,0,0,985,MALIKSI,1805,2018,9,12,50,6,128.1,22.8,4
2018,table2018.csv,160,400,3,0,0,0,0,985,MALIKSI,1805,2018,9,15,50,6,128.6,23.1,4
2018,table2018.csv,160,400,3,40,90,3,0,975,MALIKSI,1805,2018,9,18,55,6,129.4,23.5,4
2018,table2018.csv,160,400,3,40,90,3,0,975,MALIKSI,1805,2018,9,21,55,6,130.1,24.3,4
2018,table2018.csv,160,400,3,40,110,3,0,970,MALIKSI,1805,2018,10,0,60,6,130.7,25.0,4
2018,table2018.csv,160,400,3,40,110,3,0,970,MALIKSI,1805,2018,10,3,60,6,131.4,25.8,4
2018,table2018.csv,160,400,3,40,110,3,0,970,MALIKSI,1805,2018,10,6,60,6,132.3,26.3,4
2018,table2018.csv,160,400,3,40,110,3,0,970,MALIKSI,1805,2018,10,9,60,6,133.4,26.8,4
2018,table2018.csv,160,400,3,40,90,3,0,975,MALIKSI,1805,2018,10,12,55,6,134.4,27.6,4
2018,table2018.csv,160,400,3,40,90,3,0,980,MALIKSI,1805,2018,10,18,55,6,136.5,28.9,4
2018,table2018.csv,160,400,3,0,0,0,0,980,MALIKSI,1805,2018,11,0,50,6,139.0,30.6,4
2018,table2018.csv,200,400,3,0,0,0,0,980,MALIKSI,1805,2018,11,6,50,6,141.2,32.7,4
2018,table2018.csv,200,400,3,0,0,0,0,980,MALIKSI,1805,2018,11,12,50,6,144.8,34.6,4
2018,table2018.csv,0,0,0,0,0,0,0,984,MALIKSI,1805,2018,11,18,0,6,148.0,36.5,6
2018,table2018.csv,0,0,0,0,0,0,0,984,MALIKSI,1805,2018,12,0,0,6,149.8,37.8,6
2018,table2018.csv,0,0,0,0,0,0,0,984,MALIKSI,1805,2018,12,6,0,6,152.0,38.8,6
2018,table2018.csv,0,0,0,0,0,0,0,992,MALIKSI,1805,2018,12,12,0,6,155.4,39.0,6
2018,table2018.csv,0,0,0,0,0,0,0,996,MALIKSI,1805,2018,12,18,0,6,157.7,38.8,6
2018,table2018.csv,0,0,0,0,0,0,0,996,GAEMI,1806,2018,13,12,0,6,117.1,21.6,2
2018,table2018.csv,0,0,0,0,0,0,0,996,GAEMI,1806,2018,13,18,0,6,117.9,21.7,2
2018,table2018.csv,0,0,0,0,0,0,0,996,GAEMI,1806,2018,14,0,0,6,118.6,21.8,2
2018,table2018.csv,0,0,0,0,0,0,0,994,GAEMI,1806,2018,14,6,0,6,119.2,22.0,2
2018,table2018.csv,0,0,0,0,0,0,0,994,GAEMI,1806,2018,14,12,0,6,119.8,22.4,2
2018,table2018.csv,0,0,0,0,0,0,0,994,GAEMI,1806,2018,14,18,0,6,120.1,22.6,2
2018,table2018.csv,120,150,3,0,0,0,0,994,GAEMI,1806,2018,15,0,35,6,120.2,22.7,3
2018,table2018.csv,120,150,3,0,0,0,0,994,GAEMI,1806,2018,15,6,35,6,122.2,23.3,3
2018,table2018.csv,120,150,3,0,0,0,0,994,GAEMI,1806,2018,15,12,35,6,123.9,24.9,3
2018,table2018.csv,120,210,3,0,0,0,0,994,GAEMI,1806,2018,15,18,40,6,125.1,25.2,3
2018,table2018.csv,120,210,3,0,0,0,0,992,GAEMI,1806,2018,16,0,40,6,127.1,26.3,3
2018,table2018.csv,120,210,2,0,0,0,0,990,GAEMI,1806,2018,16,6,45,6,128.9,26.8,3
2018,table2018.csv,120,210,2,0,0,0,0,992,GAEMI,1806,2018,16,12,40,6,130.8,27.2,3
2018,table2018.csv,120,210,2,0,0,0,0,992,GAEMI,1806,2018,16,18,40,6,131.5,27.7,3
2018,table2018.csv,0,0,0,0,0,0,0,996,GAEMI,1806,2018,17,0,0,6,132.1,28.5,6
2018,table2018.csv,0,0,0,0,0,0,0,996,GAEMI,1806,2018,17,6,0,6,132.7,29.4,6
2018,table2018.csv,0,0,0,0,0,0,0,996,GAEMI,1806,2018,17,12,0,6,133.5,30.0,6
2018,table2018.csv,0,0,0,0,0,0,0,996,GAEMI,1806,2018,17,18,0,6,134.2,30.5,6
2018,table2018.csv,0,0,0,0,0,0,0,996,GAEMI,1806,2018,18,0,0,6,135.3,31.2,6
2018,table2018.csv,0,0,0,0,0,0,0,996,GAEMI,1806,2018,18,6,0,6,137.2,31.7,6
2018,table2018.csv,0,0,0,0,0,0,0,998,GAEMI,1806,2018,18,12,0,6,139.0,32.0,6
2018,table2018.csv,0,0,0,0,0,0,0,998,GAEMI,1806,2018,18,18,0,6,141.4,32.6,6
2018,table2018.csv,0,0,0,0,0,0,0,998,GAEMI,1806,2018,19,0,0,6,144.0,33.7,6
2018,table2018.csv,0,0,0,0,0,0,0,996,GAEMI,1806,2018,19,6,0,6,146.2,34.7,6
2018,table2018.csv,0,0,0,0,0,0,0,992,GAEMI,1806,2018,19,12,0,6,148.1,35.8,6
2018,table2018.csv,0,0,0,0,0,0,0,994,GAEMI,1806,2018,19,18,0,6,150.2,36.1,6
2018,table2018.csv,0,0,0,0,0,0,0,996,GAEMI,1806,2018,20,0,0,6,151.0,36.7,6
2018,table2018.csv,0,0,0,0,0,0,0,998,GAEMI,1806,2018,20,6,0,6,151.5,37.3,6
2018,table2018.csv,0,0,0,0,0,0,0,1000,GAEMI,1806,2018,20,12,0,6,152.1,38.1,6
2018,table2018.csv,0,0,0,0,0,0,0,1000,GAEMI,1806,2018,20,18,0,6,152.5,38.7,6
2018,table2018.csv,0,0,0,0,0,0,0,1002,GAEMI,1806,2018,21,0,0,6,153.2,39.3,6
2018,table2018.csv,0,0,0,0,0,0,0,1002,GAEMI,1806,2018,21,6,0,6,154.1,40.0,6
2018,table2018.csv,0,0,0,0,0,0,0,998,GAEMI,1806,2018,21,12,0,6,154.1,41.0,6
2018,table2018.csv,0,0,0,0,0,0,0,1006,PRAPIROON,1807,2018,28,0,0,6,132.8,19.8,2
2018,table2018.csv,0,0,0,0,0,0,0,1004,PRAPIROON,1807,2018,28,6,0,6,132.2,19.8,2
2018,table2018.csv,0,0,0,0,0,0,0,1004,PRAPIROON,1807,2018,28,12,0,6,131.4,19.8,2
2018,table2018.csv,0,0,0,0,0,0,0,1002,PRAPIROON,1807,2018,28,18,0,6,130.8,19.8,2
2018,table2018.csv,200,200,9,0,0,0,0,998,PRAPIROON,1807,2018,29,0,35,6,130.3,19.8,3
2018,table2018.csv,200,200,9,0,0,0,0,998,PRAPIROON,1807,2018,29,6,35,6,129.9,19.8,3
2018,table2018.csv,150,210,2,0,0,0,0,996,PRAPIROON,1807,2018,29,12,40,6,129.8,19.8,3
2018,table2018.csv,150,210,2,0,0,0,0,996,PRAPIROON,1807,2018,29,18,40,6,129.7,19.9,3
2018,table2018.csv,150,210,2,0,0,0,0,992,PRAPIROON,1807,2018,30,0,45,6,129.6,20.4,3
2018,table2018.csv,150,210,2,0,0,0,0,992,PRAPIROON,1807,2018,30,6,45,6,129.4,21.0,3
2018,table2018.csv,150,210,2,0,0,0,0,992,PRAPIROON,1807,2018,30,12,45,6,128.8,21.8,3
2018,table2018.csv,150,210,2,0,0,0,0,992,PRAPIROON,1807,2018,30,18,45,6,128.2,22.9,3
2018,table2018.csv,150,210,2,0,0,0,0,985,PRAPIROON,1807,2018,1,0,50,7,127.7,23.6,4
2018,table2018.csv,150,210,2,0,0,0,0,985,PRAPIROON,1807,2018,1,3,50,7,127.3,23.9,4
2018,table2018.csv,150,210,2,30,30,9,0,980,PRAPIROON,1807,2018,1,6,55,7,127.2,24.5,4
2018,table2018.csv,150,210,2,30,30,9,0,980,PRAPIROON,1807,2018,1,9,55,7,127.0,25.0,4
2018,table2018.csv,150,270,2,50,50,9,0,980,PRAPIROON,1807,2018,1,12,55,7,126.9,25.4,4
2018,table2018.csv,150,270,2,50,50,9,0,980,PRAPIROON,1807,2018,1,15,55,7,126.8,25.8,4
2018,table2018.csv,150,270,2,50,50,9,0,970,PRAPIROON,1807,2018,1,18,60,7,126.8,26.1,4
2018,table2018.csv,150,270,3,50,50,9,0,970,PRAPIROON,1807,2018,1,21,60,7,126.8,26.7,4
2018,table2018.csv,150,270,3,50,50,9,0,965,PRAPIROON,1807,2018,2,0,65,7,127.0,27.2,5
2018,table2018.csv,150,270,3,50,50,9,0,965,PRAPIROON,1807,2018,2,3,65,7,127.1,27.7,5
2018,table2018.csv,150,270,3,50,50,9,0,965,PRAPIROON,1807,2018,2,6,65,7,127.4,28.2,5
2018,table2018.csv,150,270,3,50,50,9,0,965,PRAPIROON,1807,2018,2,9,65,7,127.7,28.8,5
2018,table2018.csv,150,270,3,50,50,9,0,965,PRAPIROON,1807,2018,2,12,65,7,128.1,29.5,5
2018,table2018.csv,120,240,2,50,50,9,0,965,PRAPIROON,1807,2018,2,15,65,7,127.9,30.1,5
2018,table2018.csv,120,240,2,50,50,9,0,960,PRAPIROON,1807,2018,2,18,65,7,127.8,30.7,5
2018,table2018.csv,120,240,2,50,50,9,0,960,PRAPIROON,1807,2018,2,21,65,7,127.9,31.4,5
2018,table2018.csv,120,240,2,50,50,9,0,965,PRAPIROON,1807,2018,3,0,60,7,128.2,32.0,4
2018,table2018.csv,120,240,2,50,50,9,0,965,PRAPIROON,1807,2018,3,3,60,7,128.6,32.7,4
2018,table2018.csv,120,240,2,50,50,9,0,965,PRAPIROON,1807,2018,3,6,60,7,128.9,33.2,4
2018,table2018.csv,120,240,2,50,50,9,0,970,PRAPIROON,1807,2018,3,9,60,7,129.3,33.9,4
2018,table2018.csv,120,240,2,50,50,9,0,975,PRAPIROON,1807,2018,3,12,55,7,129.6,34.4,4
2018,table2018.csv,120,240,2,50,50,9,0,975,PRAPIROON,1807,2018,3,15,55,7,130.2,35.0,4
2018,table2018.csv,120,240,2,0,0,0,0,980,PRAPIROON,1807,2018,3,18,50,7,130.8,35.6,4
2018,table2018.csv,120,300,3,0,0,0,0,985,PRAPIROON,1807,2018,4,0,45,7,132.5,37.3,3
2018,table2018.csv,0,0,0,0,0,0,0,986,PRAPIROON,1807,2018,4,6,0,7,134.8,39.6,6
2018,table2018.csv,0,0,0,0,0,0,0,986,PRAPIROON,1807,2018,4,12,0,7,136.6,40.6,6
2018,table2018.csv,0,0,0,0,0,0,0,986,PRAPIROON,1807,2018,4,18,0,7,138.3,40.9,6
2018,table2018.csv,0,0,0,0,0,0,0,992,PRAPIROON,1807,2018,5,0,0,7,139.5,41.3,6
2018,table2018.csv,0,0,0,0,0,0,0,1002,PRAPIROON,1807,2018,5,6,0,7,140.2,41.7,6
2018,table2018.csv,0,0,0,0,0,0,0,1004,MARIA,1808,2018,3,0,0,7,147.8,10.1,2
2018,table2018.csv,0,0,0,0,0,0,0,1004,MARIA,1808,2018,3,6,0,7,147.6,10.6,2
2018,table2018.csv,0,0,0,0,0,0,0,1004,MARIA,1808,2018,3,12,0,7,147.1,11.3,2
2018,table2018.csv,0,0,0,0,0,0,0,1002,MARIA,1808,2018,3,18,0,7,146.7,11.4,2
2018,table2018.csv,0,0,0,0,0,0,0,1002,MARIA,1808,2018,4,0,0,7,146.5,11.6,2
2018,table2018.csv,0,0,0,0,0,0,0,1002,MARIA,1808,2018,4,6,0,7,146.2,12.1,2
2018,table2018.csv,90,120,1,0,0,0,0,1000,MARIA,1808,2018,4,12,35,7,145.6,12.6,3
2018,table2018.csv,90,120,1,0,0,0,0,992,MARIA,1808,2018,4,18,45,7,144.8,13.6,3
2018,table2018.csv,120,180,1,0,0,0,0,990,MARIA,1808,2018,5,0,50,7,144.1,14.1,4
2018,table2018.csv,120,180,1,30,30,9,0,985,MARIA,1808,2018,5,6,55,7,143.3,14.5,4
2018,table2018.csv,120,180,1,50,50,9,0,970,MARIA,1808,2018,5,12,70,7,142.7,14.8,5
2018,table2018.csv,120,180,1,70,70,9,0,955,MARIA,1808,2018,5,18,80,7,142.3,15.4,5
2018,table2018.csv,120,180,1,70,70,9,0,950,MARIA,1808,2018,6,0,85,7,142.0,16.0,5
2018,table2018.csv,180,240,1,70,70,9,0,935,MARIA,1808,2018,6,6,95,7,141.6,16.5,5
2018,table2018.csv,180,240,1,70,70,9,0,925,MARIA,1808,2018,6,12,100,7,141.3,16.7,5
2018,table2018.csv,180,240,1,70,70,9,0,925,MARIA,1808,2018,6,18,100,7,141.0,16.9,5
2018,table2018.csv,180,240,1,70,70,9,0,935,MARIA,1808,2018,7,0,95,7,140.8,17.1,5
2018,table2018.csv,180,240,1,70,70,9,0,935,MARIA,1808,2018,7,6,95,7,140.7,17.6,5
2018,table2018.csv,180,240,1,70,70,9,0,935,MARIA,1808,2018,7,12,95,7,140.3,18.0,5
2018,table2018.csv,180,240,1,70,70,9,0,935,MARIA,1808,2018,7,18,95,7,139.6,18.5,5
2018,table2018.csv,180,240,1,70,70,9,0,935,MARIA,1808,2018,8,0,95,7,138.9,19.0,5
2018,table2018.csv,180,240,1,80,80,9,0,925,MARIA,1808,2018,8,6,100,7,137.8,19.9,5
2018,table2018.csv,240,300,1,80,80,9,0,925,MARIA,1808,2018,8,12,100,7,136.6,20.5,5
2018,table2018.csv,240,300,1,80,80,9,0,925,MARIA,1808,2018,8,18,100,7,135.1,21.1,5
2018,table2018.csv,240,300,1,90,90,9,0,915,MARIA,1808,2018,9,0,105,7,133.5,21.8,5
2018,table2018.csv,240,300,1,90,90,9,0,915,MARIA,1808,2018,9,6,105,7,131.9,22.4,5
2018,table2018.csv,240,300,1,90,90,9,0,915,MARIA,1808,2018,9,12,105,7,130.3,23.0,5
2018,table2018.csv,240,300,1,90,90,9,0,925,MARIA,1808,2018,9,15,100,7,129.5,23.1,5
2018,table2018.csv,210,270,1,100,100,9,0,935,MARIA,1808,2018,9,18,95,7,128.7,23.4,5
2018,table2018.csv,210,270,1,100,100,9,0,935,MARIA,1808,2018,9,21,95,7,127.9,23.7,5
2018,table2018.csv,210,270,1,130,130,9,0,940,MARIA,1808,2018,10,0,90,7,127.2,24.0,5
2018,table2018.csv,210,270,1,130,130,9,0,940,MARIA,1808,2018,10,3,90,7,126.3,24.5,5
2018,table2018.csv,210,270,1,150,150,9,0,940,MARIA,1808,2018,10,6,90,7,125.5,24.7,5
2018,table2018.csv,210,270,1,150,150,9,0,940,MARIA,1808,2018,10,9,90,7,124.8,25.1,5
2018,table2018.csv,210,270,1,130,130,9,0,950,MARIA,1808,2018,10,12,85,7,124.0,25.3,5
2018,table2018.csv,210,270,2,130,130,9,0,950,MARIA,1808,2018,10,15,85,7,123.3,25.7,5
2018,table2018.csv,180,270,2,90,130,2,0,950,MARIA,1808,2018,10,18,85,7,122.3,26.2,5
2018,table2018.csv,180,270,2,90,130,2,0,950,MARIA,1808,2018,10,21,85,7,121.0,26.4,5
2018,table2018.csv,150,210,2,70,120,2,0,950,MARIA,1808,2018,11,0,85,7,120.0,26.4,5
2018,table2018.csv,150,150,9,45,45,9,0,975,MARIA,1808,2018,11,6,65,7,117.8,26.4,5
2018,table2018.csv,150,150,9,0,0,0,0,992,MARIA,1808,2018,11,12,45,7,116.7,26.7,3
2018,table2018.csv,0,0,0,0,0,0,0,998,MARIA,1808,2018,11,18,0,7,115.6,27.9,2
2018,table2018.csv,0,0,0,0,0,0,0,1000,MARIA,1808,2018,12,0,0,7,114.4,28.6,2
2018,table2018.csv,0,0,0,0,0,0,0,1000,MARIA,1808,2018,12,6,0,7,113.7,29.3,2
2018,table2018.csv,0,0,0,0,0,0,0,1002,MARIA,1808,2018,12,12,0,7,112.7,30.2,2
2018,table2018.csv,0,0,0,0,0,0,0,1002,MARIA,1808,2018,12,18,0,7,111.8,30.6,2
2018,table2018.csv,0,0,0,0,0,0,0,1000,SON-TINH,1809,2018,16,0,0,7,125.3,18.4,2
2018,table2018.csv,0,0,0,0,0,0,0,998,SON-TINH,1809,2018,16,6,0,7,124.0,18.6,2
2018,table2018.csv,0,0,0,0,0,0,0,998,SON-TINH,1809,2018,16,12,0,7,122.4,18.9,2
2018,table2018.csv,0,0,0,0,0,0,0,998,SON-TINH,1809,2018,16,18,0,7,120.8,19.3,2
2018,table2018.csv,120,210,8,0,0,0,0,996,SON-TINH,1809,2018,17,0,35,7,118.5,19.4,3
2018,table2018.csv,120,210,8,0,0,0,0,996,SON-TINH,1809,2018,17,6,35,7,115.9,19.2,3
2018,table2018.csv,120,210,8,0,0,0,0,994,SON-TINH,1809,2018,17,12,40,7,113.6,19.0,3
2018,table2018.csv,120,210,8,0,0,0,0,994,SON-TINH,1809,2018,17,18,40,7,111.3,18.8,3
2018,table2018.csv,120,210,8,0,0,0,0,996,SON-TINH,1809,2018,18,0,35,7,109.3,18.6,3
2018,table2018.csv,120,210,8,0,0,0,0,994,SON-TINH,1809,2018,18,6,40,7,107.9,18.8,3
2018,table2018.csv,120,210,8,0,0,0,0,994,SON-TINH,1809,2018,18,12,40,7,106.8,18.8,3
2018,table2018.csv,90,150,8,0,0,0,0,994,SON-TINH,1809,2018,18,18,35,7,105.6,18.8,3
2018,table2018.csv,0,0,0,0,0,0,0,998,SON-TINH,1809,2018,19,0,0,7,104.4,19.1,2
2018,table2018.csv,0,0,0,0,0,0,0,1000,SON-TINH,1809,2018,19,6,0,7,103.3,19.5,2
2018,table2018.csv,0,0,0,0,0,0,0,1000,SON-TINH,1809,2018,19,12,0,7,102.9,19.5,2
2018,table2018.csv,0,0,0,0,0,0,0,1000,SON-TINH,1809,2018,19,18,0,7,103.4,19.6,2
2018,table2018.csv,0,0,0,0,0,0,0,1002,SON-TINH,1809,2018,20,0,0,7,103.9,19.8,2
2018,table2018.csv,0,0,0,0,0,0,0,1000,SON-TINH,1809,2018,20,6,0,7,104.3,20.1,2
2018,table2018.csv,0,0,0,0,0,0,0,1000,SON-TINH,1809,2018,20,12,0,7,104.6,20.4,2
2018,table2018.csv,0,0,0,0,0,0,0,1000,SON-TINH,1809,2018,20,18,0,7,105.1,20.4,2
2018,table2018.csv,0,0,0,0,0,0,0,1000,SON-TINH,1809,2018,21,0,0,7,105.5,20.2,2
2018,table2018.csv,0,0,0,0,0,0,0,998,SON-TINH,1809,2018,21,6,0,7,106.0,19.9,2
2018,table2018.csv,0,0,0,0,0,0,0,998,SON-TINH,1809,2018,21,12,0,7,106.6,19.7,2
2018,table2018.csv,0,0,0,0,0,0,0,996,SON-TINH,1809,2018,21,18,0,7,107.1,19.5,2
2018,table2018.csv,0,0,0,0,0,0,0,996,SON-TINH,1809,2018,22,0,0,7,107.6,19.3,2
2018,table2018.csv,0,0,0,0,0,0,0,996,SON-TINH,1809,2018,22,6,0,7,108.2,19.1,2
2018,table2018.csv,0,0,0,0,0,0,0,994,SON-TINH,1809,2018,22,12,0,7,109.0,19.1,2
2018,table2018.csv,0,0,0,0,0,0,0,994,SON-TINH,1809,2018,22,18,0,7,109.5,19.5,2
2018,table2018.csv,0,0,0,0,0,0,0,996,SON-TINH,1809,2018,23,0,0,7,109.9,19.9,2
2018,table2018.csv,0,0,0,0,0,0,0,994,SON-TINH,1809,2018,23,6,0,7,110.4,20.4,2
2018,table2018.csv,0,0,0,0,0,0,0,994,SON-TINH,1809,2018,23,12,0,7,110.7,20.7,2
2018,table2018.csv,0,0,0,0,0,0,0,994,SON-TINH,1809,2018,23,18,0,7,110.7,21.2,2
2018,table2018.csv,0,0,0,0,0,0,0,998,SON-TINH,1809,2018,24,0,0,7,109.5,22.1,2
2018,table2018.csv,0,0,0,0,0,0,0,998,SON-TINH,1809,2018,24,6,0,7,108.9,22.6,2
2018,table2018.csv,0,0,0,0,0,0,0,998,SON-TINH,1809,2018,24,12,0,7,108.3,23.1,2
2018,table2018.csv,0,0,0,0,0,0,0,1000,SON-TINH,1809,2018,24,18,0,7,107.6,23.6,2
2018,table2018.csv,0,0,0,0,0,0,0,1000,AMPIL,1810,2018,17,12,0,7,127.9,18.4,2
2018,table2018.csv,0,0,0,0,0,0,0,1000,AMPIL,1810,2018,17,18,0,7,128.2,18.8,2
2018,table2018.csv,0,0,0,0,0,0,0,1000,AMPIL,1810,2018,18,0,0,7,128.7,19.1,2
2018,table2018.csv,0,0,0,0,0,0,0,1000,AMPIL,1810,2018,18,6,0,7,129.4,19.4,2
2018,table2018.csv,150,240,4,0,0,0,0,996,AMPIL,1810,2018,18,12,35,7,130.0,19.7,3
2018,table2018.csv,150,240,4,0,0,0,0,996,AMPIL,1810,2018,18,18,35,7,130.4,19.8,3
2018,table2018.csv,150,240,4,0,0,0,0,994,AMPIL,1810,2018,19,0,40,7,130.8,20.0,3
2018,table2018.csv,150,240,4,0,0,0,0,994,AMPIL,1810,2018,19,6,40,7,131.7,20.9,3
2018,table2018.csv,150,240,3,0,0,0,0,990,AMPIL,1810,2018,19,12,45,7,131.6,21.6,3
2018,table2018.csv,180,270,2,0,0,0,0,985,AMPIL,1810,2018,19,18,50,7,131.2,22.3,4
2018,table2018.csv,180,270,2,0,0,0,0,985,AMPIL,1810,2018,20,0,50,7,130.8,22.5,4
2018,table2018.csv,180,270,2,0,0,0,0,985,AMPIL,1810,2018,20,6,50,7,130.5,23.1,4
2018,table2018.csv,180,270,2,0,0,0,0,985,AMPIL,1810,2018,20,9,50,7,130.3,23.8,4
2018,table2018.csv,180,270,1,0,0,0,0,985,AMPIL,1810,2018,20,12,50,7,129.9,24.5,4
2018,table2018.csv,180,270,1,0,0,0,0,985,AMPIL,1810,2018,20,15,50,7,129.5,24.9,4
2018,table2018.csv,180,270,1,0,0,0,0,985,AMPIL,1810,2018,20,18,50,7,129.0,25.6,4
2018,table2018.csv,180,270,1,0,0,0,0,985,AMPIL,1810,2018,20,21,50,7,128.7,26.2,4
2018,table2018.csv,180,270,1,0,0,0,1,985,AMPIL,1810,2018,20,23,50,7,128.3,26.6,4
2018,table2018.csv,180,270,1,0,0,0,0,985,AMPIL,1810,2018,21,0,50,7,127.9,26.7,4
2018,table2018.csv,180,270,1,0,0,0,0,985,AMPIL,1810,2018,21,3,50,7,127.3,27.3,4
2018,table2018.csv,180,270,1,0,0,0,0,985,AMPIL,1810,2018,21,6,50,7,126.7,27.8,4
2018,table2018.csv,180,270,1,0,0,0,0,985,AMPIL,1810,2018,21,12,50,7,125.9,28.6,4
2018,table2018.csv,180,270,1,0,0,0,0,985,AMPIL,1810,2018,21,18,50,7,124.5,29.6,4
2018,table2018.csv,100,240,2,0,0,0,0,985,AMPIL,1810,2018,22,0,45,7,123.2,30.7,3
2018,table2018.csv,90,180,2,0,0,0,0,985,AMPIL,1810,2018,22,6,45,7,121.9,31.8,3
2018,table2018.csv,60,170,1,0,0,0,0,985,AMPIL,1810,2018,22,12,40,7,120.7,32.7,3
2018,table2018.csv,50,160,1,0,0,0,0,990,AMPIL,1810,2018,22,18,35,7,119.8,33.4,3
2018,table2018.csv,40,150,2,0,0,0,0,992,AMPIL,1810,2018,23,0,35,7,119.2,34.5,3
2018,table2018.csv,30,130,2,0,0,0,0,992,AMPIL,1810,2018,23,6,35,7,118.7,35.1,3
2018,table2018.csv,0,0,0,0,0,0,0,996,AMPIL,1810,2018,23,12,0,7,117.9,36.5,2
2018,table2018.csv,0,0,0,0,0,0,0,996,AMPIL,1810,2018,23,18,0,7,117.3,37.5,2
2018,table2018.csv,0,0,0,0,0,0,0,996,AMPIL,1810,2018,24,0,0,7,117.3,39.1,2
2018,table2018.csv,0,0,0,0,0,0,0,996,AMPIL,1810,2018,24,6,0,7,118.3,39.9,2
2018,table2018.csv,0,0,0,0,0,0,0,996,AMPIL,1810,2018,24,12,0,7,119.9,41.6,2
2018,table2018.csv,0,0,0,0,0,0,0,996,AMPIL,1810,2018,24,18,0,7,122.0,43.5,2
2018,table2018.csv,0,0,0,0,0,0,0,996,AMPIL,1810,2018,25,0,0,7,124.5,45.1,6
2018,table2018.csv,0,0,0,0,0,0,0,996,AMPIL,1810,2018,25,6,0,7,127.6,46.1,6
2018,table2018.csv,0,0,0,0,0,0,0,998,AMPIL,1810,2018,25,12,0,7,131.8,46.9,6
2018,table2018.csv,0,0,0,0,0,0,0,1000,AMPIL,1810,2018,25,18,0,7,134.9,47.3,6
2018,table2018.csv,0,0,0,0,0,0,0,1002,AMPIL,1810,2018,26,0,0,7,136.5,47.4,6
2018,table2018.csv,0,0,0,0,0,0,0,1004,AMPIL,1810,2018,26,6,0,7,137.8,47.5,6
2018,table2018.csv,0,0,0,0,0,0,0,1008,WUKONG,1811,2018,22,0,0,7,159.6,22.0,2
2018,table2018.csv,0,0,0,0,0,0,0,1006,WUKONG,1811,2018,22,6,0,7,159.7,22.8,2
2018,table2018.csv,0,0,0,0,0,0,0,1008,WUKONG,1811,2018,22,12,0,7,159.5,23.7,2
2018,table2018.csv,0,0,0,0,0,0,0,1004,WUKONG,1811,2018,22,18,0,7,159.2,24.5,2
2018,table2018.csv,0,0,0,0,0,0,0,1002,WUKONG,1811,2018,23,0,0,7,159.8,25.3,2
2018,table2018.csv,0,0,0,0,0,0,0,1000,WUKONG,1811,2018,23,6,0,7,159.6,26.3,2
2018,table2018.csv,90,210,2,0,0,0,0,998,WUKONG,1811,2018,23,12,35,7,159.4,27.3,3
2018,table2018.csv,120,240,1,0,0,0,0,996,WUKONG,1811,2018,23,18,40,7,159.1,28.4,3
2018,table2018.csv,120,240,1,0,0,0,0,992,WUKONG,1811,2018,24,0,45,7,159.0,29.3,3
2018,table2018.csv,120,270,1,0,0,0,0,992,WUKONG,1811,2018,24,6,45,7,158.8,30.2,3
2018,table2018.csv,120,270,1,0,0,0,0,992,WUKONG,1811,2018,24,12,45,7,158.6,30.8,3
2018,table2018.csv,120,270,1,0,0,0,0,992,WUKONG,1811,2018,24,18,45,7,158.4,31.6,3
2018,table2018.csv,120,270,1,0,0,0,0,990,WUKONG,1811,2018,25,0,50,7,158.2,32.7,4
2018,table2018.csv,120,270,1,0,0,0,0,990,WUKONG,1811,2018,25,6,50,7,157.9,33.9,4
2018,table2018.csv,120,270,2,0,0,0,0,990,WUKONG,1811,2018,25,12,50,7,157.3,35.4,4
2018,table2018.csv,120,270,2,0,0,0,0,992,WUKONG,1811,2018,25,18,45,7,156.0,37.0,3
2018,table2018.csv,120,270,2,0,0,0,0,996,WUKONG,1811,2018,26,0,40,7,154.7,38.4,3
2018,table2018.csv,120,300,2,0,0,0,0,996,WUKONG,1811,2018,26,6,40,7,153.9,39.4,3
2018,table2018.csv,120,300,2,0,0,0,0,1002,WUKONG,1811,2018,26,12,35,7,152.7,41.4,3
2018,table2018.csv,120,300,2,0,0,0,0,1002,WUKONG,1811,2018,26,18,35,7,152.3,42.7,3
2018,table2018.csv,0,0,0,0,0,0,0,1008,WUKONG,1811,2018,27,0,0,7,152.2,44.3,6
2018,table2018.csv,0,0,0,0,0,0,0,1008,WUKONG,1811,2018,27,6,0,7,153.4,45.8,6
2018,table2018.csv,0,0,0,0,0,0,0,1008,WUKONG,1811,2018,27,12,0,7,155.7,47.9,6
2018,table2018.csv,0,0,0,0,0,0,0,1002,JONGDARI,1812,2018,23,18,0,7,137.0,17.4,2
2018,table2018.csv,0,0,0,0,0,0,0,1002,JONGDARI,1812,2018,24,0,0,7,136.9,18.2,2
2018,table2018.csv,0,0,0,0,0,0,0,1002,JONGDARI,1812,2018,24,6,0,7,136.7,19.2,2
2018,table2018.csv,60,60,9,0,0,0,0,998,JONGDARI,1812,2018,24,12,35,7,136.7,19.7,3
2018,table2018.csv,60,60,9,0,0,0,0,998,JONGDARI,1812,2018,24,18,35,7,136.6,20.3,3
2018,table2018.csv,60,60,9,0,0,0,0,998,JONGDARI,1812,2018,25,0,35,7,136.8,20.7,3
2018,table2018.csv,60,60,9,0,0,0,0,994,JONGDARI,1812,2018,25,6,40,7,137.0,21.5,3
2018,table2018.csv,60,60,9,0,0,0,0,990,JONGDARI,1812,2018,25,12,50,7,137.3,21.8,4
2018,table2018.csv,80,80,9,40,40,9,0,985,JONGDARI,1812,2018,25,18,55,7,137.7,21.9,4
2018,table2018.csv,80,80,9,40,40,9,0,985,JONGDARI,1812,2018,26,0,55,7,138.2,22.1,4
2018,table2018.csv,80,80,9,50,50,9,0,985,JONGDARI,1812,2018,26,6,55,7,139.2,22.6,4
2018,table2018.csv,100,100,9,50,50,9,0,980,JONGDARI,1812,2018,26,12,60,7,140.2,23.2,4
2018,table2018.csv,150,150,9,50,50,9,0,965,JONGDARI,1812,2018,26,18,70,7,141.1,23.9,5
2018,table2018.csv,150,270,3,70,70,9,0,960,JONGDARI,1812,2018,27,0,75,7,142.4,25.0,5
2018,table2018.csv,150,270,3,70,70,9,0,960,JONGDARI,1812,2018,27,3,75,7,143.2,25.6,5
2018,table2018.csv,150,270,3,70,70,9,0,960,JONGDARI,1812,2018,27,6,75,7,143.8,26.4,5
2018,table2018.csv,150,270,3,70,70,9,0,960,JONGDARI,1812,2018,27,9,75,7,144.4,27.2,5
2018,table2018.csv,150,270,3,70,70,9,0,960,JONGDARI,1812,2018,27,12,75,7,144.6,28.2,5
2018,table2018.csv,150,270,3,70,70,9,0,960,JONGDARI,1812,2018,27,15,75,7,144.7,29.3,5
2018,table2018.csv,120,210,2,70,70,9,0,960,JONGDARI,1812,2018,27,18,75,7,144.3,30.3,5
2018,table2018.csv,120,210,2,70,70,9,0,960,JONGDARI,1812,2018,27,21,75,7,143.9,31.2,5
2018,table2018.csv,120,210,1,50,70,1,0,960,JONGDARI,1812,2018,28,0,75,7,143.0,32.3,5
2018,table2018.csv,120,210,1,50,70,1,0,960,JONGDARI,1812,2018,28,3,75,7,141.8,33.3,5
2018,table2018.csv,120,210,1,50,70,1,0,965,JONGDARI,1812,2018,28,6,70,7,140.5,33.8,5
2018,table2018.csv,120,210,1,50,70,1,0,965,JONGDARI,1812,2018,28,9,70,7,139.3,33.8,5
2018,table2018.csv,120,210,1,50,70,1,0,965,JONGDARI,1812,2018,28,12,70,7,138.3,34.1,5
2018,table2018.csv,120,210,1,50,70,1,0,970,JONGDARI,1812,2018,28,15,65,7,137.2,34.4,5
2018,table2018.csv,120,210,1,50,70,1,1,970,JONGDARI,1812,2018,28,16,65,7,136.7,34.5,5
2018,table2018.csv,120,180,1,50,50,9,0,975,JONGDARI,1812,2018,28,18,60,7,135.8,34.6,4
2018,table2018.csv,120,180,1,40,40,9,0,980,JONGDARI,1812,2018,28,21,55,7,134.6,34.7,4
2018,table2018.csv,120,180,8,0,0,0,0,990,JONGDARI,1812,2018,29,0,45,7,133.3,34.6,3
2018,table2018.csv,120,180,8,0,0,0,0,990,JONGDARI,1812,2018,29,3,45,7,132.6,34.5,3
2018,table2018.csv,120,180,7,0,0,0,0,992,JONGDARI,1812,2018,29,6,45,7,131.4,34.1,3
2018,table2018.csv,120,180,7,0,0,0,1,992,JONGDARI,1812,2018,29,8,40,7,131.2,33.8,3
2018,table2018.csv,120,180,7,0,0,0,0,992,JONGDARI,1812,2018,29,9,40,7,131.0,33.6,3
2018,table2018.csv,120,120,9,0,0,0,0,994,JONGDARI,1812,2018,29,12,35,7,130.4,33.1,3
2018,table2018.csv,120,120,9,0,0,0,1,994,JONGDARI,1812,2018,29,14,35,7,130.1,32.8,3
2018,table2018.csv,120,120,9,0,0,0,0,994,JONGDARI,1812,2018,29,18,35,7,129.8,31.9,3
2018,table2018.csv,120,120,9,0,0,0,0,994,JONGDARI,1812,2018,30,0,35,7,129.4,31.1,3
2018,table2018.csv,60,60,9,0,0,0,0,994,JONGDARI,1812,2018,30,6,35,7,129.5,30.3,3
2018,table2018.csv,0,0,0,0,0,0,0,994,JONGDARI,1812,2018,30,12,0,7,129.7,29.2,2
2018,table2018.csv,0,0,0,0,0,0,0,994,JONGDARI,1812,2018,30,18,0,7,131.0,29.0,2
2018,table2018.csv,60,90,2,0,0,0,0,992,JONGDARI,1812,2018,31,0,35,7,131.7,29.8,3
2018,table2018.csv,60,60,9,0,0,0,0,990,JONGDARI,1812,2018,31,6,35,7,131.7,30.6,3
2018,table2018.csv,60,60,9,0,0,0,0,985,JONGDARI,1812,2018,31,12,40,7,130.3,30.8,3
2018,table2018.csv,60,60,9,0,0,0,0,985,JONGDARI,1812,2018,31,18,40,7,128.7,30.8,3
2018,table2018.csv,60,60,9,0,0,0,0,990,JONGDARI,1812,2018,1,0,35,8,128.0,30.2,3
2018,table2018.csv,60,60,9,0,0,0,0,990,JONGDARI,1812,2018,1,6,35,8,127.0,29.6,3
2018,table2018.csv,60,60,9,0,0,0,0,990,JONGDARI,1812,2018,1,12,35,8,126.5,28.9,3
2018,table2018.csv,60,90,2,0,0,0,0,990,JONGDARI,1812,2018,1,18,35,8,126.3,28.4,3
2018,table2018.csv,60,90,2,0,0,0,0,990,JONGDARI,1812,2018,2,0,35,8,127.0,28.6,3
2018,table2018.csv,60,90,2,0,0,0,0,990,JONGDARI,1812,2018,2,6,35,8,126.7,29.4,3
2018,table2018.csv,60,60,9,0,0,0,0,990,JONGDARI,1812,2018,2,12,35,8,125.2,30.4,3
2018,table2018.csv,60,60,9,0,0,0,0,990,JONGDARI,1812,2018,2,18,35,8,122.5,30.7,3
2018,table2018.csv,0,0,0,0,0,0,0,994,JONGDARI,1812,2018,3,0,0,8,121.5,30.6,2
2018,table2018.csv,0,0,0,0,0,0,0,994,JONGDARI,1812,2018,3,6,0,8,121.1,30.9,2
2018,table2018.csv,0,0,0,0,0,0,0,998,JONGDARI,1812,2018,3,12,0,8,120.4,31.8,2
2018,table2018.csv,0,0,0,0,0,0,0,998,JONGDARI,1812,2018,3,18,0,8,119.2,33.2,2
2018,table2018.csv,0,0,0,0,0,0,0,1000,JONGDARI,1812,2018,4,0,0,8,118.1,33.7,2
2018,table2018.csv,0,0,0,0,0,0,0,1000,JONGDARI,1812,2018,4,6,0,8,117.2,34.0,2
2018,table2018.csv,0,0,0,0,0,0,0,1002,JONGDARI,1812,2018,4,12,0,8,115.7,34.1,2
2018,table2018.csv,0,0,0,0,0,0,0,1002,SHANSHAN,1813,2018,2,6,0,8,152.0,18.1,2
2018,table2018.csv,0,0,0,0,0,0,0,1002,SHANSHAN,1813,2018,2,12,0,8,151.8,17.7,2
2018,table2018.csv,0,0,0,0,0,0,0,1000,SHANSHAN,1813,2018,2,18,0,8,151.3,17.7,2
2018,table2018.csv,90,150,5,0,0,0,0,998,SHANSHAN,1813,2018,3,0,35,8,150.9,17.7,3
2018,table2018.csv,90,150,4,0,0,0,0,996,SHANSHAN,1813,2018,3,6,40,8,150.6,18.0,3
2018,table2018.csv,150,240,4,0,0,0,0,990,SHANSHAN,1813,2018,3,12,50,8,150.3,18.2,4
2018,table2018.csv,150,240,4,0,0,0,0,990,SHANSHAN,1813,2018,3,18,50,8,150.0,18.9,4
2018,table2018.csv,150,300,4,40,40,9,0,985,SHANSHAN,1813,2018,4,0,55,8,149.3,20.1,4
2018,table2018.csv,150,300,4,50,50,9,0,975,SHANSHAN,1813,2018,4,6,65,8,148.7,20.9,5
2018,table2018.csv,150,300,3,50,50,9,0,975,SHANSHAN,1813,2018,4,12,65,8,148.4,21.6,5
2018,table2018.csv,150,300,3,55,55,9,0,970,SHANSHAN,1813,2018,4,18,70,8,147.7,22.5,5
2018,table2018.csv,150,300,3,55,55,9,0,970,SHANSHAN,1813,2018,5,0,70,8,147.4,22.9,5
2018,table2018.csv,150,300,3,55,55,9,0,970,SHANSHAN,1813,2018,5,6,70,8,147.5,23.8,5
2018,table2018.csv,150,300,3,55,55,9,0,970,SHANSHAN,1813,2018,5,12,70,8,147.3,24.6,5
2018,table2018.csv,210,300,4,55,55,9,0,970,SHANSHAN,1813,2018,5,18,70,8,146.7,25.6,5
2018,table2018.csv,210,300,4,55,55,9,0,970,SHANSHAN,1813,2018,6,0,70,8,146.2,26.5,5
2018,table2018.csv,210,300,3,55,55,9,0,970,SHANSHAN,1813,2018,6,6,70,8,146.0,27.5,5
2018,table2018.csv,210,300,2,55,55,9,0,970,SHANSHAN,1813,2018,6,12,70,8,145.7,28.5,5
2018,table2018.csv,210,300,2,55,55,9,0,970,SHANSHAN,1813,2018,6,18,70,8,145.0,29.7,5
2018,table2018.csv,210,300,2,55,55,9,0,970,SHANSHAN,1813,2018,7,0,70,8,144.3,30.5,5
2018,table2018.csv,210,300,2,55,55,9,0,970,SHANSHAN,1813,2018,7,6,70,8,143.9,31.3,5
2018,table2018.csv,210,300,2,55,55,9,0,970,SHANSHAN,1813,2018,7,12,70,8,143.1,32.0,5
2018,table2018.csv,210,300,2,55,55,9,0,970,SHANSHAN,1813,2018,7,18,70,8,142.2,32.5,5
2018,table2018.csv,210,300,2,55,55,9,0,970,SHANSHAN,1813,2018,8,0,70,8,141.9,33.3,5
2018,table2018.csv,180,300,2,50,50,9,0,975,SHANSHAN,1813,2018,8,3,65,8,141.5,33.5,5
2018,table2018.csv,150,300,2,50,50,9,0,975,SHANSHAN,1813,2018,8,6,65,8,141.2,33.8,5
2018,table2018.csv,150,300,2,50,50,9,0,975,SHANSHAN,1813,2018,8,9,65,8,141.3,34.1,5
2018,table2018.csv,150,300,2,50,50,9,0,975,SHANSHAN,1813,2018,8,12,65,8,141.3,34.5,5
2018,table2018.csv,150,300,2,30,50,2,0,975,SHANSHAN,1813,2018,8,15,65,8,141.2,34.8,5
2018,table2018.csv,150,300,2,30,50,2,0,975,SHANSHAN,1813,2018,8,18,65,8,141.0,35.3,5
2018,table2018.csv,150,300,2,30,50,2,0,975,SHANSHAN,1813,2018,8,21,65,8,141.0,35.8,5
2018,table2018.csv,150,240,2,20,50,2,0,980,SHANSHAN,1813,2018,9,0,60,8,141.1,36.2,4
2018,table2018.csv,150,240,2,10,40,2,0,980,SHANSHAN,1813,2018,9,3,60,8,141.2,36.8,4
2018,table2018.csv,150,240,2,10,40,2,0,980,SHANSHAN,1813,2018,9,6,60,8,141.4,37.3,4
2018,table2018.csv,150,240,3,10,40,3,0,980,SHANSHAN,1813,2018,9,9,55,8,141.9,37.6,4
2018,table2018.csv,150,240,3,0,0,0,0,985,SHANSHAN,1813,2018,9,12,50,8,142.5,37.9,4
2018,table2018.csv,150,240,3,0,0,0,0,990,SHANSHAN,1813,2018,9,18,45,8,144.1,39.1,3
2018,table2018.csv,150,240,3,0,0,0,0,992,SHANSHAN,1813,2018,10,0,45,8,147.2,40.0,3
2018,table2018.csv,0,0,0,0,0,0,0,992,SHANSHAN,1813,2018,10,6,0,8,151.0,41.0,6
2018,table2018.csv,0,0,0,0,0,0,0,992,SHANSHAN,1813,2018,10,12,0,8,154.6,41.3,6
2018,table2018.csv,0,0,0,0,0,0,0,994,SHANSHAN,1813,2018,10,18,0,8,158.4,41.2,6
2018,table2018.csv,0,0,0,0,0,0,0,996,SHANSHAN,1813,2018,11,0,0,8,163.4,41.1,6
2018,table2018.csv,0,0,0,0,0,0,0,998,SHANSHAN,1813,2018,11,6,0,8,169.4,40.6,6
2018,table2018.csv,0,0,0,0,0,0,0,1000,YAGI,1814,2018,6,0,0,8,134.1,18.2,2
2018,table2018.csv,0,0,0,0,0,0,0,1000,YAGI,1814,2018,6,6,0,8,134.0,18.5,2
2018,table2018.csv,0,0,0,0,0,0,0,998,YAGI,1814,2018,6,12,0,8,133.9,18.7,2
2018,table2018.csv,0,0,0,0,0,0,0,998,YAGI,1814,2018,6,18,0,8,133.6,19.0,2
2018,table2018.csv,0,0,0,0,0,0,0,998,YAGI,1814,2018,7,0,0,8,133.3,19.1,2
2018,table2018.csv,0,0,0,0,0,0,0,996,YAGI,1814,2018,7,6,0,8,132.8,19.1,2
2018,table2018.csv,0,0,0,0,0,0,0,996,YAGI,1814,2018,7,12,0,8,132.6,19.1,2
2018,table2018.csv,0,0,0,0,0,0,0,996,YAGI,1814,2018,7,18,0,8,132.5,19.1,2
2018,table2018.csv,120,270,4,0,0,0,0,994,YAGI,1814,2018,8,0,35,8,132.5,19.2,3
2018,table2018.csv,120,270,4,0,0,0,0,994,YAGI,1814,2018,8,6,35,8,133.4,19.5,3
2018,table2018.csv,120,270,4,0,0,0,0,994,YAGI,1814,2018,8,12,35,8,134.0,19.9,3
2018,table2018.csv,120,270,4,0,0,0,0,994,YAGI,1814,2018,8,18,35,8,134.0,20.6,3
2018,table2018.csv,120,270,3,0,0,0,0,994,YAGI,1814,2018,9,0,35,8,133.7,21.0,3
2018,table2018.csv,150,240,3,0,0,0,0,994,YAGI,1814,2018,9,6,35,8,133.4,20.9,3
2018,table2018.csv,150,240,3,0,0,0,0,994,YAGI,1814,2018,9,12,35,8,133.4,20.9,3
2018,table2018.csv,150,240,3,0,0,0,0,994,YAGI,1814,2018,9,18,35,8,133.0,22.2,3
2018,table2018.csv,150,240,2,0,0,0,0,994,YAGI,1814,2018,10,0,35,8,132.3,22.8,3
2018,table2018.csv,150,240,2,0,0,0,0,994,YAGI,1814,2018,10,6,35,8,131.9,22.7,3
2018,table2018.csv,150,240,2,0,0,0,0,994,YAGI,1814,2018,10,12,35,8,132.0,23.3,3
2018,table2018.csv,150,240,2,0,0,0,0,994,YAGI,1814,2018,10,18,35,8,130.9,24.2,3
2018,table2018.csv,150,240,2,0,0,0,0,994,YAGI,1814,2018,11,0,35,8,129.6,25.0,3
2018,table2018.csv,150,240,2,0,0,0,0,992,YAGI,1814,2018,11,6,35,8,128.0,25.0,3
2018,table2018.csv,150,270,1,0,0,0,0,990,YAGI,1814,2018,11,12,40,8,126.8,25.0,3
2018,table2018.csv,150,270,1,0,0,0,0,990,YAGI,1814,2018,11,18,40,8,125.5,25.2,3
2018,table2018.csv,150,270,1,0,0,0,0,990,YAGI,1814,2018,12,0,40,8,124.8,25.6,3
2018,table2018.csv,150,270,1,0,0,0,0,990,YAGI,1814,2018,12,6,40,8,123.6,26.5,3
2018,table2018.csv,120,270,1,0,0,0,0,990,YAGI,1814,2018,12,12,40,8,122.3,27.6,3
2018,table2018.csv,90,270,1,0,0,0,0,990,YAGI,1814,2018,12,18,35,8,120.7,29.0,3
2018,table2018.csv,0,0,0,0,0,0,0,994,YAGI,1814,2018,13,0,0,8,118.9,30.7,2
2018,table2018.csv,0,0,0,0,0,0,0,994,YAGI,1814,2018,13,6,0,8,117.7,31.9,2
2018,table2018.csv,0,0,0,0,0,0,0,996,YAGI,1814,2018,13,12,0,8,117.0,32.9,2
2018,table2018.csv,0,0,0,0,0,0,0,998,YAGI,1814,2018,13,18,0,8,116.1,34.2,2
2018,table2018.csv,0,0,0,0,0,0,0,1000,YAGI,1814,2018,14,0,0,8,116.4,35.5,2
2018,table2018.csv,0,0,0,0,0,0,0,1000,YAGI,1814,2018,14,6,0,8,117.0,36.9,2
2018,table2018.csv,0,0,0,0,0,0,0,1000,YAGI,1814,2018,14,12,0,8,117.6,37.7,2
2018,table2018.csv,0,0,0,0,0,0,0,1002,YAGI,1814,2018,14,18,0,8,118.9,37.9,2
2018,table2018.csv,0,0,0,0,0,0,0,1002,YAGI,1814,2018,15,0,0,8,119.5,37.9,2
2018,table2018.csv,0,0,0,0,0,0,0,1000,YAGI,1814,2018,15,6,0,8,119.7,37.9,6
2018,table2018.csv,0,0,0,0,0,0,0,1000,YAGI,1814,2018,15,12,0,8,119.3,37.2,6
2018,table2018.csv,0,0,0,0,0,0,0,1004,YAGI,1814,2018,15,18,0,8,117.9,36.6,6
2018,table2018.csv,0,0,0,0,0,0,0,1006,YAGI,1814,2018,16,0,0,8,116.1,35.3,6
2018,table2018.csv,0,0,0,0,0,0,0,1006,LEEPI,1815,2018,10,12,0,8,145.0,17.5,2
2018,table2018.csv,0,0,0,0,0,0,0,1004,LEEPI,1815,2018,10,18,0,8,144.4,18.2,2
2018,table2018.csv,0,0,0,0,0,0,0,1004,LEEPI,1815,2018,11,0,0,8,144.0,18.6,2
2018,table2018.csv,0,0,0,0,0,0,0,1004,LEEPI,1815,2018,11,6,0,8,143.8,19.0,2
2018,table2018.csv,60,120,2,0,0,0,0,1000,LEEPI,1815,2018,11,12,35,8,143.4,19.7,3
2018,table2018.csv,60,120,2,0,0,0,0,998,LEEPI,1815,2018,11,18,40,8,143.0,20.7,3
2018,table2018.csv,90,150,1,0,0,0,0,998,LEEPI,1815,2018,12,0,40,8,142.7,21.4,3
2018,table2018.csv,90,150,1,0,0,0,0,998,LEEPI,1815,2018,12,6,40,8,142.0,22.5,3
2018,table2018.csv,90,150,1,0,0,0,0,998,LEEPI,1815,2018,12,12,40,8,141.2,23.4,3
2018,table2018.csv,90,150,1,0,0,0,0,996,LEEPI,1815,2018,12,18,45,8,140.5,24.4,3
2018,table2018.csv,90,150,1,0,0,0,0,996,LEEPI,1815,2018,13,0,45,8,139.9,25.3,3
2018,table2018.csv,90,150,1,0,0,0,0,994,LEEPI,1815,2018,13,6,50,8,138.6,26.5,4
2018,table2018.csv,90,150,2,0,0,0,0,994,LEEPI,1815,2018,13,12,50,8,138.2,27.1,4
2018,table2018.csv,90,150,2,0,0,0,0,994,LEEPI,1815,2018,13,18,50,8,137.2,28.3,4
2018,table2018.csv,90,150,2,0,0,0,0,994,LEEPI,1815,2018,14,0,50,8,136.2,29.4,4
2018,table2018.csv,90,150,2,0,0,0,0,994,LEEPI,1815,2018,14,6,50,8,134.9,30.5,4
2018,table2018.csv,90,150,2,0,0,0,0,994,LEEPI,1815,2018,14,9,50,8,134.1,30.9,4
2018,table2018.csv,70,150,2,0,0,0,0,994,LEEPI,1815,2018,14,12,50,8,133.2,31.4,4
2018,table2018.csv,50,150,2,0,0,0,0,996,LEEPI,1815,2018,14,15,45,8,132.4,31.8,3
2018,table2018.csv,30,90,2,0,0,0,1,998,LEEPI,1815,2018,14,17,40,8,131.9,32.4,3
2018,table2018.csv,30,90,2,0,0,0,0,1000,LEEPI,1815,2018,14,18,40,8,131.4,32.5,3
2018,table2018.csv,30,90,2,0,0,0,0,1002,LEEPI,1815,2018,14,21,35,8,130.6,33.2,3
2018,table2018.csv,0,0,0,0,0,0,0,1006,LEEPI,1815,2018,15,0,0,8,130.0,33.9,2
2018,table2018.csv,0,0,0,0,0,0,0,1006,LEEPI,1815,2018,15,6,0,8,129.4,34.9,2
2018,table2018.csv,0,0,0,0,0,0,0,1006,LEEPI,1815,2018,15,12,0,8,129.3,35.7,2
2018,table2018.csv,0,0,0,0,0,0,0,998,BEBINCA,1816,2018,9,18,0,8,111.6,19.9,2
2018,table2018.csv,0,0,0,0,0,0,0,998,BEBINCA,1816,2018,10,0,0,8,111.7,20.3,2
2018,table2018.csv,0,0,0,0,0,0,0,998,BEBINCA,1816,2018,10,6,0,8,111.9,20.7,2
2018,table2018.csv,0,0,0,0,0,0,0,998,BEBINCA,1816,2018,10,12,0,8,112.1,20.9,2
2018,table2018.csv,0,0,0,0,0,0,0,996,BEBINCA,1816,2018,10,18,0,8,112.2,21.0,2
2018,table2018.csv,0,0,0,0,0,0,0,994,BEBINCA,1816,2018,11,0,0,8,112.3,21.2,2
2018,table2018.csv,0,0,0,0,0,0,0,994,BEBINCA,1816,2018,11,6,0,8,112.2,22.1,2
2018,table2018.csv,0,0,0,0,0,0,0,994,BEBINCA,1816,2018,11,12,0,8,112.3,21.5,2
2018,table2018.csv,0,0,0,0,0,0,0,994,BEBINCA,1816,2018,11,18,0,8,112.1,21.2,2
2018,table2018.csv,0,0,0,0,0,0,0,992,BEBINCA,1816,2018,12,0,0,8,112.1,21.0,2
2018,table2018.csv,0,0,0,0,0,0,0,992,BEBINCA,1816,2018,12,6,0,8,112.2,20.9,2
2018,table2018.csv,0,0,0,0,0,0,0,992,BEBINCA,1816,2018,12,12,0,8,112.3,20.6,2
2018,table2018.csv,0,0,0,0,0,0,0,992,BEBINCA,1816,2018,12,18,0,8,112.7,20.6,2
2018,table2018.csv,60,120,4,0,0,0,0,990,BEBINCA,1816,2018,13,0,35,8,112.9,20.6,3
2018,table2018.csv,60,120,4,0,0,0,0,990,BEBINCA,1816,2018,13,6,35,8,113.3,20.6,3
2018,table2018.csv,60,120,4,0,0,0,0,990,BEBINCA,1816,2018,13,12,35,8,113.5,20.6,3
2018,table2018.csv,60,120,4,0,0,0,0,990,BEBINCA,1816,2018,13,18,35,8,113.7,20.7,3
2018,table2018.csv,60,120,4,0,0,0,0,990,BEBINCA,1816,2018,14,0,35,8,113.9,20.9,3
2018,table2018.csv,60,120,4,0,0,0,0,990,BEBINCA,1816,2018,14,6,35,8,113.6,21.0,3
2018,table2018.csv,60,120,4,0,0,0,0,990,BEBINCA,1816,2018,14,12,35,8,113.3,21.0,3
2018,table2018.csv,60,120,4,0,0,0,0,990,BEBINCA,1816,2018,14,18,35,8,112.9,21.0,3
2018,table2018.csv,60,120,4,0,0,0,0,990,BEBINCA,1816,2018,15,0,35,8,112.0,20.9,3
2018,table2018.csv,60,120,4,0,0,0,0,990,BEBINCA,1816,2018,15,6,40,8,111.4,21.0,3
2018,table2018.csv,60,120,4,0,0,0,0,990,BEBINCA,1816,2018,15,12,40,8,110.7,20.8,3
2018,table2018.csv,60,120,4,0,0,0,0,990,BEBINCA,1816,2018,15,18,40,8,109.6,20.7,3
2018,table2018.csv,60,120,4,0,0,0,0,990,BEBINCA,1816,2018,16,0,40,8,108.3,20.5,3
2018,table2018.csv,60,120,4,0,0,0,0,985,BEBINCA,1816,2018,16,6,45,8,107.9,20.1,3
2018,table2018.csv,60,120,4,0,0,0,0,985,BEBINCA,1816,2018,16,12,45,8,107.2,19.8,3
2018,table2018.csv,60,90,4,0,0,0,0,990,BEBINCA,1816,2018,16,18,40,8,106.5,19.7,3
2018,table2018.csv,60,60,9,0,0,0,0,992,BEBINCA,1816,2018,17,0,35,8,105.1,19.5,3
2018,table2018.csv,0,0,0,0,0,0,0,994,BEBINCA,1816,2018,17,6,0,8,104.0,19.0,2
2018,table2018.csv,0,0,0,0,0,0,0,996,BEBINCA,1816,2018,17,12,0,8,102.2,20.2,2
2018,table2018.csv,0,0,0,0,0,0,0,996,BEBINCA,1816,2018,17,18,0,8,100.3,19.8,2
2018,table2018.csv,60,90,8,0,0,0,0,998,HECTOR,1817,2018,13,12,40,8,180.6,25.2,7
2018,table2018.csv,60,90,8,0,0,0,0,998,HECTOR,1817,2018,13,18,40,8,178.9,25.8,3
2018,table2018.csv,60,90,8,0,0,0,0,998,HECTOR,1817,2018,14,0,40,8,176.9,26.3,3
2018,table2018.csv,60,90,8,0,0,0,0,1000,HECTOR,1817,2018,14,6,35,8,175.8,26.5,3
2018,table2018.csv,60,90,8,0,0,0,0,1004,HECTOR,1817,2018,14,12,35,8,174.4,27.0,3
2018,table2018.csv,60,120,8,0,0,0,0,1004,HECTOR,1817,2018,14,18,35,8,172.6,27.8,3
2018,table2018.csv,60,120,8,0,0,0,0,1004,HECTOR,1817,2018,15,0,35,8,170.6,28.7,3
2018,table2018.csv,60,120,8,0,0,0,0,1004,HECTOR,1817,2018,15,6,35,8,168.9,29.3,3
2018,table2018.csv,0,0,0,0,0,0,0,1008,HECTOR,1817,2018,15,12,0,8,167.9,29.9,2
2018,table2018.csv,0,0,0,0,0,0,0,1012,HECTOR,1817,2018,15,18,0,8,167.1,30.7,2
2018,table2018.csv,0,0,0,0,0,0,0,1014,HECTOR,1817,2018,16,0,0,8,166.4,31.6,2
2018,table2018.csv,0,0,0,0,0,0,0,1014,HECTOR,1817,2018,16,6,0,8,165.8,32.2,2
2018,table2018.csv,0,0,0,0,0,0,0,1014,HECTOR,1817,2018,16,12,0,8,165.7,32.7,2
2018,table2018.csv,0,0,0,0,0,0,0,1014,HECTOR,1817,2018,16,18,0,8,165.7,33.6,2
2018,table2018.csv,0,0,0,0,0,0,0,998,RUMBIA,1818,2018,14,0,0,8,128.7,22.9,2
2018,table2018.csv,0,0,0,0,0,0,0,998,RUMBIA,1818,2018,14,6,0,8,128.2,23.6,2
2018,table2018.csv,0,0,0,0,0,0,0,998,RUMBIA,1818,2018,14,12,0,8,127.8,24.4,2
2018,table2018.csv,0,0,0,0,0,0,0,998,RUMBIA,1818,2018,14,18,0,8,127.5,25.5,2
2018,table2018.csv,0,0,0,0,0,0,0,996,RUMBIA,1818,2018,15,0,0,8,127.3,27.0,2
2018,table2018.csv,90,180,3,0,0,0,0,994,RUMBIA,1818,2018,15,6,35,8,126.9,28.2,3
2018,table2018.csv,90,180,3,0,0,0,0,992,RUMBIA,1818,2018,15,12,35,8,126.0,29.1,3
2018,table2018.csv,90,180,3,0,0,0,0,990,RUMBIA,1818,2018,15,18,40,8,125.3,29.6,3
2018,table2018.csv,90,210,3,0,0,0,0,990,RUMBIA,1818,2018,16,0,40,8,124.6,30.0,3
2018,table2018.csv,90,210,2,0,0,0,0,990,RUMBIA,1818,2018,16,6,40,8,123.9,30.3,3
2018,table2018.csv,90,240,2,0,0,0,0,985,RUMBIA,1818,2018,16,12,45,8,122.9,30.5,3
2018,table2018.csv,90,240,1,0,0,0,0,985,RUMBIA,1818,2018,16,18,45,8,121.7,30.7,3
2018,table2018.csv,90,240,1,0,0,0,0,985,RUMBIA,1818,2018,17,0,45,8,120.4,31.1,3
2018,table2018.csv,90,240,1,0,0,0,0,985,RUMBIA,1818,2018,17,6,40,8,118.8,31.5,3
2018,table2018.csv,90,240,1,0,0,0,0,990,RUMBIA,1818,2018,17,12,35,8,117.4,31.7,3
2018,table2018.csv,90,240,1,0,0,0,0,990,RUMBIA,1818,2018,17,18,35,8,116.1,31.9,3
2018,table2018.csv,0,0,0,0,0,0,0,992,RUMBIA,1818,2018,18,0,0,8,115.3,32.2,2
2018,table2018.csv,0,0,0,0,0,0,0,994,RUMBIA,1818,2018,18,6,0,8,114.9,32.4,2
2018,table2018.csv,0,0,0,0,0,0,0,994,RUMBIA,1818,2018,18,12,0,8,114.5,32.7,2
2018,table2018.csv,0,0,0,0,0,0,0,996,RUMBIA,1818,2018,18,18,0,8,114.3,33.2,2
2018,table2018.csv,0,0,0,0,0,0,0,998,RUMBIA,1818,2018,19,0,0,8,114.7,33.6,2
2018,table2018.csv,0,0,0,0,0,0,0,998,RUMBIA,1818,2018,19,6,0,8,115.3,33.8,2
2018,table2018.csv,0,0,0,0,0,0,0,998,RUMBIA,1818,2018,19,12,0,8,116.4,34.1,2
2018,table2018.csv,0,0,0,0,0,0,0,1000,SOULIK,1819,2018,15,6,0,8,144.7,11.7,2
2018,table2018.csv,0,0,0,0,0,0,0,1002,SOULIK,1819,2018,15,12,0,8,144.1,12.8,2
2018,table2018.csv,0,0,0,0,0,0,0,1000,SOULIK,1819,2018,15,18,0,8,143.5,14.1,2
2018,table2018.csv,90,150,2,0,0,0,0,998,SOULIK,1819,2018,16,0,35,8,143.0,15.6,3
2018,table2018.csv,90,150,2,0,0,0,0,998,SOULIK,1819,2018,16,6,35,8,142.3,17.3,3
2018,table2018.csv,120,180,2,0,0,0,0,994,SOULIK,1819,2018,16,12,40,8,141.7,18.9,3
2018,table2018.csv,120,180,2,0,0,0,0,990,SOULIK,1819,2018,16,18,45,8,141.4,20.0,3
2018,table2018.csv,150,150,9,0,0,0,0,985,SOULIK,1819,2018,17,0,50,8,141.0,21.4,4
2018,table2018.csv,150,150,9,50,50,9,0,980,SOULIK,1819,2018,17,6,55,8,140.5,23.0,4
2018,table2018.csv,150,150,9,50,50,9,0,970,SOULIK,1819,2018,17,12,65,8,140.2,23.8,5
2018,table2018.csv,150,150,9,50,50,9,0,965,SOULIK,1819,2018,17,18,70,8,140.1,24.4,5
2018,table2018.csv,150,150,9,50,50,9,0,960,SOULIK,1819,2018,18,0,75,8,140.1,24.6,5
2018,table2018.csv,150,180,1,60,60,9,0,955,SOULIK,1819,2018,18,6,80,8,140.0,24.8,5
2018,table2018.csv,150,180,1,60,60,9,0,955,SOULIK,1819,2018,18,12,80,8,139.9,24.9,5
2018,table2018.csv,150,180,1,60,60,9,0,955,SOULIK,1819,2018,18,18,80,8,139.6,25.0,5
2018,table2018.csv,150,180,1,60,60,9,0,955,SOULIK,1819,2018,19,0,80,8,139.0,25.1,5
2018,table2018.csv,150,180,1,60,60,9,0,955,SOULIK,1819,2018,19,6,80,8,138.6,25.2,5
2018,table2018.csv,150,180,1,60,60,9,0,960,SOULIK,1819,2018,19,12,75,8,137.9,25.4,5
2018,table2018.csv,180,210,1,80,80,9,0,965,SOULIK,1819,2018,19,18,70,8,137.1,25.6,5
2018,table2018.csv,180,210,1,80,80,9,0,960,SOULIK,1819,2018,20,0,75,8,136.4,25.8,5
2018,table2018.csv,180,210,1,80,80,9,0,955,SOULIK,1819,2018,20,6,80,8,135.5,26.1,5
2018,table2018.csv,180,210,1,80,80,9,0,955,SOULIK,1819,2018,20,12,80,8,134.5,26.4,5
2018,table2018.csv,180,210,1,80,80,9,0,955,SOULIK,1819,2018,20,15,80,8,134.0,26.7,5
2018,table2018.csv,150,210,1,80,80,9,0,950,SOULIK,1819,2018,20,18,85,8,133.3,27.0,5
2018,table2018.csv,150,210,1,80,80,9,0,950,SOULIK,1819,2018,20,21,85,8,132.7,27.4,5
2018,table2018.csv,150,210,1,80,80,9,0,950,SOULIK,1819,2018,21,0,85,8,132.1,27.7,5
2018,table2018.csv,150,210,1,80,80,9,0,950,SOULIK,1819,2018,21,3,85,8,131.6,28.0,5
2018,table2018.csv,150,210,1,80,80,9,0,950,SOULIK,1819,2018,21,6,85,8,130.9,28.3,5
2018,table2018.csv,150,210,1,80,80,9,0,950,SOULIK,1819,2018,21,9,85,8,130.4,28.8,5
2018,table2018.csv,150,210,1,80,80,9,0,950,SOULIK,1819,2018,21,12,85,8,129.8,28.9,5
2018,table2018.csv,150,180,1,80,80,9,0,950,SOULIK,1819,2018,21,15,85,8,129.3,29.4,5
2018,table2018.csv,150,180,1,80,80,9,0,950,SOULIK,1819,2018,21,18,85,8,128.7,29.7,5
2018,table2018.csv,150,180,1,80,80,9,0,950,SOULIK,1819,2018,21,21,85,8,128.2,30.1,5
2018,table2018.csv,150,180,1,80,80,9,0,950,SOULIK,1819,2018,22,0,85,8,127.6,30.4,5
2018,table2018.csv,150,150,9,80,80,9,0,950,SOULIK,1819,2018,22,3,85,8,127.2,30.7,5
2018,table2018.csv,150,150,9,80,80,9,0,955,SOULIK,1819,2018,22,6,80,8,126.8,31.2,5
2018,table2018.csv,150,150,9,80,80,9,0,955,SOULIK,1819,2018,22,9,80,8,126.5,31.6,5
2018,table2018.csv,150,150,9,80,80,9,0,960,SOULIK,1819,2018,22,12,75,8,126.2,31.9,5
2018,table2018.csv,150,150,9,60,60,9,0,965,SOULIK,1819,2018,22,18,70,8,125.7,32.6,5
2018,table2018.csv,150,150,9,60,60,9,0,965,SOULIK,1819,2018,23,0,70,8,125.5,33.0,5
2018,table2018.csv,150,150,9,60,60,9,0,970,SOULIK,1819,2018,23,6,65,8,125.7,33.6,5
2018,table2018.csv,120,150,4,60,60,9,0,975,SOULIK,1819,2018,23,12,60,8,126.1,34.3,4
2018,table2018.csv,120,180,4,0,0,0,0,985,SOULIK,1819,2018,23,18,45,8,127.3,35.7,3
2018,table2018.csv,120,210,4,0,0,0,0,985,SOULIK,1819,2018,24,0,45,8,128.9,37.5,3
2018,table2018.csv,120,210,3,0,0,0,0,985,SOULIK,1819,2018,24,6,45,8,130.4,38.9,3
2018,table2018.csv,120,240,3,0,0,0,0,990,SOULIK,1819,2018,24,12,40,8,132.0,40.1,3
2018,table2018.csv,0,0,0,0,0,0,0,992,SOULIK,1819,2018,24,18,0,8,133.9,41.1,6
2018,table2018.csv,0,0,0,0,0,0,0,996,SOULIK,1819,2018,25,0,0,8,135.5,42.1,6
2018,table2018.csv,0,0,0,0,0,0,0,998,SOULIK,1819,2018,25,6,0,8,136.6,42.7,6
2018,table2018.csv,0,0,0,0,0,0,0,1002,SOULIK,1819,2018,25,12,0,8,138.6,43.5,6
2018,table2018.csv,0,0,0,0,0,0,0,1002,SOULIK,1819,2018,25,18,0,8,140.8,44.2,6
2018,table2018.csv,0,0,0,0,0,0,0,1004,SOULIK,1819,2018,26,0,0,8,142.4,44.5,6
2018,table2018.csv,0,0,0,0,0,0,0,1004,SOULIK,1819,2018,26,6,0,8,144.4,43.9,6
2018,table2018.csv,0,0,0,0,0,0,0,1004,SOULIK,1819,2018,26,12,0,8,147.8,43.1,6
2018,table2018.csv,0,0,0,0,0,0,0,1002,SOULIK,1819,2018,26,18,0,8,151.5,42.8,6
2018,table2018.csv,0,0,0,0,0,0,0,1002,SOULIK,1819,2018,27,0,0,8,154.6,42.6,6
2018,table2018.csv,0,0,0,0,0,0,0,1000,SOULIK,1819,2018,27,6,0,8,157.4,43.5,6
2018,table2018.csv,0,0,0,0,0,0,0,998,SOULIK,1819,2018,27,12,0,8,160.0,43.4,6
2018,table2018.csv,0,0,0,0,0,0,0,992,SOULIK,1819,2018,27,18,0,8,162.2,43.5,6
2018,table2018.csv,0,0,0,0,0,0,0,992,SOULIK,1819,2018,28,0,0,8,165.5,44.0,6
2018,table2018.csv,0,0,0,0,0,0,0,992,SOULIK,1819,2018,28,6,0,8,167.8,44.6,6
2018,table2018.csv,0,0,0,0,0,0,0,994,SOULIK,1819,2018,28,12,0,8,171.3,45.8,6
2018,table2018.csv,0,0,0,0,0,0,0,994,SOULIK,1819,2018,28,18,0,8,174.8,47.9,6
2018,table2018.csv,0,0,0,0,0,0,0,994,SOULIK,1819,2018,29,0,0,8,178.1,51.7,6
2018,table2018.csv,0,0,0,0,0,0,0,990,SOULIK,1819,2018,29,6,0,8,178.7,54.6,6
2018,table2018.csv,0,0,0,0,0,0,0,990,SOULIK,1819,2018,29,12,0,8,178.5,56.5,6
2018,table2018.csv,0,0,0,0,0,0,0,988,SOULIK,1819,2018,29,18,0,8,178.9,57.4,6
2018,table2018.csv,0,0,0,0,0,0,0,988,SOULIK,1819,2018,30,0,0,8,179.4,58.1,6
2018,table2018.csv,0,0,0,0,0,0,0,992,SOULIK,1819,2018,30,6,0,8,181.8,58.7,6
2018,table2018.csv,0,0,0,0,0,0,0,1008,CIMARON,1820,2018,16,12,0,8,160.3,11.3,2
2018,table2018.csv,0,0,0,0,0,0,0,1006,CIMARON,1820,2018,16,18,0,8,159.6,11.7,2
2018,table2018.csv,0,0,0,0,0,0,0,1008,CIMARON,1820,2018,17,0,0,8,158.9,12.0,2
2018,table2018.csv,0,0,0,0,0,0,0,1006,CIMARON,1820,2018,17,6,0,8,158.1,12.2,2
2018,table2018.csv,0,0,0,0,0,0,0,1008,CIMARON,1820,2018,17,12,0,8,156.9,12.5,2
2018,table2018.csv,0,0,0,0,0,0,0,1006,CIMARON,1820,2018,17,18,0,8,155.5,12.9,2
2018,table2018.csv,0,0,0,0,0,0,0,1006,CIMARON,1820,2018,18,0,0,8,154.6,13.3,2
2018,table2018.csv,0,0,0,0,0,0,0,1004,CIMARON,1820,2018,18,6,0,8,154.3,13.7,2
2018,table2018.csv,150,150,9,0,0,0,0,1000,CIMARON,1820,2018,18,12,35,8,153.9,14.0,3
2018,table2018.csv,150,150,9,0,0,0,0,998,CIMARON,1820,2018,18,18,35,8,153.2,14.4,3
2018,table2018.csv,150,150,9,0,0,0,0,996,CIMARON,1820,2018,19,0,40,8,152.4,14.8,3
2018,table2018.csv,150,150,9,0,0,0,0,992,CIMARON,1820,2018,19,6,45,8,151.7,15.3,3
2018,table2018.csv,150,270,3,0,0,0,0,990,CIMARON,1820,2018,19,12,50,8,150.9,15.8,4
2018,table2018.csv,150,270,3,50,50,9,0,985,CIMARON,1820,2018,19,18,55,8,150.0,16.4,4
2018,table2018.csv,150,270,3,50,50,9,0,985,CIMARON,1820,2018,20,0,55,8,149.1,17.0,4
2018,table2018.csv,150,300,3,50,50,9,0,985,CIMARON,1820,2018,20,6,55,8,148.2,17.7,4
2018,table2018.csv,150,300,3,50,50,9,0,980,CIMARON,1820,2018,20,12,60,8,147.3,18.5,4
2018,table2018.csv,150,300,2,50,50,9,0,980,CIMARON,1820,2018,20,18,60,8,146.3,19.2,4
2018,table2018.csv,150,300,2,60,60,9,0,975,CIMARON,1820,2018,21,0,65,8,145.1,20.1,5
2018,table2018.csv,150,300,2,60,60,9,0,970,CIMARON,1820,2018,21,6,70,8,144.1,21.2,5
2018,table2018.csv,150,300,2,60,60,9,0,965,CIMARON,1820,2018,21,12,70,8,142.7,21.9,5
2018,table2018.csv,150,300,2,60,90,2,0,960,CIMARON,1820,2018,21,18,75,8,141.4,23.1,5
2018,table2018.csv,150,300,2,60,90,2,0,955,CIMARON,1820,2018,22,0,80,8,140.0,24.2,5
2018,table2018.csv,150,300,2,60,90,2,0,950,CIMARON,1820,2018,22,6,85,8,138.8,25.5,5
2018,table2018.csv,150,300,2,60,90,2,0,950,CIMARON,1820,2018,22,12,85,8,137.3,26.9,5
2018,table2018.csv,150,300,2,60,90,2,0,950,CIMARON,1820,2018,22,15,85,8,136.6,27.6,5
2018,table2018.csv,150,300,2,60,90,2,0,955,CIMARON,1820,2018,22,18,80,8,135.9,28.4,5
2018,table2018.csv,150,300,2,60,90,2,0,955,CIMARON,1820,2018,22,21,80,8,135.4,29.0,5
2018,table2018.csv,150,300,2,60,90,2,0,955,CIMARON,1820,2018,23,0,80,8,135.0,29.8,5
2018,table2018.csv,150,300,2,60,90,2,0,955,CIMARON,1820,2018,23,3,80,8,134.7,31.0,5
2018,table2018.csv,150,300,2,60,90,2,0,955,CIMARON,1820,2018,23,6,80,8,134.5,31.8,5
2018,table2018.csv,150,300,2,60,90,2,0,965,CIMARON,1820,2018,23,9,75,8,134.5,32.8,5
2018,table2018.csv,150,270,2,60,90,2,1,970,CIMARON,1820,2018,23,12,75,8,134.6,33.8,5
2018,table2018.csv,150,270,2,60,120,4,1,975,CIMARON,1820,2018,23,14,70,8,134.6,34.6,5
2018,table2018.csv,150,270,2,60,120,4,0,980,CIMARON,1820,2018,23,15,65,8,134.7,35.0,5
2018,table2018.csv,150,270,3,40,80,3,0,985,CIMARON,1820,2018,23,18,60,8,135.1,36.5,4
2018,table2018.csv,150,300,3,30,60,3,0,990,CIMARON,1820,2018,23,21,55,8,135.3,38.0,4
2018,table2018.csv,150,300,3,0,0,0,0,990,CIMARON,1820,2018,24,0,50,8,136.2,39.2,4
2018,table2018.csv,150,240,3,0,0,0,0,994,CIMARON,1820,2018,24,6,40,8,137.4,40.7,3
2018,table2018.csv,0,0,0,0,0,0,0,1000,CIMARON,1820,2018,24,12,0,8,139.7,41.7,6
2018,table2018.csv,0,0,0,0,0,0,0,1008,JEBI,1821,2018,26,18,0,8,160.5,11.0,2
2018,table2018.csv,0,0,0,0,0,0,0,1008,JEBI,1821,2018,27,0,0,8,159.7,11.9,2
2018,table2018.csv,0,0,0,0,0,0,0,1008,JEBI,1821,2018,27,6,0,8,159.2,12.8,2
2018,table2018.csv,0,0,0,0,0,0,0,1008,JEBI,1821,2018,27,12,0,8,158.9,13.6,2
2018,table2018.csv,60,60,9,0,0,0,0,1004,JEBI,1821,2018,27,18,35,8,157.9,14.5,3
2018,table2018.csv,60,90,2,0,0,0,0,1000,JEBI,1821,2018,28,0,40,8,157.0,15.4,3
2018,table2018.csv,60,90,2,0,0,0,0,1000,JEBI,1821,2018,28,6,40,8,156.3,16.2,3
2018,table2018.csv,90,120,2,0,0,0,0,996,JEBI,1821,2018,28,12,45,8,155.6,16.6,3
2018,table2018.csv,100,180,2,0,0,0,0,992,JEBI,1821,2018,28,18,50,8,154.4,16.7,4
2018,table2018.csv,100,180,2,30,30,9,0,990,JEBI,1821,2018,29,0,60,8,153.5,17.0,4
2018,table2018.csv,100,180,2,30,30,9,0,985,JEBI,1821,2018,29,6,65,8,152.3,17.3,5
2018,table2018.csv,100,180,1,30,45,1,0,980,JEBI,1821,2018,29,12,70,8,151.4,17.3,5
2018,table2018.csv,100,180,1,30,50,1,0,965,JEBI,1821,2018,29,18,80,8,150.5,17.4,5
2018,table2018.csv,100,180,1,30,50,1,0,955,JEBI,1821,2018,30,0,85,8,149.1,17.6,5
2018,table2018.csv,100,180,1,40,40,9,0,940,JEBI,1821,2018,30,6,90,8,148.1,17.7,5
2018,table2018.csv,100,180,1,45,45,9,0,935,JEBI,1821,2018,30,12,95,8,146.9,17.8,5
2018,table2018.csv,100,180,8,50,50,9,0,925,JEBI,1821,2018,30,18,100,8,145.4,17.8,5
2018,table2018.csv,100,180,8,60,60,9,0,915,JEBI,1821,2018,31,0,105,8,144.2,17.9,5
2018,table2018.csv,130,210,1,60,60,9,0,915,JEBI,1821,2018,31,6,105,8,142.7,18.3,5
2018,table2018.csv,150,230,1,70,70,9,0,915,JEBI,1821,2018,31,12,105,8,141.5,18.5,5
2018,table2018.csv,150,230,1,80,80,9,0,915,JEBI,1821,2018,31,18,105,8,140.2,19.1,5
2018,table2018.csv,150,230,1,90,90,9,0,915,JEBI,1821,2018,1,0,105,9,139.2,19.6,5
2018,table2018.csv,150,230,2,90,90,9,0,915,JEBI,1821,2018,1,6,105,9,138.3,20.4,5
2018,table2018.csv,150,240,2,90,90,9,0,925,JEBI,1821,2018,1,12,100,9,137.3,21.0,5
2018,table2018.csv,150,240,2,90,90,9,0,935,JEBI,1821,2018,1,18,95,9,136.5,21.8,5
2018,table2018.csv,150,240,2,90,90,9,0,935,JEBI,1821,2018,2,0,95,9,135.8,22.7,5
2018,table2018.csv,180,240,2,100,100,9,0,935,JEBI,1821,2018,2,6,95,9,135.0,23.7,5
2018,table2018.csv,180,240,2,100,100,9,0,935,JEBI,1821,2018,2,12,95,9,134.4,24.5,5
2018,table2018.csv,180,240,2,100,100,9,0,935,JEBI,1821,2018,2,18,95,9,133.8,25.5,5
2018,table2018.csv,180,240,2,100,100,9,0,940,JEBI,1821,2018,3,0,90,9,133.2,26.6,5
2018,table2018.csv,180,240,2,80,100,2,0,940,JEBI,1821,2018,3,6,90,9,132.6,27.5,5
2018,table2018.csv,140,280,2,70,100,2,0,940,JEBI,1821,2018,3,12,90,9,132.6,28.6,5
2018,table2018.csv,140,280,2,70,100,2,0,945,JEBI,1821,2018,3,15,85,9,132.6,29.4,5
2018,table2018.csv,140,280,2,60,110,2,0,945,JEBI,1821,2018,3,18,85,9,132.8,30.3,5
2018,table2018.csv,140,280,2,60,110,2,0,950,JEBI,1821,2018,3,21,85,9,133.2,31.3,5
2018,table2018.csv,120,300,2,40,120,2,0,950,JEBI,1821,2018,4,0,85,9,133.7,32.4,5
2018,table2018.csv,120,300,2,40,120,2,1,950,JEBI,1821,2018,4,2,85,9,134.2,33.3,5
2018,table2018.csv,120,300,2,40,120,2,0,950,JEBI,1821,2018,4,3,85,9,134.5,33.8,5
2018,table2018.csv,120,300,3,40,100,3,1,955,JEBI,1821,2018,4,4,85,9,134.8,34.3,5
2018,table2018.csv,120,300,3,30,90,3,0,965,JEBI,1821,2018,4,6,75,9,135.7,35.6,5
2018,table2018.csv,180,300,4,30,80,4,0,965,JEBI,1821,2018,4,9,70,9,136.4,37.1,5
2018,table2018.csv,180,350,4,30,80,4,0,970,JEBI,1821,2018,4,12,65,9,137.7,39.2,5
2018,table2018.csv,300,500,4,0,0,0,0,975,JEBI,1821,2018,4,15,50,9,139.2,41.3,4
2018,table2018.csv,300,500,4,0,0,0,0,975,JEBI,1821,2018,4,18,50,9,139.9,43.2,4
2018,table2018.csv,300,450,3,0,0,0,0,975,JEBI,1821,2018,4,21,50,9,140.2,45.0,4
2018,table2018.csv,0,0,0,0,0,0,0,976,JEBI,1821,2018,5,0,0,9,139.0,46.5,6
2018,table2018.csv,0,0,0,0,0,0,0,976,JEBI,1821,2018,5,6,0,9,137.5,49.3,6
2018,table2018.csv,0,0,0,0,0,0,0,980,JEBI,1821,2018,5,12,0,9,136.3,51.2,6
2018,table2018.csv,0,0,0,0,0,0,0,980,JEBI,1821,2018,5,18,0,9,136.2,52.8,6
2018,table2018.csv,0,0,0,0,0,0,0,982,JEBI,1821,2018,6,0,0,9,136.5,54.0,6
2018,table2018.csv,0,0,0,0,0,0,0,984,JEBI,1821,2018,6,6,0,9,136.9,54.9,6
2018,table2018.csv,0,0,0,0,0,0,0,986,JEBI,1821,2018,6,12,0,9,137.5,55.7,6
2018,table2018.csv,0,0,0,0,0,0,0,990,JEBI,1821,2018,6,18,0,9,137.8,56.7,6
2018,table2018.csv,0,0,0,0,0,0,0,992,JEBI,1821,2018,7,0,0,9,137.8,58.7,6
2018,table2018.csv,0,0,0,0,0,0,0,996,JEBI,1821,2018,7,6,0,9,136.3,62.1,6
2018,table2018.csv,0,0,0,0,0,0,0,1008,MANGKHUT,1822,2018,6,12,0,9,170.2,11.8,2
2018,table2018.csv,0,0,0,0,0,0,0,1008,MANGKHUT,1822,2018,6,18,0,9,169.2,12.0,2
2018,table2018.csv,0,0,0,0,0,0,0,1008,MANGKHUT,1822,2018,7,0,0,9,167.8,12.0,2
2018,table2018.csv,0,0,0,0,0,0,0,1006,MANGKHUT,1822,2018,7,6,0,9,166.6,12.3,2
2018,table2018.csv,150,150,9,0,0,0,0,1000,MANGKHUT,1822,2018,7,12,35,9,165.4,12.7,3
2018,table2018.csv,150,150,9,0,0,0,0,1000,MANGKHUT,1822,2018,7,18,35,9,163.9,13.0,3
2018,table2018.csv,150,150,9,0,0,0,0,998,MANGKHUT,1822,2018,8,0,40,9,162.3,13.6,3
2018,table2018.csv,150,150,9,0,0,0,0,996,MANGKHUT,1822,2018,8,6,40,9,160.6,14.3,3
2018,table2018.csv,150,150,9,0,0,0,0,992,MANGKHUT,1822,2018,8,12,45,9,159.2,14.5,3
2018,table2018.csv,160,160,9,0,0,0,0,990,MANGKHUT,1822,2018,8,18,50,9,157.4,14.6,4
2018,table2018.csv,180,180,9,60,60,9,0,975,MANGKHUT,1822,2018,9,0,65,9,155.2,14.8,5
2018,table2018.csv,180,180,9,60,60,9,0,975,MANGKHUT,1822,2018,9,6,65,9,152.9,15.3,5
2018,table2018.csv,180,180,9,60,60,9,0,970,MANGKHUT,1822,2018,9,12,70,9,151.4,15.1,5
2018,table2018.csv,180,180,9,70,70,9,0,955,MANGKHUT,1822,2018,9,18,80,9,149.1,14.6,5
2018,table2018.csv,180,180,9,70,70,9,0,955,MANGKHUT,1822,2018,10,0,80,9,147.5,14.6,5
2018,table2018.csv,180,180,9,70,70,9,0,955,MANGKHUT,1822,2018,10,6,80,9,145.6,14.4,5
2018,table2018.csv,180,180,9,70,70,9,0,950,MANGKHUT,1822,2018,10,12,85,9,144.2,14.2,5
2018,table2018.csv,180,180,9,80,80,9,0,940,MANGKHUT,1822,2018,10,18,90,9,142.6,14.0,5
2018,table2018.csv,180,180,9,90,90,9,0,935,MANGKHUT,1822,2018,11,0,95,9,141.3,14.0,5
2018,table2018.csv,180,180,9,110,110,9,0,915,MANGKHUT,1822,2018,11,6,105,9,139.8,13.9,5
2018,table2018.csv,210,210,9,110,110,9,0,905,MANGKHUT,1822,2018,11,12,110,9,138.7,13.7,5
2018,table2018.csv,240,240,9,110,110,9,0,905,MANGKHUT,1822,2018,11,18,110,9,137.4,14.0,5
2018,table2018.csv,240,240,9,110,110,9,0,905,MANGKHUT,1822,2018,12,0,110,9,136.2,13.9,5
2018,table2018.csv,240,240,9,110,110,9,0,905,MANGKHUT,1822,2018,12,6,110,9,135.2,14.0,5
2018,table2018.csv,240,280,1,110,110,9,0,905,MANGKHUT,1822,2018,12,12,110,9,134.0,14.3,5
2018,table2018.csv,240,300,1,110,110,9,0,905,MANGKHUT,1822,2018,12,18,110,9,132.5,14.4,5
2018,table2018.csv,240,300,1,110,110,9,0,905,MANGKHUT,1822,2018,13,0,110,9,131.4,14.5,5
2018,table2018.csv,240,300,1,110,110,9,0,905,MANGKHUT,1822,2018,13,6,110,9,130.0,14.8,5
2018,table2018.csv,300,400,3,120,120,9,0,905,MANGKHUT,1822,2018,13,12,110,9,128.9,14.9,5
2018,table2018.csv,300,400,3,120,120,9,0,905,MANGKHUT,1822,2018,13,18,110,9,127.9,15.2,5
2018,table2018.csv,300,400,3,120,120,9,0,905,MANGKHUT,1822,2018,14,0,110,9,126.9,16.0,5
2018,table2018.csv,300,400,3,120,120,9,0,905,MANGKHUT,1822,2018,14,6,110,9,125.7,16.7,5
2018,table2018.csv,300,400,3,120,120,9,0,905,MANGKHUT,1822,2018,14,12,110,9,124.1,17.4,5
2018,table2018.csv,300,400,2,120,120,9,0,905,MANGKHUT,1822,2018,14,18,110,9,122.3,18.0,5
2018,table2018.csv,300,400,2,120,120,9,0,940,MANGKHUT,1822,2018,15,0,90,9,120.5,18.0,5
2018,table2018.csv,300,400,2,120,120,9,0,940,MANGKHUT,1822,2018,15,6,90,9,119.7,18.5,5
2018,table2018.csv,240,350,2,120,120,9,0,950,MANGKHUT,1822,2018,15,12,85,9,118.3,19.2,5
2018,table2018.csv,240,350,2,120,120,9,0,955,MANGKHUT,1822,2018,15,18,80,9,117.0,19.8,5
2018,table2018.csv,240,350,2,90,90,9,0,960,MANGKHUT,1822,2018,16,0,75,9,115.3,20.6,5
2018,table2018.csv,210,350,2,90,90,9,0,960,MANGKHUT,1822,2018,16,6,75,9,113.5,21.7,5
2018,table2018.csv,180,300,2,90,90,9,0,970,MANGKHUT,1822,2018,16,12,65,9,111.6,22.2,5
2018,table2018.csv,180,300,2,90,90,9,0,980,MANGKHUT,1822,2018,16,18,55,9,109.7,22.7,4
2018,table2018.csv,180,300,4,0,0,0,0,992,MANGKHUT,1822,2018,17,0,45,9,108.3,23.2,3
2018,table2018.csv,0,0,0,0,0,0,0,998,MANGKHUT,1822,2018,17,6,0,9,107.0,24.0,2
2018,table2018.csv,0,0,0,0,0,0,0,1002,MANGKHUT,1822,2018,17,12,0,9,105.6,24.0,2
2018,table2018.csv,0,0,0,0,0,0,0,1004,MANGKHUT,1822,2018,17,18,0,9,103.9,24.1,2
2018,table2018.csv,0,0,0,0,0,0,0,1006,BARIJAT,1823,2018,8,6,0,9,121.8,20.5,2
2018,table2018.csv,0,0,0,0,0,0,0,1008,BARIJAT,1823,2018,8,12,0,9,122.3,20.9,2
2018,table2018.csv,0,0,0,0,0,0,0,1006,BARIJAT,1823,2018,8,18,0,9,122.5,21.1,2
2018,table2018.csv,0,0,0,0,0,0,0,1006,BARIJAT,1823,2018,9,0,0,9,122.8,21.3,2
2018,table2018.csv,0,0,0,0,0,0,0,1006,BARIJAT,1823,2018,9,6,0,9,123.0,21.4,2
2018,table2018.csv,0,0,0,0,0,0,0,1008,BARIJAT,1823,2018,9,12,0,9,122.6,21.7,2
2018,table2018.csv,0,0,0,0,0,0,0,1006,BARIJAT,1823,2018,9,18,0,9,122.2,21.7,2
2018,table2018.csv,0,0,0,0,0,0,0,1006,BARIJAT,1823,2018,10,0,0,9,121.8,21.5,2
2018,table2018.csv,0,0,0,0,0,0,0,1006,BARIJAT,1823,2018,10,6,0,9,121.0,21.3,2
2018,table2018.csv,0,0,0,0,0,0,0,1006,BARIJAT,1823,2018,10,12,0,9,120.2,21.2,2
2018,table2018.csv,0,0,0,0,0,0,0,1004,BARIJAT,1823,2018,10,18,0,9,119.5,21.1,2
2018,table2018.csv,60,60,9,0,0,0,0,1000,BARIJAT,1823,2018,11,0,35,9,118.7,20.9,3
2018,table2018.csv,60,60,9,0,0,0,0,998,BARIJAT,1823,2018,11,6,40,9,118.0,20.7,3
2018,table2018.csv,60,60,9,0,0,0,0,998,BARIJAT,1823,2018,11,12,40,9,117.4,20.4,3
2018,table2018.csv,60,60,9,0,0,0,0,998,BARIJAT,1823,2018,11,18,40,9,116.4,20.5,3
2018,table2018.csv,60,60,9,0,0,0,0,998,BARIJAT,1823,2018,12,0,40,9,115.4,20.7,3
2018,table2018.csv,60,60,9,0,0,0,0,998,BARIJAT,1823,2018,12,6,40,9,114.5,20.9,3
2018,table2018.csv,60,60,9,0,0,0,0,998,BARIJAT,1823,2018,12,12,40,9,113.5,20.9,3
2018,table2018.csv,60,60,9,0,0,0,0,998,BARIJAT,1823,2018,12,18,40,9,112.1,20.8,3
2018,table2018.csv,60,60,9,0,0,0,0,1002,BARIJAT,1823,2018,13,0,35,9,110.6,21.5,3
2018,table2018.csv,0,0,0,0,0,0,0,1006,BARIJAT,1823,2018,13,6,0,9,109.9,22.0,2
2018,table2018.csv,0,0,0,0,0,0,0,1002,TRAMI,1824,2018,20,6,0,9,146.7,11.8,2
2018,table2018.csv,0,0,0,0,0,0,0,1004,TRAMI,1824,2018,20,12,0,9,146.0,12.8,2
2018,table2018.csv,0,0,0,0,0,0,0,1002,TRAMI,1824,2018,20,18,0,9,145.4,13.6,2
2018,table2018.csv,0,0,0,0,0,0,0,1002,TRAMI,1824,2018,21,0,0,9,144.4,14.5,2
2018,table2018.csv,90,180,1,0,0,0,0,1000,TRAMI,1824,2018,21,6,35,9,143.7,15.0,3
2018,table2018.csv,90,180,1,0,0,0,0,1000,TRAMI,1824,2018,21,12,40,9,142.8,15.3,3
2018,table2018.csv,90,180,1,0,0,0,0,998,TRAMI,1824,2018,21,18,45,9,141.6,15.5,3
2018,table2018.csv,120,210,1,0,0,0,0,994,TRAMI,1824,2018,22,0,50,9,140.2,15.9,4
2018,table2018.csv,120,210,1,30,30,9,0,990,TRAMI,1824,2018,22,6,55,9,138.7,16.8,4
2018,table2018.csv,120,210,1,30,30,9,0,985,TRAMI,1824,2018,22,12,60,9,137.8,17.1,4
2018,table2018.csv,120,210,1,45,45,9,0,975,TRAMI,1824,2018,22,18,65,9,136.2,17.1,5
2018,table2018.csv,120,210,1,50,50,9,0,970,TRAMI,1824,2018,23,0,70,9,135.2,17.1,5
2018,table2018.csv,150,240,8,75,75,9,0,955,TRAMI,1824,2018,23,6,80,9,134.3,17.3,5
2018,table2018.csv,150,240,8,80,80,9,0,950,TRAMI,1824,2018,23,12,85,9,133.3,17.5,5
2018,table2018.csv,150,240,8,90,90,9,0,940,TRAMI,1824,2018,23,18,90,9,132.2,18.1,5
2018,table2018.csv,150,240,8,90,90,9,0,935,TRAMI,1824,2018,24,0,95,9,131.3,18.4,5
2018,table2018.csv,150,240,8,90,90,9,0,925,TRAMI,1824,2018,24,6,100,9,130.4,18.9,5
2018,table2018.csv,200,270,8,90,90,9,0,925,TRAMI,1824,2018,24,12,100,9,129.7,19.3,5
2018,table2018.csv,200,270,8,100,100,9,0,915,TRAMI,1824,2018,24,18,105,9,129.1,19.6,5
2018,table2018.csv,240,270,8,100,100,9,0,915,TRAMI,1824,2018,25,0,105,9,128.7,19.6,5
2018,table2018.csv,240,270,8,100,100,9,0,915,TRAMI,1824,2018,25,6,105,9,128.9,19.8,5
2018,table2018.csv,270,270,9,100,100,9,0,925,TRAMI,1824,2018,25,12,100,9,128.9,20.0,5
2018,table2018.csv,270,270,9,100,100,9,0,935,TRAMI,1824,2018,25,18,95,9,128.9,20.3,5
2018,table2018.csv,270,270,9,100,100,9,0,950,TRAMI,1824,2018,26,0,85,9,129.0,20.7,5
2018,table2018.csv,270,270,9,100,100,9,0,950,TRAMI,1824,2018,26,6,85,9,129.2,20.9,5
2018,table2018.csv,270,270,9,100,100,9,0,950,TRAMI,1824,2018,26,12,85,9,129.2,21.3,5
2018,table2018.csv,270,270,9,100,100,9,0,950,TRAMI,1824,2018,26,18,85,9,129.2,21.5,5
2018,table2018.csv,270,270,9,120,120,9,0,950,TRAMI,1824,2018,27,0,85,9,129.1,21.6,5
2018,table2018.csv,270,270,9,120,120,9,0,950,TRAMI,1824,2018,27,6,85,9,129.0,21.7,5
2018,table2018.csv,300,300,9,120,120,9,0,950,TRAMI,1824,2018,27,12,85,9,128.8,21.9,5
2018,table2018.csv,300,300,9,120,120,9,0,950,TRAMI,1824,2018,27,18,85,9,128.4,22.2,5
2018,table2018.csv,300,300,9,120,120,9,0,950,TRAMI,1824,2018,28,0,85,9,128.0,22.5,5
2018,table2018.csv,300,300,9,120,120,9,0,950,TRAMI,1824,2018,28,3,85,9,127.5,22.8,5
2018,table2018.csv,300,300,9,120,120,9,0,950,TRAMI,1824,2018,28,6,85,9,127.3,23.1,5
2018,table2018.csv,300,300,9,120,120,9,0,950,TRAMI,1824,2018,28,9,85,9,127.2,23.5,5
2018,table2018.csv,350,350,9,120,150,2,0,950,TRAMI,1824,2018,28,12,85,9,126.9,23.8,5
2018,table2018.csv,350,350,9,120,150,2,0,950,TRAMI,1824,2018,28,15,85,9,126.9,24.1,5
2018,table2018.csv,350,350,9,120,150,2,0,950,TRAMI,1824,2018,28,18,85,9,126.8,24.5,5
2018,table2018.csv,350,350,9,120,150,2,0,950,TRAMI,1824,2018,28,21,85,9,126.8,25.0,5
2018,table2018.csv,350,350,9,120,150,2,0,950,TRAMI,1824,2018,29,0,85,9,126.9,25.4,5
2018,table2018.csv,350,350,9,120,150,2,0,950,TRAMI,1824,2018,29,3,85,9,126.9,26.0,5
2018,table2018.csv,350,350,9,120,150,2,0,950,TRAMI,1824,2018,29,6,85,9,127.4,26.5,5
2018,table2018.csv,350,350,9,120,150,2,0,950,TRAMI,1824,2018,29,9,85,9,127.9,27.1,5
2018,table2018.csv,350,350,9,120,150,2,0,950,TRAMI,1824,2018,29,12,85,9,128.3,27.8,5
2018,table2018.csv,350,350,9,120,150,2,0,950,TRAMI,1824,2018,29,15,85,9,128.7,28.4,5
2018,table2018.csv,350,350,9,120,150,2,0,950,TRAMI,1824,2018,29,18,85,9,129.3,29.1,5
2018,table2018.csv,350,350,9,120,150,2,0,950,TRAMI,1824,2018,29,21,85,9,129.9,29.8,5
2018,table2018.csv,350,350,9,90,150,3,0,950,TRAMI,1824,2018,30,0,85,9,130.8,30.6,5
2018,table2018.csv,350,350,9,90,150,3,0,950,TRAMI,1824,2018,30,3,85,9,131.8,31.6,5
2018,table2018.csv,300,350,3,80,150,3,0,955,TRAMI,1824,2018,30,6,80,9,132.9,32.3,5
2018,table2018.csv,240,350,3,80,150,3,0,955,TRAMI,1824,2018,30,9,80,9,134.3,33.2,5
2018,table2018.csv,240,350,3,80,150,3,1,960,TRAMI,1824,2018,30,11,80,9,135.5,33.8,5
2018,table2018.csv,240,350,3,80,150,3,0,960,TRAMI,1824,2018,30,12,80,9,136.0,34.3,5
2018,table2018.csv,240,350,3,80,150,3,0,970,TRAMI,1824,2018,30,15,75,9,137.9,35.8,5
2018,table2018.csv,240,350,3,80,150,3,0,970,TRAMI,1824,2018,30,18,70,9,139.9,37.2,5
2018,table2018.csv,240,350,3,80,150,3,0,970,TRAMI,1824,2018,30,21,65,9,141.8,39.4,5
2018,table2018.csv,0,0,0,0,0,0,0,970,TRAMI,1824,2018,1,0,0,10,144.2,41.3,6
2018,table2018.csv,0,0,0,0,0,0,0,970,TRAMI,1824,2018,1,6,0,10,150.7,44.1,6
2018,table2018.csv,0,0,0,0,0,0,0,970,TRAMI,1824,2018,1,12,0,10,157.3,47.2,6
2018,table2018.csv,0,0,0,0,0,0,0,968,TRAMI,1824,2018,1,18,0,10,163.3,49.8,6
2018,table2018.csv,0,0,0,0,0,0,0,968,TRAMI,1824,2018,2,0,0,10,168.1,51.8,6
2018,table2018.csv,0,0,0,0,0,0,0,966,TRAMI,1824,2018,2,6,0,10,172.2,53.8,6
2018,table2018.csv,0,0,0,0,0,0,0,964,TRAMI,1824,2018,2,12,0,10,174.7,55.7,6
2018,table2018.csv,0,0,0,0,0,0,0,960,TRAMI,1824,2018,2,18,0,10,175.3,56.7,6
2018,table2018.csv,0,0,0,0,0,0,0,956,TRAMI,1824,2018,3,0,0,10,174.2,56.9,6
2018,table2018.csv,0,0,0,0,0,0,0,956,TRAMI,1824,2018,3,6,0,10,175.1,55.7,6
2018,table2018.csv,0,0,0,0,0,0,0,956,TRAMI,1824,2018,3,12,0,10,179.9,55.1,6
2018,table2018.csv,0,0,0,0,0,0,0,958,TRAMI,1824,2018,3,18,0,10,184.8,55.3,6
2018,table2018.csv,0,0,0,0,0,0,0,1006,KONG-REY,1825,2018,28,0,0,9,150.9,7.4,2
2018,table2018.csv,0,0,0,0,0,0,0,1004,KONG-REY,1825,2018,28,6,0,9,149.5,8.5,2
2018,table2018.csv,0,0,0,0,0,0,0,1004,KONG-REY,1825,2018,28,12,0,9,148.0,9.6,2
2018,table2018.csv,0,0,0,0,0,0,0,1002,KONG-REY,1825,2018,28,18,0,9,146.5,11.0,2
2018,table2018.csv,0,0,0,0,0,0,0,1004,KONG-REY,1825,2018,29,0,0,9,144.2,12.0,2
2018,table2018.csv,90,90,9,0,0,0,0,1000,KONG-REY,1825,2018,29,6,35,9,142.6,12.6,3
2018,table2018.csv,120,120,9,0,0,0,0,996,KONG-REY,1825,2018,29,12,40,9,141.4,12.8,3
2018,table2018.csv,120,120,9,0,0,0,0,990,KONG-REY,1825,2018,29,18,50,9,139.9,13.1,4
2018,table2018.csv,150,150,9,40,40,9,0,980,KONG-REY,1825,2018,30,0,60,9,138.9,13.7,4
2018,table2018.csv,150,150,9,40,40,9,0,975,KONG-REY,1825,2018,30,6,65,9,138.1,14.5,5
2018,table2018.csv,180,180,9,60,60,9,0,965,KONG-REY,1825,2018,30,12,75,9,137.2,14.9,5
2018,table2018.csv,180,180,9,75,75,9,0,950,KONG-REY,1825,2018,30,18,85,9,136.4,15.4,5
2018,table2018.csv,210,210,9,90,90,9,0,940,KONG-REY,1825,2018,1,0,90,10,135.9,15.6,5
2018,table2018.csv,240,240,9,100,100,9,0,925,KONG-REY,1825,2018,1,6,100,10,135.2,16.1,5
2018,table2018.csv,240,240,9,120,120,9,0,900,KONG-REY,1825,2018,1,12,115,10,134.4,16.8,5
2018,table2018.csv,240,240,9,120,120,9,0,900,KONG-REY,1825,2018,1,18,115,10,133.6,17.3,5
2018,table2018.csv,240,240,9,120,120,9,0,900,KONG-REY,1825,2018,2,0,115,10,132.7,17.7,5
2018,table2018.csv,240,240,9,120,120,9,0,900,KONG-REY,1825,2018,2,6,115,10,132.0,18.2,5
2018,table2018.csv,350,350,9,120,120,9,0,915,KONG-REY,1825,2018,2,12,105,10,131.2,18.9,5
2018,table2018.csv,350,350,9,100,100,9,0,940,KONG-REY,1825,2018,2,18,90,10,130.4,19.5,5
2018,table2018.csv,350,350,9,100,100,9,0,950,KONG-REY,1825,2018,3,0,85,10,129.7,20.1,5
2018,table2018.csv,400,400,9,100,100,9,0,955,KONG-REY,1825,2018,3,6,80,10,129.2,20.9,5
2018,table2018.csv,400,400,9,100,100,9,0,970,KONG-REY,1825,2018,3,12,70,10,128.8,21.6,5
2018,table2018.csv,300,300,9,100,100,9,0,975,KONG-REY,1825,2018,3,18,65,10,128.1,22.5,5
2018,table2018.csv,300,300,9,120,120,9,0,975,KONG-REY,1825,2018,4,0,65,10,127.7,23.2,5
2018,table2018.csv,300,300,9,120,120,9,0,975,KONG-REY,1825,2018,4,3,65,10,127.4,23.8,5
2018,table2018.csv,300,300,9,120,120,9,0,975,KONG-REY,1825,2018,4,6,60,10,127.1,24.3,4
2018,table2018.csv,300,300,9,120,120,9,0,975,KONG-REY,1825,2018,4,9,60,10,126.9,24.9,4
2018,table2018.csv,300,300,9,100,100,9,0,975,KONG-REY,1825,2018,4,12,60,10,126.7,25.4,4
2018,table2018.csv,300,300,9,100,100,9,0,975,KONG-REY,1825,2018,4,15,60,10,126.4,26.2,4
2018,table2018.csv,300,300,9,100,100,9,0,975,KONG-REY,1825,2018,4,18,60,10,126.1,26.7,4
2018,table2018.csv,300,300,9,100,100,9,0,975,KONG-REY,1825,2018,4,21,60,10,125.9,27.5,4
2018,table2018.csv,300,300,9,100,100,9,0,975,KONG-REY,1825,2018,5,0,60,10,125.9,28.0,4
2018,table2018.csv,300,300,9,120,120,9,0,975,KONG-REY,1825,2018,5,3,60,10,125.9,28.7,4
2018,table2018.csv,300,300,9,140,140,9,0,975,KONG-REY,1825,2018,5,6,65,10,125.9,29.5,5
2018,table2018.csv,300,300,9,140,140,9,0,975,KONG-REY,1825,2018,5,9,65,10,126.1,30.5,5
2018,table2018.csv,300,300,9,140,140,9,0,975,KONG-REY,1825,2018,5,12,65,10,126.0,31.3,5
2018,table2018.csv,300,300,9,140,140,9,0,975,KONG-REY,1825,2018,5,15,65,10,126.1,32.2,5
2018,table2018.csv,300,300,9,140,140,9,0,975,KONG-REY,1825,2018,5,18,65,10,126.5,32.9,5
2018,table2018.csv,300,300,9,140,140,9,0,975,KONG-REY,1825,2018,5,21,65,10,127.3,33.7,5
2018,table2018.csv,300,300,9,120,120,9,0,975,KONG-REY,1825,2018,6,0,60,10,128.1,34.7,4
2018,table2018.csv,240,240,9,100,100,9,0,980,KONG-REY,1825,2018,6,3,55,10,129.1,35.8,4
2018,table2018.csv,240,240,9,100,100,9,0,980,KONG-REY,1825,2018,6,6,55,10,130.4,37.1,4
2018,table2018.csv,240,240,9,100,100,9,0,980,KONG-REY,1825,2018,6,9,55,10,131.7,37.9,4
2018,table2018.csv,0,0,0,0,0,0,0,984,KONG-REY,1825,2018,6,12,0,10,133.7,38.9,6
2018,table2018.csv,0,0,0,0,0,0,0,988,KONG-REY,1825,2018,6,18,0,10,137.2,41.0,6
2018,table2018.csv,0,0,0,0,0,0,0,994,KONG-REY,1825,2018,7,0,0,10,141.0,42.0,6
2018,table2018.csv,0,0,0,0,0,0,0,994,KONG-REY,1825,2018,7,6,0,10,147.2,42.3,6
2018,table2018.csv,0,0,0,0,0,0,0,996,KONG-REY,1825,2018,7,12,0,10,152.0,41.2,6
2018,table2018.csv,0,0,0,0,0,0,0,1008,YUTU,1826,2018,20,18,0,10,160.7,8.4,2
2018,table2018.csv,0,0,0,0,0,0,0,1008,YUTU,1826,2018,21,0,0,10,159.9,8.5,2
2018,table2018.csv,0,0,0,0,0,0,0,1004,YUTU,1826,2018,21,6,0,10,158.9,8.6,2
2018,table2018.csv,0,0,0,0,0,0,0,1006,YUTU,1826,2018,21,12,0,10,158.0,8.7,2
2018,table2018.csv,0,0,0,0,0,0,0,1004,YUTU,1826,2018,21,18,0,10,157.1,8.9,2
2018,table2018.csv,150,180,1,0,0,0,0,1002,YUTU,1826,2018,22,0,35,10,156.1,9.4,3
2018,table2018.csv,180,210,1,0,0,0,0,996,YUTU,1826,2018,22,6,40,10,155.2,10.2,3
2018,table2018.csv,210,210,9,0,0,0,0,992,YUTU,1826,2018,22,12,45,10,154.0,10.9,3
2018,table2018.csv,210,240,1,0,0,0,0,990,YUTU,1826,2018,22,18,50,10,152.8,11.3,4
2018,table2018.csv,210,270,1,50,50,9,0,975,YUTU,1826,2018,23,0,65,10,151.8,11.6,5
2018,table2018.csv,210,270,1,50,50,9,0,970,YUTU,1826,2018,23,6,70,10,150.6,11.9,5
2018,table2018.csv,210,270,1,60,60,9,0,955,YUTU,1826,2018,23,12,80,10,149.7,12.2,5
2018,table2018.csv,210,270,1,90,90,9,0,950,YUTU,1826,2018,23,18,85,10,148.9,12.7,5
2018,table2018.csv,210,270,1,90,90,9,0,925,YUTU,1826,2018,24,0,100,10,148.0,13.4,5
2018,table2018.csv,210,270,1,90,90,9,0,915,YUTU,1826,2018,24,6,105,10,147.1,14.0,5
2018,table2018.csv,210,270,1,90,90,9,0,900,YUTU,1826,2018,24,12,115,10,146.2,14.7,5
2018,table2018.csv,210,270,1,110,110,9,0,900,YUTU,1826,2018,24,18,115,10,145.3,15.4,5
2018,table2018.csv,210,300,1,110,110,9,0,900,YUTU,1826,2018,25,0,115,10,144.1,15.8,5
2018,table2018.csv,210,300,1,100,100,9,0,915,YUTU,1826,2018,25,6,105,10,143.1,16.1,5
2018,table2018.csv,210,350,1,100,100,9,0,935,YUTU,1826,2018,25,12,95,10,142.3,16.3,5
2018,table2018.csv,210,350,1,100,100,9,0,935,YUTU,1826,2018,25,18,95,10,141.4,16.6,5
2018,table2018.csv,210,325,1,100,100,9,0,935,YUTU,1826,2018,26,0,95,10,140.3,16.9,5
2018,table2018.csv,210,325,1,100,100,9,0,925,YUTU,1826,2018,26,6,100,10,139.1,17.0,5
2018,table2018.csv,240,300,8,100,100,9,0,925,YUTU,1826,2018,26,12,100,10,137.6,17.3,5
2018,table2018.csv,240,300,8,100,100,9,0,915,YUTU,1826,2018,26,18,105,10,136.1,17.6,5
2018,table2018.csv,240,300,8,100,100,9,0,915,YUTU,1826,2018,27,0,105,10,134.7,17.8,5
2018,table2018.csv,240,300,7,100,100,9,0,915,YUTU,1826,2018,27,6,105,10,133.3,18.0,5
2018,table2018.csv,270,325,7,100,100,9,0,915,YUTU,1826,2018,27,12,105,10,132.2,18.0,5
2018,table2018.csv,270,325,7,110,110,9,0,925,YUTU,1826,2018,27,18,100,10,131.2,18.0,5
2018,table2018.csv,240,300,7,110,110,9,0,935,YUTU,1826,2018,28,0,95,10,130.2,18.0,5
2018,table2018.csv,240,300,7,110,110,9,0,950,YUTU,1826,2018,28,6,85,10,129.0,18.0,5
2018,table2018.csv,240,270,7,100,100,9,0,955,YUTU,1826,2018,28,12,80,10,128.0,17.8,5
2018,table2018.csv,240,270,7,90,90,9,0,970,YUTU,1826,2018,28,18,70,10,127.0,17.5,5
2018,table2018.csv,210,270,7,70,70,9,0,970,YUTU,1826,2018,29,0,70,10,126.1,17.0,5
2018,table2018.csv,210,270,7,70,70,9,0,955,YUTU,1826,2018,29,6,80,10,125.2,16.8,5
2018,table2018.csv,210,240,7,70,70,9,0,955,YUTU,1826,2018,29,12,80,10,124.2,16.8,5
2018,table2018.csv,210,240,7,70,70,9,0,955,YUTU,1826,2018,29,18,80,10,123.0,16.8,5
2018,table2018.csv,120,180,8,70,70,9,0,970,YUTU,1826,2018,30,0,70,10,121.6,16.6,5
2018,table2018.csv,120,180,8,30,30,9,0,985,YUTU,1826,2018,30,6,55,10,120.1,16.5,4
2018,table2018.csv,120,180,8,30,30,9,0,985,YUTU,1826,2018,30,12,55,10,119.1,16.9,4
2018,table2018.csv,120,180,8,0,0,0,0,990,YUTU,1826,2018,30,18,50,10,118.6,17.1,4
2018,table2018.csv,120,180,8,0,0,0,0,990,YUTU,1826,2018,31,0,50,10,118.2,17.5,4
2018,table2018.csv,120,180,8,0,0,0,0,992,YUTU,1826,2018,31,6,45,10,117.7,18.1,3
2018,table2018.csv,120,180,8,0,0,0,0,992,YUTU,1826,2018,31,12,45,10,117.4,18.6,3
2018,table2018.csv,120,180,8,0,0,0,0,992,YUTU,1826,2018,31,18,45,10,117.2,19.0,3
2018,table2018.csv,120,180,8,0,0,0,0,994,YUTU,1826,2018,1,0,45,11,116.9,19.5,3
2018,table2018.csv,120,180,8,0,0,0,0,994,YUTU,1826,2018,1,6,45,11,116.8,19.9,3
2018,table2018.csv,120,180,1,0,0,0,0,994,YUTU,1826,2018,1,12,45,11,116.8,20.2,3
2018,table2018.csv,90,150,1,0,0,0,0,1000,YUTU,1826,2018,1,18,40,11,116.8,20.6,3
2018,table2018.csv,90,150,1,0,0,0,0,1008,YUTU,1826,2018,2,0,35,11,116.4,20.7,3
2018,table2018.csv,0,0,0,0,0,0,0,1008,YUTU,1826,2018,2,6,0,11,116.1,20.7,2
2018,table2018.csv,0,0,0,0,0,0,0,1012,YUTU,1826,2018,2,12,0,11,116.0,20.5,2
2018,table2018.csv,0,0,0,0,0,0,0,1012,YUTU,1826,2018,2,18,0,11,115.9,20.2,2
2018,table2018.csv,0,0,0,0,0,0,0,1014,YUTU,1826,2018,3,0,0,11,115.7,19.9,2
2018,table2018.csv,0,0,0,0,0,0,0,1008,TORAJI,1827,2018,16,18,0,11,112.5,10.0,2
2018,table2018.csv,0,0,0,0,0,0,0,1008,TORAJI,1827,2018,17,0,0,11,111.8,10.6,2
2018,table2018.csv,60,90,7,0,0,0,0,1004,TORAJI,1827,2018,17,6,35,11,111.3,10.9,3
2018,table2018.csv,60,90,7,0,0,0,0,1004,TORAJI,1827,2018,17,12,35,11,110.7,11.2,3
2018,table2018.csv,60,90,7,0,0,0,0,1006,TORAJI,1827,2018,17,18,35,11,110.1,11.4,3
2018,table2018.csv,0,0,0,0,0,0,0,1008,TORAJI,1827,2018,18,0,0,11,109.5,11.6,2
2018,table2018.csv,0,0,0,0,0,0,0,1008,TORAJI,1827,2018,18,6,0,11,108.9,11.7,2
2018,table2018.csv,0,0,0,0,0,0,0,1010,TORAJI,1827,2018,18,12,0,11,108.2,11.8,2
2018,table2018.csv,0,0,0,0,0,0,0,1004,MAN-YI,1828,2018,20,12,0,11,152.6,5.0,2
2018,table2018.csv,120,160,1,0,0,0,0,1000,MAN-YI,1828,2018,20,18,35,11,152.2,5.8,3
2018,table2018.csv,120,240,1,0,0,0,0,1000,MAN-YI,1828,2018,21,0,35,11,150.8,6.4,3
2018,table2018.csv,120,240,1,0,0,0,0,1000,MAN-YI,1828,2018,21,6,35,11,149.5,7.7,3
2018,table2018.csv,120,240,1,0,0,0,0,998,MAN-YI,1828,2018,21,12,40,11,146.5,8.6,3
2018,table2018.csv,120,240,1,0,0,0,0,992,MAN-YI,1828,2018,21,18,45,11,143.8,9.4,3
2018,table2018.csv,120,240,1,50,50,9,0,985,MAN-YI,1828,2018,22,0,55,11,141.7,10.4,4
2018,table2018.csv,120,240,1,50,50,9,0,980,MAN-YI,1828,2018,22,6,60,11,139.8,11.8,4
2018,table2018.csv,120,240,1,50,50,9,0,975,MAN-YI,1828,2018,22,12,65,11,138.2,12.9,5
2018,table2018.csv,120,260,1,40,70,5,0,970,MAN-YI,1828,2018,22,18,70,11,136.9,13.4,5
2018,table2018.csv,120,280,8,40,70,5,0,965,MAN-YI,1828,2018,23,0,75,11,136.1,14.8,5
2018,table2018.csv,120,280,8,40,70,5,0,965,MAN-YI,1828,2018,23,6,75,11,135.8,15.7,5
2018,table2018.csv,120,280,8,40,70,5,0,965,MAN-YI,1828,2018,23,12,75,11,135.6,16.4,5
2018,table2018.csv,120,280,8,60,60,9,0,965,MAN-YI,1828,2018,23,18,75,11,135.3,17.4,5
2018,table2018.csv,120,300,8,60,60,9,0,965,MAN-YI,1828,2018,24,0,75,11,135.3,18.1,5
2018,table2018.csv,100,300,8,60,60,9,0,965,MAN-YI,1828,2018,24,6,75,11,135.9,18.3,5
2018,table2018.csv,100,300,8,50,50,9,0,960,MAN-YI,1828,2018,24,12,80,11,136.2,18.7,5
2018,table2018.csv,100,300,8,50,50,9,0,960,MAN-YI,1828,2018,24,18,80,11,136.1,18.5,5
2018,table2018.csv,90,300,8,40,60,7,0,960,MAN-YI,1828,2018,25,0,80,11,136.0,18.3,5
2018,table2018.csv,90,280,7,40,60,7,0,970,MAN-YI,1828,2018,25,6,75,11,135.6,18.2,5
2018,table2018.csv,90,280,7,40,60,7,0,980,MAN-YI,1828,2018,25,12,65,11,134.9,18.3,5
2018,table2018.csv,90,280,7,0,0,0,0,992,MAN-YI,1828,2018,25,18,50,11,134.0,19.1,4
2018,table2018.csv,90,90,9,0,0,0,0,998,MAN-YI,1828,2018,26,0,40,11,133.0,19.7,3
2018,table2018.csv,90,90,9,0,0,0,0,1000,MAN-YI,1828,2018,26,6,35,11,132.4,20.2,3
2018,table2018.csv,0,0,0,0,0,0,0,1008,MAN-YI,1828,2018,26,12,0,11,132.0,21.0,2
2018,table2018.csv,0,0,0,0,0,0,0,1010,MAN-YI,1828,2018,26,18,0,11,132.0,21.9,2
2018,table2018.csv,60,130,2,0,0,0,0,1006,MAN-YI,1828,2018,27,0,35,11,132.3,22.7,3
2018,table2018.csv,0,0,0,0,0,0,0,1008,MAN-YI,1828,2018,27,6,0,11,132.4,23.5,2
2018,table2018.csv,0,0,0,0,0,0,0,1012,MAN-YI,1828,2018,27,12,0,11,133.2,23.3,2
2018,table2018.csv,0,0,0,0,0,0,0,1012,MAN-YI,1828,2018,27,18,0,11,134.5,24.3,2
2018,table2018.csv,0,0,0,0,0,0,0,1012,MAN-YI,1828,2018,28,0,0,11,135.8,25.6,2
2018,table2018.csv,0,0,0,0,0,0,0,1010,MAN-YI,1828,2018,28,6,0,11,137.9,27.8,6
2018,table2018.csv,0,0,0,0,0,0,0,1008,MAN-YI,1828,2018,28,12,0,11,141.1,30.8,6
2018,table2018.csv,0,0,0,0,0,0,0,1006,MAN-YI,1828,2018,28,18,0,11,144.9,32.2,6
2018,table2018.csv,0,0,0,0,0,0,0,1002,MAN-YI,1828,2018,29,0,0,11,149.4,33.7,6
2018,table2018.csv,0,0,0,0,0,0,0,1000,MAN-YI,1828,2018,29,6,0,11,154.5,35.1,6
2018,table2018.csv,0,0,0,0,0,0,0,1000,MAN-YI,1828,2018,29,12,0,11,159.5,36.7,6
2018,table2018.csv,0,0,0,0,0,0,0,998,MAN-YI,1828,2018,29,18,0,11,164.2,37.7,6
2018,table2018.csv,0,0,0,0,0,0,0,1000,MAN-YI,1828,2018,30,0,0,11,169.4,39.2,6
2018,table2018.csv,0,0,0,0,0,0,0,1000,MAN-YI,1828,2018,30,6,0,11,174.6,40.8,6
2018,table2018.csv,0,0,0,0,0,0,0,1000,MAN-YI,1828,2018,30,12,0,11,180.2,42.5,6
2018,table2018.csv,0,0,0,0,0,0,0,1006,USAGI,1829,2018,13,0,0,11,156.7,9.2,2
2018,table2018.csv,0,0,0,0,0,0,0,1004,USAGI,1829,2018,13,6,0,11,155.8,8.7,2
2018,table2018.csv,0,0,0,0,0,0,0,1006,USAGI,1829,2018,13,12,0,11,155.0,8.2,2
2018,table2018.csv,0,0,0,0,0,0,0,1004,USAGI,1829,2018,13,18,0,11,154.0,7.9,2
2018,table2018.csv,0,0,0,0,0,0,0,1006,USAGI,1829,2018,14,0,0,11,153.0,7.6,2
2018,table2018.csv,0,0,0,0,0,0,0,1004,USAGI,1829,2018,14,6,0,11,152.1,7.4,2
2018,table2018.csv,0,0,0,0,0,0,0,1006,USAGI,1829,2018,14,12,0,11,151.2,7.6,2
2018,table2018.csv,0,0,0,0,0,0,0,1004,USAGI,1829,2018,14,18,0,11,150.3,8.1,2
2018,table2018.csv,0,0,0,0,0,0,0,1006,USAGI,1829,2018,15,0,0,11,149.4,8.8,2
2018,table2018.csv,0,0,0,0,0,0,0,1004,USAGI,1829,2018,15,6,0,11,148.5,9.0,2
2018,table2018.csv,0,0,0,0,0,0,0,1006,USAGI,1829,2018,15,12,0,11,147.6,9.0,2
2018,table2018.csv,0,0,0,0,0,0,0,1004,USAGI,1829,2018,15,18,0,11,146.7,9.0,2
2018,table2018.csv,0,0,0,0,0,0,0,1006,USAGI,1829,2018,16,0,0,11,145.8,9.0,2
2018,table2018.csv,0,0,0,0,0,0,0,1004,USAGI,1829,2018,16,6,0,11,144.7,8.7,2
2018,table2018.csv,0,0,0,0,0,0,0,1006,USAGI,1829,2018,16,12,0,11,143.4,8.4,2
2018,table2018.csv,0,0,0,0,0,0,0,1004,USAGI,1829,2018,16,18,0,11,142.2,7.9,2
2018,table2018.csv,0,0,0,0,0,0,0,1004,USAGI,1829,2018,17,0,0,11,140.9,7.5,2
2018,table2018.csv,0,0,0,0,0,0,0,1004,USAGI,1829,2018,17,6,0,11,139.5,7.3,2
2018,table2018.csv,0,0,0,0,0,0,0,1004,USAGI,1829,2018,17,12,0,11,137.9,7.0,2
2018,table2018.csv,0,0,0,0,0,0,0,1004,USAGI,1829,2018,17,18,0,11,136.8,6.8,2
2018,table2018.csv,0,0,0,0,0,0,0,1004,USAGI,1829,2018,18,0,0,11,135.5,6.6,2
2018,table2018.csv,0,0,0,0,0,0,0,1002,USAGI,1829,2018,18,6,0,11,134.4,6.4,2
2018,table2018.csv,0,0,0,0,0,0,0,1004,USAGI,1829,2018,18,12,0,11,133.6,6.7,2
2018,table2018.csv,0,0,0,0,0,0,0,1002,USAGI,1829,2018,18,18,0,11,133.0,7.1,2
2018,table2018.csv,0,0,0,0,0,0,0,1004,USAGI,1829,2018,19,0,0,11,132.1,7.9,2
2018,table2018.csv,0,0,0,0,0,0,0,1002,USAGI,1829,2018,19,6,0,11,131.2,8.7,2
2018,table2018.csv,0,0,0,0,0,0,0,1004,USAGI,1829,2018,19,12,0,11,130.4,9.2,2
2018,table2018.csv,0,0,0,0,0,0,0,1002,USAGI,1829,2018,19,18,0,11,129.5,9.8,2
2018,table2018.csv,0,0,0,0,0,0,0,1004,USAGI,1829,2018,20,0,0,11,128.8,10.1,2
2018,table2018.csv,0,0,0,0,0,0,0,1002,USAGI,1829,2018,20,6,0,11,127.7,10.6,2
2018,table2018.csv,0,0,0,0,0,0,0,1004,USAGI,1829,2018,20,12,0,11,126.8,11.0,2
2018,table2018.csv,0,0,0,0,0,0,0,1004,USAGI,1829,2018,20,18,0,11,125.4,11.4,2
2018,table2018.csv,0,0,0,0,0,0,0,1006,USAGI,1829,2018,21,0,0,11,123.5,11.0,2
2018,table2018.csv,0,0,0,0,0,0,0,1004,USAGI,1829,2018,21,6,0,11,121.6,10.7,2
2018,table2018.csv,0,0,0,0,0,0,0,1006,USAGI,1829,2018,21,12,0,11,120.1,10.5,2
2018,table2018.csv,0,0,0,0,0,0,0,1006,USAGI,1829,2018,21,18,0,11,118.4,10.8,2
2018,table2018.csv,30,120,7,0,0,0,0,1004,USAGI,1829,2018,22,0,35,11,117.0,11.3,3
2018,table2018.csv,30,120,7,0,0,0,0,1004,USAGI,1829,2018,22,6,35,11,115.6,11.6,3
2018,table2018.csv,30,120,7,0,0,0,0,1004,USAGI,1829,2018,22,12,35,11,114.3,11.2,3
2018,table2018.csv,60,120,7,0,0,0,0,1004,USAGI,1829,2018,22,18,35,11,113.5,10.9,3
2018,table2018.csv,90,150,7,0,0,0,0,1000,USAGI,1829,2018,23,0,45,11,112.6,10.7,3
2018,table2018.csv,90,180,7,0,0,0,0,996,USAGI,1829,2018,23,6,50,11,111.6,10.6,4
2018,table2018.csv,90,180,7,0,0,0,0,996,USAGI,1829,2018,23,12,50,11,110.9,10.2,4
2018,table2018.csv,120,180,8,0,0,0,0,996,USAGI,1829,2018,23,18,50,11,110.1,9.7,4
2018,table2018.csv,120,180,8,40,40,9,0,990,USAGI,1829,2018,24,0,60,11,109.5,9.7,4
2018,table2018.csv,120,180,8,40,40,9,0,990,USAGI,1829,2018,24,6,60,11,108.7,9.7,4
2018,table2018.csv,120,180,8,30,30,9,0,992,USAGI,1829,2018,24,12,55,11,108.3,9.7,4
2018,table2018.csv,120,180,8,30,30,9,0,992,USAGI,1829,2018,24,18,55,11,107.7,9.7,4
2018,table2018.csv,120,180,8,0,0,0,0,998,USAGI,1829,2018,25,0,45,11,107.4,9.9,3
2018,table2018.csv,120,120,9,0,0,0,0,1000,USAGI,1829,2018,25,6,40,11,107.0,10.1,3
2018,table2018.csv,90,90,9,0,0,0,0,1002,USAGI,1829,2018,25,12,35,11,107.0,10.7,3
2018,table2018.csv,90,90,9,0,0,0,0,1004,USAGI,1829,2018,25,18,35,11,106.6,11.3,3
2018,table2018.csv,0,0,0,0,0,0,0,1008,USAGI,1829,2018,26,0,0,11,105.9,11.4,2
2018,table2018.csv,0,0,0,0,0,0,0,1008,USAGI,1829,2018,26,6,0,11,105.4,11.5,2
2018,table2018.csv,0,0,0,0,0,0,0,1010,USAGI,1829,2018,26,12,0,11,104.9,11.7,2
2018,table2018.csv,0,0,0,0,0,0,0,1010,USAGI,1829,2018,26,18,0,11,104.0,12.0,2
2019,table2019.csv,0,0,0,0,0,0,0,1004,PABUK,1901,2018,31,6,0,12,111.9,7.6,2
2019,table2019.csv,0,0,0,0,0,0,0,1004,PABUK,1901,2018,31,12,0,12,111.3,7.3,2
2019,table2019.csv,0,0,0,0,0,0,0,1004,PABUK,1901,2018,31,18,0,12,111.1,7.0,2
2019,table2019.csv,0,0,0,0,0,0,0,1004,PABUK,1901,2019,1,0,0,1,110.7,6.6,2
2019,table2019.csv,120,180,7,0,0,0,0,1000,PABUK,1901,2019,1,6,35,1,110.2,6.3,3
2019,table2019.csv,120,180,7,0,0,0,0,1000,PABUK,1901,2019,1,12,35,1,109.9,6.0,3
2019,table2019.csv,120,180,7,0,0,0,0,1000,PABUK,1901,2019,1,18,35,1,109.5,5.8,3
2019,table2019.csv,120,180,7,0,0,0,0,1000,PABUK,1901,2019,2,0,35,1,108.6,5.9,3
2019,table2019.csv,120,180,7,0,0,0,0,1000,PABUK,1901,2019,2,6,35,1,108.0,6.2,3
2019,table2019.csv,120,180,7,0,0,0,0,1000,PABUK,1901,2019,2,12,35,1,107.0,6.3,3
2019,table2019.csv,120,180,7,0,0,0,0,1000,PABUK,1901,2019,2,18,35,1,105.8,6.0,3
2019,table2019.csv,120,180,7,0,0,0,0,1000,PABUK,1901,2019,3,0,35,1,105.0,5.8,3
2019,table2019.csv,120,180,7,0,0,0,0,1000,PABUK,1901,2019,3,6,35,1,104.1,6.1,3
2019,table2019.csv,120,180,7,0,0,0,0,998,PABUK,1901,2019,3,12,40,1,103.4,6.8,3
2019,table2019.csv,120,180,7,0,0,0,0,996,PABUK,1901,2019,3,18,45,1,102.5,7.5,3
2019,table2019.csv,90,180,8,0,0,0,0,996,PABUK,1901,2019,4,0,45,1,101.5,7.9,3
2019,table2019.csv,90,180,8,0,0,0,0,996,PABUK,1901,2019,4,6,45,1,100.8,8.1,3
2019,table2019.csv,60,120,1,0,0,0,0,1000,PABUK,1901,2019,4,12,40,1,100.1,8.2,3
2019,table2019.csv,0,0,0,0,0,0,0,1006,PABUK,1901,2019,4,18,0,1,99.4,8.4,2
2019,table2019.csv,0,0,0,0,0,0,0,1006,WUTIP,1902,2019,18,12,0,2,162.5,4.7,2
2019,table2019.csv,0,0,0,0,0,0,0,1004,WUTIP,1902,2019,18,18,0,2,161.2,4.8,2
2019,table2019.csv,0,0,0,0,0,0,0,1006,WUTIP,1902,2019,19,0,0,2,159.8,5.2,2
2019,table2019.csv,0,0,0,0,0,0,0,1004,WUTIP,1902,2019,19,6,0,2,158.4,4.9,2
2019,table2019.csv,0,0,0,0,0,0,0,1004,WUTIP,1902,2019,19,12,0,2,156.6,4.5,2
2019,table2019.csv,90,150,8,0,0,0,0,1000,WUTIP,1902,2019,19,18,35,2,155.5,4.5,3
2019,table2019.csv,90,150,8,0,0,0,0,994,WUTIP,1902,2019,20,0,45,2,154.6,4.7,3
2019,table2019.csv,120,210,8,0,0,0,0,992,WUTIP,1902,2019,20,6,50,2,153.8,4.7,4
2019,table2019.csv,180,270,8,30,30,9,0,985,WUTIP,1902,2019,20,12,60,2,152.6,5.0,4
2019,table2019.csv,180,270,8,50,50,9,0,980,WUTIP,1902,2019,20,18,65,2,151.6,5.7,5
2019,table2019.csv,180,270,8,60,60,9,0,975,WUTIP,1902,2019,21,0,70,2,150.5,6.1,5
2019,table2019.csv,210,270,8,70,70,9,0,960,WUTIP,1902,2019,21,6,80,2,149.6,6.4,5
2019,table2019.csv,210,270,8,70,70,9,0,960,WUTIP,1902,2019,21,12,80,2,148.7,6.9,5
2019,table2019.csv,210,270,8,70,70,9,0,960,WUTIP,1902,2019,21,18,80,2,147.9,7.5,5
2019,table2019.csv,210,270,8,70,70,9,0,960,WUTIP,1902,2019,22,0,80,2,146.8,8.2,5
2019,table2019.csv,210,270,8,70,70,9,0,960,WUTIP,1902,2019,22,6,80,2,146.2,9.2,5
2019,table2019.csv,210,270,8,70,70,9,0,960,WUTIP,1902,2019,22,12,80,2,145.0,9.9,5
2019,table2019.csv,240,240,9,70,70,9,0,960,WUTIP,1902,2019,22,18,80,2,144.0,10.1,5
2019,table2019.csv,240,240,9,70,70,9,0,955,WUTIP,1902,2019,23,0,85,2,143.7,10.6,5
2019,table2019.csv,240,240,9,70,70,9,0,940,WUTIP,1902,2019,23,6,95,2,143.3,11.4,5
2019,table2019.csv,240,240,9,80,80,9,0,920,WUTIP,1902,2019,23,12,105,2,142.8,12.0,5
2019,table2019.csv,240,240,9,80,80,9,0,920,WUTIP,1902,2019,23,18,105,2,142.4,12.4,5
2019,table2019.csv,240,240,9,80,80,9,0,920,WUTIP,1902,2019,24,0,105,2,142.1,12.7,5
2019,table2019.csv,150,240,8,70,70,9,0,940,WUTIP,1902,2019,24,6,95,2,141.7,12.9,5
2019,table2019.csv,150,240,8,70,70,9,0,940,WUTIP,1902,2019,24,12,95,2,141.2,13.1,5
2019,table2019.csv,120,240,8,70,70,9,0,940,WUTIP,1902,2019,24,18,95,2,140.7,13.1,5
2019,table2019.csv,120,240,8,70,70,9,0,935,WUTIP,1902,2019,25,0,100,2,140.4,13.4,5
2019,table2019.csv,120,240,8,70,70,9,0,935,WUTIP,1902,2019,25,6,100,2,140.2,13.8,5
2019,table2019.csv,120,240,8,70,70,9,0,935,WUTIP,1902,2019,25,12,100,2,140.1,14.2,5
2019,table2019.csv,120,240,1,70,70,9,0,935,WUTIP,1902,2019,25,18,100,2,139.9,14.6,5
2019,table2019.csv,120,210,1,60,60,9,0,950,WUTIP,1902,2019,26,0,90,2,139.9,14.9,5
2019,table2019.csv,120,210,1,60,60,9,0,940,WUTIP,1902,2019,26,6,95,2,139.9,15.2,5
2019,table2019.csv,90,180,1,50,50,9,0,950,WUTIP,1902,2019,26,12,85,2,140.1,15.4,5
2019,table2019.csv,90,180,1,50,50,9,0,955,WUTIP,1902,2019,26,18,80,2,140.1,15.7,5
2019,table2019.csv,90,180,1,50,50,9,0,965,WUTIP,1902,2019,27,0,70,2,140.0,16.0,5
2019,table2019.csv,90,180,1,40,40,9,0,970,WUTIP,1902,2019,27,6,65,2,139.8,16.4,5
2019,table2019.csv,90,180,1,30,30,9,0,980,WUTIP,1902,2019,27,12,55,2,139.0,16.5,4
2019,table2019.csv,90,150,1,0,0,0,0,990,WUTIP,1902,2019,27,18,50,2,137.7,16.7,4
2019,table2019.csv,90,150,1,0,0,0,0,996,WUTIP,1902,2019,28,0,40,2,136.7,17.2,3
2019,table2019.csv,0,0,0,0,0,0,0,1004,WUTIP,1902,2019,28,6,0,2,135.6,17.6,2
2019,table2019.csv,0,0,0,0,0,0,0,1010,WUTIP,1902,2019,28,12,0,2,135.0,18.2,2
2019,table2019.csv,0,0,0,0,0,0,0,1010,WUTIP,1902,2019,28,18,0,2,134.6,18.6,2
2019,table2019.csv,0,0,0,0,0,0,0,1012,WUTIP,1902,2019,1,0,0,3,134.4,19.1,2
2019,table2019.csv,0,0,0,0,0,0,0,1010,WUTIP,1902,2019,1,6,0,3,134.2,19.4,2
2019,table2019.csv,0,0,0,0,0,0,0,1012,WUTIP,1902,2019,1,12,0,3,134.0,19.7,2
2019,table2019.csv,0,0,0,0,0,0,0,1010,WUTIP,1902,2019,1,18,0,3,134.0,19.6,2
2019,table2019.csv,0,0,0,0,0,0,0,1010,WUTIP,1902,2019,2,0,0,3,133.9,19.4,2
2019,table2019.csv,0,0,0,0,0,0,0,1008,WUTIP,1902,2019,2,6,0,3,133.1,18.9,2
2019,table2019.csv,0,0,0,0,0,0,0,1008,SEPAT,1903,2019,24,12,0,6,127.7,17.9,2
2019,table2019.csv,0,0,0,0,0,0,0,1006,SEPAT,1903,2019,24,18,0,6,127.8,18.4,2
2019,table2019.csv,0,0,0,0,0,0,0,1006,SEPAT,1903,2019,25,0,0,6,127.9,18.9,2
2019,table2019.csv,0,0,0,0,0,0,0,1006,SEPAT,1903,2019,25,6,0,6,128.0,19.4,2
2019,table2019.csv,0,0,0,0,0,0,0,1006,SEPAT,1903,2019,25,12,0,6,128.1,19.8,2
2019,table2019.csv,0,0,0,0,0,0,0,1006,SEPAT,1903,2019,25,18,0,6,128.2,20.5,2
2019,table2019.csv,0,0,0,0,0,0,0,1004,SEPAT,1903,2019,26,0,0,6,128.4,21.4,2
2019,table2019.csv,0,0,0,0,0,0,0,1004,SEPAT,1903,2019,26,6,0,6,128.8,22.9,2
2019,table2019.csv,0,0,0,0,0,0,0,1004,SEPAT,1903,2019,26,12,0,6,129.5,24.8,2
2019,table2019.csv,0,0,0,0,0,0,0,1004,SEPAT,1903,2019,26,18,0,6,130.0,26.4,2
2019,table2019.csv,0,0,0,0,0,0,0,1002,SEPAT,1903,2019,27,0,0,6,130.4,28.4,2
2019,table2019.csv,0,0,0,0,0,0,0,1000,SEPAT,1903,2019,27,6,0,6,132.0,30.8,2
2019,table2019.csv,60,150,3,0,0,0,0,998,SEPAT,1903,2019,27,12,35,6,134.7,32.6,3
2019,table2019.csv,60,150,3,0,0,0,0,996,SEPAT,1903,2019,27,18,40,6,137.6,34.1,3
2019,table2019.csv,60,150,3,0,0,0,0,994,SEPAT,1903,2019,28,0,40,6,141.6,35.2,3
2019,table2019.csv,0,0,0,0,0,0,0,992,SEPAT,1903,2019,28,6,0,6,147.0,36.0,6
2019,table2019.csv,0,0,0,0,0,0,0,992,SEPAT,1903,2019,28,12,0,6,151.0,37.0,6
2019,table2019.csv,0,0,0,0,0,0,0,994,SEPAT,1903,2019,28,18,0,6,154.3,38.0,6
2019,table2019.csv,0,0,0,0,0,0,0,994,SEPAT,1903,2019,29,0,0,6,156.3,39.0,6
2019,table2019.csv,0,0,0,0,0,0,0,998,SEPAT,1903,2019,29,6,0,6,158.5,39.8,6
2019,table2019.csv,0,0,0,0,0,0,0,1002,SEPAT,1903,2019,29,12,0,6,160.1,41.0,6
2019,table2019.csv,0,0,0,0,0,0,0,1004,SEPAT,1903,2019,29,18,0,6,160.8,42.2,6
2019,table2019.csv,0,0,0,0,0,0,0,1004,SEPAT,1903,2019,30,0,0,6,161.6,43.8,6
2019,table2019.csv,0,0,0,0,0,0,0,1004,SEPAT,1903,2019,30,6,0,6,163.3,44.3,6
2019,table2019.csv,0,0,0,0,0,0,0,1004,SEPAT,1903,2019,30,12,0,6,165.5,45.0,6
2019,table2019.csv,0,0,0,0,0,0,0,1004,SEPAT,1903,2019,30,18,0,6,168.2,46.1,6
2019,table2019.csv,0,0,0,0,0,0,0,1004,SEPAT,1903,2019,1,0,0,7,169.9,47.4,6
2019,table2019.csv,0,0,0,0,0,0,0,1004,SEPAT,1903,2019,1,6,0,7,172.2,49.3,6
2019,table2019.csv,0,0,0,0,0,0,0,1002,SEPAT,1903,2019,1,12,0,7,174.3,51.3,6
2019,table2019.csv,0,0,0,0,0,0,0,1002,SEPAT,1903,2019,1,18,0,7,176.7,53.6,6
2019,table2019.csv,0,0,0,0,0,0,0,1002,SEPAT,1903,2019,2,0,0,7,178.7,57.2,6
2019,table2019.csv,0,0,0,0,0,0,0,1002,SEPAT,1903,2019,2,6,0,7,179.5,59.5,6
2019,table2019.csv,0,0,0,0,0,0,0,1002,SEPAT,1903,2019,2,12,0,7,182.0,61.1,6
2019,table2019.csv,0,0,0,0,0,0,0,998,MUN,1904,2019,1,18,0,7,114.0,18.0,2
2019,table2019.csv,0,0,0,0,0,0,0,998,MUN,1904,2019,2,0,0,7,113.3,18.5,2
2019,table2019.csv,240,450,3,0,0,0,0,994,MUN,1904,2019,2,6,35,7,112.4,18.8,3
2019,table2019.csv,240,475,3,0,0,0,0,994,MUN,1904,2019,2,12,35,7,111.5,18.9,3
2019,table2019.csv,240,400,3,0,0,0,0,994,MUN,1904,2019,2,18,35,7,110.6,19.2,3
2019,table2019.csv,120,270,3,0,0,0,0,994,MUN,1904,2019,3,0,35,7,109.5,19.4,3
2019,table2019.csv,90,210,3,0,0,0,0,992,MUN,1904,2019,3,6,35,7,108.4,19.5,3
2019,table2019.csv,90,150,3,0,0,0,0,992,MUN,1904,2019,3,12,35,7,107.3,19.9,3
2019,table2019.csv,60,120,3,0,0,0,0,994,MUN,1904,2019,3,18,35,7,106.7,20.3,3
2019,table2019.csv,60,90,3,0,0,0,0,994,MUN,1904,2019,4,0,35,7,106.2,20.8,3
2019,table2019.csv,0,0,0,0,0,0,0,998,MUN,1904,2019,4,6,0,7,105.4,21.6,2
2019,table2019.csv,0,0,0,0,0,0,0,1000,MUN,1904,2019,4,12,0,7,104.5,22.3,2
2019,table2019.csv,0,0,0,0,0,0,0,1000,MUN,1904,2019,4,18,0,7,103.8,23.1,2
2019,table2019.csv,0,0,0,0,0,0,0,1004,DANAS,1905,2019,14,0,0,7,136.7,12.6,2
2019,table2019.csv,0,0,0,0,0,0,0,1004,DANAS,1905,2019,14,6,0,7,135.3,13.3,2
2019,table2019.csv,0,0,0,0,0,0,0,1004,DANAS,1905,2019,14,12,0,7,134.3,14.0,2
2019,table2019.csv,0,0,0,0,0,0,0,1002,DANAS,1905,2019,14,18,0,7,133.2,15.0,2
2019,table2019.csv,0,0,0,0,0,0,0,1002,DANAS,1905,2019,15,0,0,7,132.1,15.6,2
2019,table2019.csv,0,0,0,0,0,0,0,1000,DANAS,1905,2019,15,6,0,7,131.2,16.4,2
2019,table2019.csv,0,0,0,0,0,0,0,1000,DANAS,1905,2019,15,12,0,7,129.5,16.9,2
2019,table2019.csv,0,0,0,0,0,0,0,998,DANAS,1905,2019,15,18,0,7,127.5,17.0,2
2019,table2019.csv,0,0,0,0,0,0,0,998,DANAS,1905,2019,16,0,0,7,126.0,17.0,2
2019,table2019.csv,210,300,3,0,0,0,0,994,DANAS,1905,2019,16,6,35,7,124.9,17.1,3
2019,table2019.csv,210,300,3,0,0,0,0,994,DANAS,1905,2019,16,12,35,7,123.9,17.2,3
2019,table2019.csv,210,300,3,0,0,0,0,994,DANAS,1905,2019,16,18,35,7,123.4,17.3,3
2019,table2019.csv,210,300,3,0,0,0,0,994,DANAS,1905,2019,17,0,35,7,123.5,18.1,3
2019,table2019.csv,270,350,3,0,0,0,0,994,DANAS,1905,2019,17,6,35,7,123.7,19.0,3
2019,table2019.csv,270,350,3,0,0,0,0,992,DANAS,1905,2019,17,12,35,7,124.1,20.5,3
2019,table2019.csv,270,350,3,0,0,0,0,992,DANAS,1905,2019,17,18,35,7,124.1,21.9,3
2019,table2019.csv,270,350,3,0,0,0,0,990,DANAS,1905,2019,18,0,40,7,124.1,23.6,3
2019,table2019.csv,270,350,3,0,0,0,0,990,DANAS,1905,2019,18,6,40,7,124.1,25.7,3
2019,table2019.csv,270,350,3,0,0,0,0,990,DANAS,1905,2019,18,12,40,7,124.0,26.5,3
2019,table2019.csv,240,300,3,0,0,0,0,985,DANAS,1905,2019,18,18,45,7,124.0,27.8,3
2019,table2019.csv,240,300,3,0,0,0,0,985,DANAS,1905,2019,19,0,45,7,124.0,29.0,3
2019,table2019.csv,200,350,2,0,0,0,0,985,DANAS,1905,2019,19,6,45,7,124.2,30.3,3
2019,table2019.csv,200,350,2,0,0,0,0,985,DANAS,1905,2019,19,12,45,7,124.7,31.8,3
2019,table2019.csv,200,350,2,0,0,0,0,985,DANAS,1905,2019,19,18,40,7,125.2,33.1,3
2019,table2019.csv,200,350,2,0,0,0,0,985,DANAS,1905,2019,20,0,40,7,125.5,34.2,3
2019,table2019.csv,150,350,2,0,0,0,0,990,DANAS,1905,2019,20,6,40,7,125.7,34.8,3
2019,table2019.csv,150,350,2,0,0,0,0,994,DANAS,1905,2019,20,12,35,7,126.3,35.7,3
2019,table2019.csv,0,0,0,0,0,0,0,996,DANAS,1905,2019,20,18,0,7,127.2,36.6,2
2019,table2019.csv,0,0,0,0,0,0,0,998,DANAS,1905,2019,21,0,0,7,128.5,37.9,2
2019,table2019.csv,0,0,0,0,0,0,0,998,DANAS,1905,2019,21,6,0,7,129.6,39.0,2
2019,table2019.csv,0,0,0,0,0,0,0,998,DANAS,1905,2019,21,12,0,7,130.4,40.2,6
2019,table2019.csv,0,0,0,0,0,0,0,996,DANAS,1905,2019,21,18,0,7,131.4,41.1,6
2019,table2019.csv,0,0,0,0,0,0,0,996,DANAS,1905,2019,22,0,0,7,131.9,41.4,6
2019,table2019.csv,0,0,0,0,0,0,0,998,DANAS,1905,2019,22,6,0,7,132.1,41.7,6
2019,table2019.csv,0,0,0,0,0,0,0,1000,DANAS,1905,2019,22,12,0,7,132.9,42.0,6
2019,table2019.csv,0,0,0,0,0,0,0,1000,DANAS,1905,2019,22,18,0,7,134.4,42.3,6
2019,table2019.csv,0,0,0,0,0,0,0,1002,DANAS,1905,2019,23,0,0,7,135.7,42.6,6
2019,table2019.csv,0,0,0,0,0,0,0,1002,DANAS,1905,2019,23,6,0,7,137.1,43.1,6
2019,table2019.csv,0,0,0,0,0,0,0,1008,NARI,1906,2019,24,0,0,7,137.0,23.0,2
2019,table2019.csv,0,0,0,0,0,0,0,1006,NARI,1906,2019,24,6,0,7,137.5,23.5,2
2019,table2019.csv,0,0,0,0,0,0,0,1006,NARI,1906,2019,24,12,0,7,137.8,24.3,2
2019,table2019.csv,0,0,0,0,0,0,0,1006,NARI,1906,2019,24,18,0,7,137.8,25.3,2
2019,table2019.csv,0,0,0,0,0,0,0,1006,NARI,1906,2019,25,0,0,7,137.7,26.3,2
2019,table2019.csv,0,0,0,0,0,0,0,1004,NARI,1906,2019,25,6,0,7,137.5,26.5,2
2019,table2019.csv,0,0,0,0,0,0,0,1006,NARI,1906,2019,25,12,0,7,137.5,27.5,2
2019,table2019.csv,120,210,2,0,0,0,0,1002,NARI,1906,2019,25,18,35,7,137.3,28.5,3
2019,table2019.csv,120,210,2,0,0,0,0,1000,NARI,1906,2019,26,0,35,7,137.1,29.7,3
2019,table2019.csv,120,210,2,0,0,0,0,1000,NARI,1906,2019,26,6,35,7,136.2,30.9,3
2019,table2019.csv,120,210,2,0,0,0,0,1000,NARI,1906,2019,26,12,35,7,135.8,32.0,3
2019,table2019.csv,120,210,2,0,0,0,0,998,NARI,1906,2019,26,18,35,7,135.9,33.4,3
2019,table2019.csv,120,210,2,0,0,0,1,1000,NARI,1906,2019,26,22,35,7,136.3,34.1,3
2019,table2019.csv,90,180,2,0,0,0,0,1000,NARI,1906,2019,27,0,35,7,136.4,34.7,3
2019,table2019.csv,0,0,0,0,0,0,0,1004,NARI,1906,2019,27,6,0,7,136.7,35.6,2
2019,table2019.csv,0,0,0,0,0,0,0,1008,NARI,1906,2019,27,12,0,7,138.3,36.0,2
2019,table2019.csv,0,0,0,0,0,0,0,1008,NARI,1906,2019,27,18,0,7,139.8,36.6,2
2019,table2019.csv,0,0,0,0,0,0,0,1010,NARI,1906,2019,28,0,0,7,142.0,36.9,6
2019,table2019.csv,0,0,0,0,0,0,0,1010,NARI,1906,2019,28,6,0,7,143.7,37.6,6
2019,table2019.csv,0,0,0,0,0,0,0,1010,NARI,1906,2019,28,12,0,7,145.7,38.2,6
2019,table2019.csv,0,0,0,0,0,0,0,1010,NARI,1906,2019,28,18,0,7,147.7,38.7,6
2019,table2019.csv,0,0,0,0,0,0,0,1010,NARI,1906,2019,29,0,0,7,149.8,39.3,6
2019,table2019.csv,0,0,0,0,0,0,0,1008,NARI,1906,2019,29,6,0,7,151.6,39.8,6
2019,table2019.csv,0,0,0,0,0,0,0,1010,NARI,1906,2019,29,12,0,7,152.9,40.5,6
2019,table2019.csv,0,0,0,0,0,0,0,1002,WIPHA,1907,2019,30,0,0,7,116.0,17.1,2
2019,table2019.csv,0,0,0,0,0,0,0,998,WIPHA,1907,2019,30,6,0,7,115.4,17.6,2
2019,table2019.csv,0,0,0,0,0,0,0,996,WIPHA,1907,2019,30,12,0,7,114.8,18.0,2
2019,table2019.csv,160,240,2,0,0,0,0,994,WIPHA,1907,2019,30,18,35,7,114.2,18.4,3
2019,table2019.csv,160,240,2,0,0,0,0,994,WIPHA,1907,2019,31,0,35,7,113.7,18.8,3
2019,table2019.csv,210,270,2,0,0,0,0,992,WIPHA,1907,2019,31,6,35,7,112.9,19.2,3
2019,table2019.csv,210,270,2,0,0,0,0,992,WIPHA,1907,2019,31,12,35,7,112.2,19.5,3
2019,table2019.csv,210,270,2,0,0,0,0,990,WIPHA,1907,2019,31,18,40,7,111.4,20.1,3
2019,table2019.csv,210,270,2,0,0,0,0,990,WIPHA,1907,2019,1,0,40,8,110.8,20.4,3
2019,table2019.csv,210,270,2,0,0,0,0,990,WIPHA,1907,2019,1,6,40,8,110.5,21.0,3
2019,table2019.csv,180,270,3,0,0,0,0,990,WIPHA,1907,2019,1,12,40,8,110.2,21.4,3
2019,table2019.csv,120,240,3,0,0,0,0,990,WIPHA,1907,2019,1,18,40,8,109.4,21.2,3
2019,table2019.csv,90,240,3,0,0,0,0,990,WIPHA,1907,2019,2,0,40,8,109.1,21.2,3
2019,table2019.csv,90,240,3,0,0,0,0,985,WIPHA,1907,2019,2,6,45,8,109.0,21.1,3
2019,table2019.csv,90,180,3,0,0,0,0,990,WIPHA,1907,2019,2,12,40,8,108.2,21.6,3
2019,table2019.csv,90,150,3,0,0,0,0,992,WIPHA,1907,2019,2,18,35,8,107.3,21.5,3
2019,table2019.csv,90,150,3,0,0,0,0,992,WIPHA,1907,2019,3,0,35,8,106.5,21.2,3
2019,table2019.csv,60,120,2,0,0,0,0,992,WIPHA,1907,2019,3,6,35,8,106.2,20.8,3
2019,table2019.csv,0,0,0,0,0,0,0,994,WIPHA,1907,2019,3,12,0,8,105.4,20.2,2
2019,table2019.csv,0,0,0,0,0,0,0,996,WIPHA,1907,2019,3,18,0,8,104.4,19.7,2
2019,table2019.csv,0,0,0,0,0,0,0,998,WIPHA,1907,2019,4,0,0,8,102.8,20.7,2
2019,table2019.csv,0,0,0,0,0,0,0,998,WIPHA,1907,2019,4,6,0,8,102.1,20.5,2
2019,table2019.csv,0,0,0,0,0,0,0,1002,FRANCISCO,1908,2019,1,0,0,8,154.7,17.4,2
2019,table2019.csv,0,0,0,0,0,0,0,1002,FRANCISCO,1908,2019,1,6,0,8,154.4,18.1,2
2019,table2019.csv,0,0,0,0,0,0,0,1002,FRANCISCO,1908,2019,1,12,0,8,154.1,18.7,2
2019,table2019.csv,0,0,0,0,0,0,0,1000,FRANCISCO,1908,2019,1,18,0,8,153.5,19.5,2
2019,table2019.csv,0,0,0,0,0,0,0,1000,FRANCISCO,1908,2019,2,0,0,8,152.9,20.3,2
2019,table2019.csv,0,0,0,0,0,0,0,1000,FRANCISCO,1908,2019,2,6,0,8,152.1,21.3,2
2019,table2019.csv,90,150,1,0,0,0,0,998,FRANCISCO,1908,2019,2,12,35,8,151.2,22.3,3
2019,table2019.csv,90,150,1,0,0,0,0,998,FRANCISCO,1908,2019,2,18,35,8,150.0,23.3,3
2019,table2019.csv,90,150,1,0,0,0,0,998,FRANCISCO,1908,2019,3,0,35,8,148.6,24.3,3
2019,table2019.csv,90,150,1,0,0,0,0,996,FRANCISCO,1908,2019,3,6,40,8,147.4,25.1,3
2019,table2019.csv,90,150,1,0,0,0,0,996,FRANCISCO,1908,2019,3,12,40,8,146.1,25.9,3
2019,table2019.csv,120,120,9,0,0,0,0,996,FRANCISCO,1908,2019,3,15,40,8,145.3,26.3,3
2019,table2019.csv,120,120,9,0,0,0,0,992,FRANCISCO,1908,2019,3,18,45,8,144.6,26.7,3
2019,table2019.csv,120,120,9,0,0,0,0,990,FRANCISCO,1908,2019,3,21,50,8,143.9,27.1,4
2019,table2019.csv,90,120,1,0,0,0,0,990,FRANCISCO,1908,2019,4,0,50,8,143.1,27.6,4
2019,table2019.csv,90,120,1,0,0,0,0,990,FRANCISCO,1908,2019,4,3,50,8,142.3,28.1,4
2019,table2019.csv,90,120,1,0,0,0,0,990,FRANCISCO,1908,2019,4,6,50,8,141.4,28.6,4
2019,table2019.csv,90,120,1,30,30,9,0,985,FRANCISCO,1908,2019,4,12,55,8,140.1,29.2,4
2019,table2019.csv,90,120,1,30,30,9,0,980,FRANCISCO,1908,2019,4,18,60,8,138.2,29.9,4
2019,table2019.csv,90,150,8,30,30,9,0,980,FRANCISCO,1908,2019,5,0,60,8,136.2,30.4,4
2019,table2019.csv,90,150,8,40,40,9,0,980,FRANCISCO,1908,2019,5,6,60,8,134.6,30.8,4
2019,table2019.csv,90,150,8,40,40,9,0,975,FRANCISCO,1908,2019,5,9,65,8,133.8,31.0,5
2019,table2019.csv,90,120,2,40,40,9,0,970,FRANCISCO,1908,2019,5,12,70,8,133.0,31.2,5
2019,table2019.csv,90,120,2,40,40,9,0,970,FRANCISCO,1908,2019,5,15,70,8,132.4,31.4,5
2019,table2019.csv,90,90,9,30,30,9,0,970,FRANCISCO,1908,2019,5,18,70,8,131.9,31.8,5
2019,table2019.csv,90,90,9,30,30,9,1,970,FRANCISCO,1908,2019,5,20,70,8,131.5,31.9,5
2019,table2019.csv,90,90,9,30,30,9,0,975,FRANCISCO,1908,2019,5,21,65,8,131.3,32.1,5
2019,table2019.csv,60,90,2,0,0,0,0,992,FRANCISCO,1908,2019,6,0,45,8,130.6,32.8,3
2019,table2019.csv,60,90,2,0,0,0,0,996,FRANCISCO,1908,2019,6,3,40,8,130.0,33.4,3
2019,table2019.csv,60,90,2,0,0,0,0,998,FRANCISCO,1908,2019,6,6,35,8,129.8,34.0,3
2019,table2019.csv,60,60,9,0,0,0,0,1000,FRANCISCO,1908,2019,6,12,35,8,129.5,35.1,3
2019,table2019.csv,60,60,9,0,0,0,0,1000,FRANCISCO,1908,2019,6,18,35,8,128.8,36.7,3
2019,table2019.csv,0,0,0,0,0,0,0,1000,FRANCISCO,1908,2019,7,0,0,8,129.0,37.9,2
2019,table2019.csv,0,0,0,0,0,0,0,1002,FRANCISCO,1908,2019,7,6,0,8,129.2,38.7,2
2019,table2019.csv,0,0,0,0,0,0,0,1002,FRANCISCO,1908,2019,7,12,0,8,129.7,39.6,2
2019,table2019.csv,0,0,0,0,0,0,0,1000,FRANCISCO,1908,2019,7,18,0,8,130.9,40.8,2
2019,table2019.csv,0,0,0,0,0,0,0,1000,FRANCISCO,1908,2019,8,0,0,8,132.7,41.5,2
2019,table2019.csv,0,0,0,0,0,0,0,1000,FRANCISCO,1908,2019,8,6,0,8,135.3,42.5,2
2019,table2019.csv,0,0,0,0,0,0,0,1000,FRANCISCO,1908,2019,8,12,0,8,137.1,42.8,2
2019,table2019.csv,0,0,0,0,0,0,0,996,FRANCISCO,1908,2019,8,18,0,8,139.5,43.0,6
2019,table2019.csv,0,0,0,0,0,0,0,1000,FRANCISCO,1908,2019,9,0,0,8,142.0,42.9,6
2019,table2019.csv,0,0,0,0,0,0,0,1002,FRANCISCO,1908,2019,9,6,0,8,145.5,41.9,6
2019,table2019.csv,0,0,0,0,0,0,0,1002,FRANCISCO,1908,2019,9,12,0,8,148.7,41.0,6
2019,table2019.csv,0,0,0,0,0,0,0,1004,FRANCISCO,1908,2019,9,18,0,8,152.0,40.6,6
2019,table2019.csv,0,0,0,0,0,0,0,1006,FRANCISCO,1908,2019,10,0,0,8,155.5,40.3,6
2019,table2019.csv,0,0,0,0,0,0,0,1006,FRANCISCO,1908,2019,10,6,0,8,159.2,40.0,6
2019,table2019.csv,0,0,0,0,0,0,0,1006,FRANCISCO,1908,2019,10,12,0,8,163.1,40.2,6
2019,table2019.csv,0,0,0,0,0,0,0,1006,FRANCISCO,1908,2019,10,18,0,8,167.1,41.0,6
2019,table2019.csv,0,0,0,0,0,0,0,1006,FRANCISCO,1908,2019,11,0,0,8,170.1,41.5,6
2019,table2019.csv,0,0,0,0,0,0,0,1006,FRANCISCO,1908,2019,11,6,0,8,172.2,42.5,6
2019,table2019.csv,0,0,0,0,0,0,0,1002,LEKIMA,1909,2019,2,6,0,8,134.3,14.5,2
2019,table2019.csv,0,0,0,0,0,0,0,1002,LEKIMA,1909,2019,2,12,0,8,133.8,14.4,2
2019,table2019.csv,0,0,0,0,0,0,0,1000,LEKIMA,1909,2019,2,18,0,8,133.3,14.3,2
2019,table2019.csv,0,0,0,0,0,0,0,1000,LEKIMA,1909,2019,3,0,0,8,132.8,14.3,2
2019,table2019.csv,0,0,0,0,0,0,0,1000,LEKIMA,1909,2019,3,6,0,8,132.3,14.5,2
2019,table2019.csv,0,0,0,0,0,0,0,1000,LEKIMA,1909,2019,3,12,0,8,131.9,15.0,2
2019,table2019.csv,0,0,0,0,0,0,0,998,LEKIMA,1909,2019,3,18,0,8,131.5,15.7,2
2019,table2019.csv,0,0,0,0,0,0,0,998,LEKIMA,1909,2019,4,0,0,8,131.0,16.3,2
2019,table2019.csv,180,350,4,0,0,0,0,994,LEKIMA,1909,2019,4,6,35,8,130.6,16.9,3
2019,table2019.csv,180,350,4,0,0,0,0,994,LEKIMA,1909,2019,4,12,40,8,130.2,17.5,3
2019,table2019.csv,180,350,4,0,0,0,0,994,LEKIMA,1909,2019,4,18,40,8,130.1,17.7,3
2019,table2019.csv,180,350,4,0,0,0,0,994,LEKIMA,1909,2019,5,0,40,8,130.0,17.9,3
2019,table2019.csv,180,350,4,0,0,0,0,990,LEKIMA,1909,2019,5,6,45,8,129.9,18.0,3
2019,table2019.csv,230,350,4,0,0,0,0,990,LEKIMA,1909,2019,5,12,45,8,129.8,18.2,3
2019,table2019.csv,230,350,4,0,0,0,0,985,LEKIMA,1909,2019,5,18,50,8,129.5,18.5,4
2019,table2019.csv,230,350,4,0,0,0,0,985,LEKIMA,1909,2019,6,0,50,8,129.3,18.8,4
2019,table2019.csv,230,350,4,30,30,9,0,980,LEKIMA,1909,2019,6,6,55,8,129.0,19.2,4
2019,table2019.csv,270,350,4,40,40,9,0,975,LEKIMA,1909,2019,6,12,65,8,128.7,19.5,5
2019,table2019.csv,270,350,4,60,60,9,0,970,LEKIMA,1909,2019,6,18,70,8,128.4,19.9,5
2019,table2019.csv,270,350,4,100,100,9,0,960,LEKIMA,1909,2019,7,0,75,8,128.1,20.4,5
2019,table2019.csv,270,270,9,100,100,9,0,950,LEKIMA,1909,2019,7,6,80,8,127.6,21.0,5
2019,table2019.csv,270,270,9,100,100,9,0,940,LEKIMA,1909,2019,7,12,90,8,127.0,21.6,5
2019,table2019.csv,270,270,9,100,100,9,0,935,LEKIMA,1909,2019,7,18,95,8,126.5,22.1,5
2019,table2019.csv,270,270,9,100,100,9,0,935,LEKIMA,1909,2019,7,21,95,8,126.2,22.4,5
2019,table2019.csv,270,270,9,100,100,9,0,935,LEKIMA,1909,2019,8,0,95,8,126.0,22.7,5
2019,table2019.csv,270,270,9,100,100,9,0,935,LEKIMA,1909,2019,8,3,95,8,125.7,23.2,5
2019,table2019.csv,270,270,9,100,100,9,0,930,LEKIMA,1909,2019,8,6,100,8,125.4,23.6,5
2019,table2019.csv,270,270,9,100,100,9,0,930,LEKIMA,1909,2019,8,9,100,8,125.2,24.0,5
2019,table2019.csv,300,300,9,100,100,9,0,925,LEKIMA,1909,2019,8,12,105,8,125.0,24.3,5
2019,table2019.csv,300,300,9,100,100,9,0,925,LEKIMA,1909,2019,8,15,105,8,124.8,24.9,5
2019,table2019.csv,300,300,9,100,100,9,0,935,LEKIMA,1909,2019,8,18,95,8,124.5,25.5,5
2019,table2019.csv,300,300,9,100,100,9,0,935,LEKIMA,1909,2019,8,21,95,8,124.0,26.0,5
2019,table2019.csv,300,300,9,100,100,9,0,940,LEKIMA,1909,2019,9,0,90,8,123.4,26.4,5
2019,table2019.csv,300,300,9,100,100,9,0,940,LEKIMA,1909,2019,9,6,90,8,122.5,27.1,5
2019,table2019.csv,300,300,9,100,100,9,0,940,LEKIMA,1909,2019,9,12,90,8,122.0,27.5,5
2019,table2019.csv,250,300,2,70,100,2,0,950,LEKIMA,1909,2019,9,18,85,8,121.3,28.2,5
2019,table2019.csv,250,300,2,60,60,9,0,970,LEKIMA,1909,2019,10,0,60,8,120.7,29.1,4
2019,table2019.csv,250,375,2,0,0,0,0,975,LEKIMA,1909,2019,10,6,50,8,120.4,29.9,4
2019,table2019.csv,250,375,2,0,0,0,0,980,LEKIMA,1909,2019,10,12,45,8,120.4,30.8,3
2019,table2019.csv,250,375,2,0,0,0,0,980,LEKIMA,1909,2019,10,18,45,8,120.3,32.3,3
2019,table2019.csv,250,375,2,0,0,0,0,980,LEKIMA,1909,2019,11,0,45,8,120.1,33.6,3
2019,table2019.csv,150,375,2,0,0,0,0,980,LEKIMA,1909,2019,11,6,45,8,120.0,35.0,3
2019,table2019.csv,150,300,2,0,0,0,0,980,LEKIMA,1909,2019,11,12,45,8,120.0,35.9,3
2019,table2019.csv,150,300,2,0,0,0,0,980,LEKIMA,1909,2019,11,18,40,8,120.1,37.1,3
2019,table2019.csv,180,180,9,0,0,0,0,985,LEKIMA,1909,2019,12,0,35,8,119.6,37.8,3
2019,table2019.csv,180,180,9,0,0,0,0,985,LEKIMA,1909,2019,12,6,35,8,119.5,37.9,3
2019,table2019.csv,180,180,9,0,0,0,0,990,LEKIMA,1909,2019,12,12,35,8,119.6,36.9,3
2019,table2019.csv,0,0,0,0,0,0,0,992,LEKIMA,1909,2019,12,18,0,8,120.0,37.0,2
2019,table2019.csv,0,0,0,0,0,0,0,996,LEKIMA,1909,2019,13,0,0,8,120.0,37.2,2
2019,table2019.csv,0,0,0,0,0,0,0,996,LEKIMA,1909,2019,13,6,0,8,120.5,38.1,2
2019,table2019.csv,0,0,0,0,0,0,0,998,LEKIMA,1909,2019,13,12,0,8,120.9,38.6,2
2019,table2019.csv,0,0,0,0,0,0,0,998,LEKIMA,1909,2019,13,18,0,8,121.1,38.9,2
2019,table2019.csv,0,0,0,0,0,0,0,1000,LEKIMA,1909,2019,14,0,0,8,121.4,38.8,6
2019,table2019.csv,0,0,0,0,0,0,0,1000,LEKIMA,1909,2019,14,6,0,8,121.5,38.8,6
2019,table2019.csv,0,0,0,0,0,0,0,998,LEKIMA,1909,2019,14,12,0,8,121.7,38.6,6
2019,table2019.csv,0,0,0,0,0,0,0,996,LEKIMA,1909,2019,14,18,0,8,121.9,38.4,6
2019,table2019.csv,0,0,0,0,0,0,0,1004,KROSA,1910,2019,5,0,0,8,147.7,15.6,2
2019,table2019.csv,0,0,0,0,0,0,0,1000,KROSA,1910,2019,5,6,0,8,146.5,16.1,2
2019,table2019.csv,0,0,0,0,0,0,0,1000,KROSA,1910,2019,5,12,0,8,145.2,16.8,2
2019,table2019.csv,0,0,0,0,0,0,0,1000,KROSA,1910,2019,5,18,0,8,144.0,17.5,2
2019,table2019.csv,0,0,0,0,0,0,0,1000,KROSA,1910,2019,6,0,0,8,143.4,18.0,2
2019,table2019.csv,300,300,9,0,0,0,0,998,KROSA,1910,2019,6,6,35,8,142.8,18.5,3
2019,table2019.csv,300,300,9,0,0,0,0,996,KROSA,1910,2019,6,12,40,8,142.4,18.9,3
2019,table2019.csv,300,300,9,0,0,0,0,992,KROSA,1910,2019,6,18,45,8,142.1,19.7,3
2019,table2019.csv,300,300,9,0,0,0,0,990,KROSA,1910,2019,7,0,50,8,141.9,20.5,4
2019,table2019.csv,300,300,9,0,0,0,0,990,KROSA,1910,2019,7,6,50,8,141.4,21.1,4
2019,table2019.csv,300,300,9,40,40,9,0,980,KROSA,1910,2019,7,12,60,8,141.0,21.5,4
2019,table2019.csv,300,300,9,50,50,9,0,975,KROSA,1910,2019,7,18,65,8,140.8,21.7,5
2019,table2019.csv,350,350,9,50,50,9,0,970,KROSA,1910,2019,8,0,70,8,140.5,21.9,5
2019,table2019.csv,350,350,9,90,90,9,0,965,KROSA,1910,2019,8,6,75,8,140.6,22.1,5
2019,table2019.csv,350,350,9,90,90,9,0,965,KROSA,1910,2019,8,12,75,8,140.7,22.1,5
2019,table2019.csv,325,325,9,90,90,9,0,965,KROSA,1910,2019,8,18,75,8,141.0,22.0,5
2019,table2019.csv,325,325,9,90,90,9,0,965,KROSA,1910,2019,9,0,75,8,141.1,22.0,5
2019,table2019.csv,300,350,4,90,90,9,0,965,KROSA,1910,2019,9,6,75,8,141.3,22.0,5
2019,table2019.csv,300,350,4,90,90,9,0,965,KROSA,1910,2019,9,12,75,8,141.4,22.2,5
2019,table2019.csv,300,350,4,90,90,9,0,965,KROSA,1910,2019,9,18,70,8,141.4,22.3,5
2019,table2019.csv,300,350,4,90,90,9,0,965,KROSA,1910,2019,10,0,70,8,141.3,22.7,5
2019,table2019.csv,300,350,4,100,100,9,0,965,KROSA,1910,2019,10,6,65,8,141.0,22.9,5
2019,table2019.csv,300,350,4,100,100,9,0,965,KROSA,1910,2019,10,12,65,8,140.7,22.8,5
2019,table2019.csv,350,450,4,100,100,9,0,965,KROSA,1910,2019,10,18,65,8,140.5,22.7,5
2019,table2019.csv,350,450,4,100,100,9,0,965,KROSA,1910,2019,11,0,65,8,140.3,23.1,5
2019,table2019.csv,300,500,4,100,100,9,0,965,KROSA,1910,2019,11,6,65,8,139.8,23.6,5
2019,table2019.csv,300,500,4,120,120,9,0,965,KROSA,1910,2019,11,12,60,8,139.2,24.0,4
2019,table2019.csv,300,500,4,150,150,9,0,965,KROSA,1910,2019,11,18,60,8,138.5,24.2,4
2019,table2019.csv,300,500,4,180,180,9,0,965,KROSA,1910,2019,12,0,60,8,138.0,24.7,4
2019,table2019.csv,300,600,4,0,0,0,0,970,KROSA,1910,2019,12,6,50,8,137.7,25.0,4
2019,table2019.csv,300,600,4,0,0,0,0,970,KROSA,1910,2019,12,12,50,8,137.1,25.9,4
2019,table2019.csv,350,600,4,0,0,0,0,970,KROSA,1910,2019,12,18,50,8,136.4,26.8,4
2019,table2019.csv,350,600,4,0,0,0,0,970,KROSA,1910,2019,13,0,50,8,135.2,27.4,4
2019,table2019.csv,325,600,4,0,0,0,0,970,KROSA,1910,2019,13,6,50,8,134.7,27.6,4
2019,table2019.csv,325,600,4,0,0,0,0,970,KROSA,1910,2019,13,12,50,8,134.3,28.1,4
2019,table2019.csv,325,450,4,130,130,9,0,965,KROSA,1910,2019,13,18,55,8,133.5,28.3,4
2019,table2019.csv,280,325,3,130,130,9,0,965,KROSA,1910,2019,13,21,55,8,133.4,28.4,4
2019,table2019.csv,280,325,3,130,130,9,0,965,KROSA,1910,2019,14,0,55,8,133.2,28.8,4
2019,table2019.csv,280,325,3,110,140,3,0,965,KROSA,1910,2019,14,3,55,8,133.1,29.1,4
2019,table2019.csv,280,325,3,90,150,3,0,965,KROSA,1910,2019,14,6,55,8,133.1,29.6,4
2019,table2019.csv,280,325,3,90,150,3,0,965,KROSA,1910,2019,14,9,55,8,133.0,30.1,4
2019,table2019.csv,280,325,3,90,150,3,0,965,KROSA,1910,2019,14,12,55,8,132.9,30.6,4
2019,table2019.csv,270,325,2,90,180,2,0,965,KROSA,1910,2019,14,15,55,8,132.7,30.8,4
2019,table2019.csv,270,325,2,90,180,2,0,970,KROSA,1910,2019,14,18,55,8,132.6,31.7,4
2019,table2019.csv,270,325,2,30,180,2,0,975,KROSA,1910,2019,14,21,55,8,132.6,32.2,4
2019,table2019.csv,270,325,2,0,0,0,0,975,KROSA,1910,2019,15,0,50,8,132.4,32.7,4
2019,table2019.csv,270,325,2,0,0,0,1,975,KROSA,1910,2019,15,2,50,8,132.3,33.4,4
2019,table2019.csv,270,325,2,0,0,0,0,975,KROSA,1910,2019,15,3,50,8,132.3,33.6,4
2019,table2019.csv,270,325,2,0,0,0,1,978,KROSA,1910,2019,15,6,45,8,132.6,34.3,3
2019,table2019.csv,270,325,3,0,0,0,0,978,KROSA,1910,2019,15,9,45,8,133.0,35.3,3
2019,table2019.csv,270,325,3,0,0,0,0,980,KROSA,1910,2019,15,12,45,8,133.1,36.2,3
2019,table2019.csv,270,375,3,0,0,0,0,980,KROSA,1910,2019,15,18,45,8,133.5,38.0,3
2019,table2019.csv,250,400,3,0,0,0,0,980,KROSA,1910,2019,16,0,45,8,134.3,39.9,3
2019,table2019.csv,250,425,3,0,0,0,0,980,KROSA,1910,2019,16,6,45,8,135.6,40.9,3
2019,table2019.csv,0,0,0,0,0,0,0,984,KROSA,1910,2019,16,12,0,8,138.0,43.0,6
2019,table2019.csv,0,0,0,0,0,0,0,986,KROSA,1910,2019,16,18,0,8,138.5,43.7,6
2019,table2019.csv,0,0,0,0,0,0,0,990,KROSA,1910,2019,17,0,0,8,140.1,44.4,6
2019,table2019.csv,0,0,0,0,0,0,0,994,KROSA,1910,2019,17,6,0,8,140.5,44.7,6
2019,table2019.csv,0,0,0,0,0,0,0,1000,KROSA,1910,2019,17,12,0,8,141.0,45.1,6
2019,table2019.csv,0,0,0,0,0,0,0,1006,BAILU,1911,2019,19,12,0,8,134.0,13.0,2
2019,table2019.csv,0,0,0,0,0,0,0,1004,BAILU,1911,2019,19,18,0,8,133.9,13.1,2
2019,table2019.csv,0,0,0,0,0,0,0,1004,BAILU,1911,2019,20,0,0,8,133.8,13.4,2
2019,table2019.csv,0,0,0,0,0,0,0,1002,BAILU,1911,2019,20,6,0,8,133.5,13.7,2
2019,table2019.csv,0,0,0,0,0,0,0,1002,BAILU,1911,2019,20,12,0,8,133.2,14.1,2
2019,table2019.csv,0,0,0,0,0,0,0,1000,BAILU,1911,2019,20,18,0,8,132.8,14.3,2
2019,table2019.csv,0,0,0,0,0,0,0,1000,BAILU,1911,2019,21,0,0,8,132.3,14.5,2
2019,table2019.csv,300,300,9,0,0,0,0,998,BAILU,1911,2019,21,6,35,8,131.3,14.6,3
2019,table2019.csv,300,300,9,0,0,0,0,998,BAILU,1911,2019,21,12,35,8,130.4,14.8,3
2019,table2019.csv,300,300,9,0,0,0,0,996,BAILU,1911,2019,21,18,35,8,129.8,15.2,3
2019,table2019.csv,300,300,9,0,0,0,0,994,BAILU,1911,2019,22,0,40,8,129.1,15.4,3
2019,table2019.csv,300,300,9,0,0,0,0,994,BAILU,1911,2019,22,6,40,8,128.5,15.7,3
2019,table2019.csv,300,300,9,0,0,0,0,990,BAILU,1911,2019,22,12,45,8,127.8,16.3,3
2019,table2019.csv,300,300,9,0,0,0,0,985,BAILU,1911,2019,22,18,50,8,127.3,17.2,4
2019,table2019.csv,300,300,9,0,0,0,0,985,BAILU,1911,2019,23,0,50,8,126.4,18.3,4
2019,table2019.csv,270,270,9,0,0,0,0,985,BAILU,1911,2019,23,6,50,8,125.4,19.1,4
2019,table2019.csv,270,270,9,0,0,0,0,985,BAILU,1911,2019,23,12,50,8,124.5,19.9,4
2019,table2019.csv,240,240,9,0,0,0,0,985,BAILU,1911,2019,23,18,50,8,123.0,20.7,4
2019,table2019.csv,240,240,9,0,0,0,0,985,BAILU,1911,2019,24,0,50,8,121.8,21.5,4
2019,table2019.csv,240,240,9,0,0,0,0,985,BAILU,1911,2019,24,6,50,8,120.7,22.4,4
2019,table2019.csv,240,240,9,0,0,0,0,990,BAILU,1911,2019,24,12,50,8,119.3,22.4,4
2019,table2019.csv,240,240,9,0,0,0,0,994,BAILU,1911,2019,24,18,40,8,118.0,22.7,3
2019,table2019.csv,180,270,2,0,0,0,0,994,BAILU,1911,2019,25,0,40,8,117.1,24.1,3
2019,table2019.csv,180,270,2,0,0,0,0,994,BAILU,1911,2019,25,6,40,8,115.7,24.6,3
2019,table2019.csv,180,270,2,0,0,0,0,996,BAILU,1911,2019,25,12,35,8,114.2,24.7,3
2019,table2019.csv,0,0,0,0,0,0,0,998,BAILU,1911,2019,25,18,0,8,113.0,24.8,2
2019,table2019.csv,0,0,0,0,0,0,0,1000,BAILU,1911,2019,26,0,0,8,112.1,25.3,2
2019,table2019.csv,0,0,0,0,0,0,0,1000,BAILU,1911,2019,26,6,0,8,111.1,25.7,2
2019,table2019.csv,0,0,0,0,0,0,0,1004,PODUL,1912,2019,24,6,0,8,142.5,8.4,2
2019,table2019.csv,0,0,0,0,0,0,0,1006,PODUL,1912,2019,24,12,0,8,140.0,8.1,2
2019,table2019.csv,0,0,0,0,0,0,0,1006,PODUL,1912,2019,24,18,0,8,138.6,8.3,2
2019,table2019.csv,0,0,0,0,0,0,0,1006,PODUL,1912,2019,25,0,0,8,137.7,11.0,2
2019,table2019.csv,0,0,0,0,0,0,0,1004,PODUL,1912,2019,25,6,0,8,136.9,12.0,2
2019,table2019.csv,0,0,0,0,0,0,0,1004,PODUL,1912,2019,25,12,0,8,135.5,12.4,2
2019,table2019.csv,0,0,0,0,0,0,0,1002,PODUL,1912,2019,25,18,0,8,133.6,12.5,2
2019,table2019.csv,0,0,0,0,0,0,0,1002,PODUL,1912,2019,26,0,0,8,132.2,12.8,2
2019,table2019.csv,0,0,0,0,0,0,0,1000,PODUL,1912,2019,26,6,0,8,130.8,13.1,2
2019,table2019.csv,0,0,0,0,0,0,0,1002,PODUL,1912,2019,26,12,0,8,129.5,13.5,2
2019,table2019.csv,0,0,0,0,0,0,0,1002,PODUL,1912,2019,26,18,0,8,128.2,13.5,2
2019,table2019.csv,0,0,0,0,0,0,0,1002,PODUL,1912,2019,27,0,0,8,126.5,14.4,2
2019,table2019.csv,0,0,0,0,0,0,0,1000,PODUL,1912,2019,27,6,0,8,124.2,15.4,2
2019,table2019.csv,0,0,0,0,0,0,0,1002,PODUL,1912,2019,27,12,0,8,121.9,16.0,2
2019,table2019.csv,0,0,0,0,0,0,0,1000,PODUL,1912,2019,27,18,0,8,119.6,16.1,2
2019,table2019.csv,120,240,8,0,0,0,0,998,PODUL,1912,2019,28,0,35,8,117.3,16.5,3
2019,table2019.csv,100,210,1,0,0,0,0,996,PODUL,1912,2019,28,6,40,8,116.0,16.6,3
2019,table2019.csv,90,180,1,0,0,0,0,994,PODUL,1912,2019,28,12,40,8,114.5,16.9,3
2019,table2019.csv,90,180,1,0,0,0,0,994,PODUL,1912,2019,28,18,40,8,113.2,17.2,3
2019,table2019.csv,90,180,1,0,0,0,0,994,PODUL,1912,2019,29,0,40,8,111.1,17.5,3
2019,table2019.csv,100,200,8,0,0,0,0,992,PODUL,1912,2019,29,6,40,8,109.1,17.5,3
2019,table2019.csv,100,200,1,0,0,0,0,992,PODUL,1912,2019,29,12,40,8,108.3,17.6,3
2019,table2019.csv,60,150,1,0,0,0,0,994,PODUL,1912,2019,29,18,35,8,106.3,17.4,3
2019,table2019.csv,0,0,0,0,0,0,0,994,PODUL,1912,2019,30,0,0,8,105.1,16.8,2
2019,table2019.csv,0,0,0,0,0,0,0,996,PODUL,1912,2019,30,6,0,8,103.3,16.7,2
2019,table2019.csv,0,0,0,0,0,0,0,996,PODUL,1912,2019,30,12,0,8,102.7,16.7,2
2019,table2019.csv,0,0,0,0,0,0,0,998,PODUL,1912,2019,30,18,0,8,102.6,17.3,2
2019,table2019.csv,0,0,0,0,0,0,0,1000,PODUL,1912,2019,31,0,0,8,102.1,17.9,2
2019,table2019.csv,0,0,0,0,0,0,0,1006,LINGLING,1913,2019,31,0,0,8,133.7,6.2,2
2019,table2019.csv,0,0,0,0,0,0,0,1004,LINGLING,1913,2019,31,6,0,8,132.9,7.0,2
2019,table2019.csv,0,0,0,0,0,0,0,1006,LINGLING,1913,2019,31,12,0,8,132.0,8.0,2
2019,table2019.csv,0,0,0,0,0,0,0,1004,LINGLING,1913,2019,31,18,0,8,131.3,9.0,2
2019,table2019.csv,0,0,0,0,0,0,0,1006,LINGLING,1913,2019,1,0,0,9,130.2,10.8,2
2019,table2019.csv,0,0,0,0,0,0,0,1004,LINGLING,1913,2019,1,6,0,9,129.1,12.6,2
2019,table2019.csv,0,0,0,0,0,0,0,1002,LINGLING,1913,2019,1,12,0,9,127.7,13.8,2
2019,table2019.csv,0,0,0,0,0,0,0,1002,LINGLING,1913,2019,1,18,0,9,126.9,14.4,2
2019,table2019.csv,120,150,1,0,0,0,0,1000,LINGLING,1913,2019,2,0,35,9,126.1,15.2,3
2019,table2019.csv,120,210,1,0,0,0,0,1000,LINGLING,1913,2019,2,6,35,9,125.0,16.7,3
2019,table2019.csv,120,210,1,0,0,0,0,998,LINGLING,1913,2019,2,12,40,9,124.3,18.0,3
2019,table2019.csv,120,210,1,0,0,0,0,994,LINGLING,1913,2019,2,18,45,9,124.0,18.9,3
2019,table2019.csv,120,210,2,0,0,0,0,992,LINGLING,1913,2019,3,0,50,9,123.9,19.7,4
2019,table2019.csv,150,210,2,40,40,9,0,990,LINGLING,1913,2019,3,6,55,9,124.0,20.6,4
2019,table2019.csv,150,210,2,60,60,9,0,985,LINGLING,1913,2019,3,12,60,9,124.2,21.3,4
2019,table2019.csv,120,180,2,60,60,9,0,980,LINGLING,1913,2019,3,18,65,9,124.4,21.7,5
2019,table2019.csv,120,180,2,60,60,9,0,975,LINGLING,1913,2019,4,0,70,9,124.6,22.0,5
2019,table2019.csv,120,180,2,60,60,9,0,970,LINGLING,1913,2019,4,6,75,9,124.9,22.4,5
2019,table2019.csv,120,180,2,60,60,9,0,965,LINGLING,1913,2019,4,12,80,9,125.3,22.9,5
2019,table2019.csv,120,180,2,60,60,9,0,960,LINGLING,1913,2019,4,15,80,9,125.4,23.3,5
2019,table2019.csv,120,180,2,70,70,9,0,955,LINGLING,1913,2019,4,18,85,9,125.4,23.5,5
2019,table2019.csv,120,180,2,70,70,9,0,950,LINGLING,1913,2019,4,21,85,9,125.3,23.8,5
2019,table2019.csv,120,180,2,70,70,9,0,950,LINGLING,1913,2019,5,0,85,9,125.3,24.2,5
2019,table2019.csv,120,180,2,70,70,9,0,945,LINGLING,1913,2019,5,3,90,9,125.3,24.5,5
2019,table2019.csv,120,210,2,70,70,9,0,940,LINGLING,1913,2019,5,6,95,9,125.3,24.9,5
2019,table2019.csv,120,210,2,70,70,9,0,940,LINGLING,1913,2019,5,9,95,9,125.3,25.4,5
2019,table2019.csv,150,210,2,70,90,2,0,940,LINGLING,1913,2019,5,12,95,9,125.2,25.7,5
2019,table2019.csv,150,210,2,70,90,2,0,940,LINGLING,1913,2019,5,15,95,9,125.2,26.2,5
2019,table2019.csv,150,210,2,70,90,2,0,945,LINGLING,1913,2019,5,18,90,9,125.2,26.8,5
2019,table2019.csv,150,210,2,70,90,2,0,945,LINGLING,1913,2019,5,21,90,9,125.2,27.3,5
2019,table2019.csv,150,240,2,70,90,2,0,950,LINGLING,1913,2019,6,0,85,9,125.1,28.0,5
2019,table2019.csv,160,250,2,70,90,2,0,955,LINGLING,1913,2019,6,6,80,9,125.2,29.6,5
2019,table2019.csv,160,300,3,70,90,2,0,960,LINGLING,1913,2019,6,12,75,9,125.2,31.4,5
2019,table2019.csv,160,300,3,70,90,2,0,965,LINGLING,1913,2019,6,18,70,9,125.2,33.6,5
2019,table2019.csv,160,300,3,70,70,9,0,970,LINGLING,1913,2019,7,0,65,9,125.1,35.8,5
2019,table2019.csv,160,300,2,70,70,9,0,975,LINGLING,1913,2019,7,6,60,9,125.2,37.9,4
2019,table2019.csv,160,300,2,0,0,0,0,985,LINGLING,1913,2019,7,12,50,9,126.4,40.8,4
2019,table2019.csv,160,300,2,0,0,0,0,985,LINGLING,1913,2019,7,18,45,9,128.5,44.4,3
2019,table2019.csv,0,0,0,0,0,0,0,984,LINGLING,1913,2019,8,0,0,9,130.5,47.3,6
2019,table2019.csv,0,0,0,0,0,0,0,982,LINGLING,1913,2019,8,6,0,9,132.8,48.8,6
2019,table2019.csv,0,0,0,0,0,0,0,982,LINGLING,1913,2019,8,12,0,9,137.2,51.1,6
2019,table2019.csv,0,0,0,0,0,0,0,976,LINGLING,1913,2019,8,18,0,9,140.4,52.7,6
2019,table2019.csv,0,0,0,0,0,0,0,976,LINGLING,1913,2019,9,0,0,9,143.4,53.9,6
2019,table2019.csv,0,0,0,0,0,0,0,972,LINGLING,1913,2019,9,6,0,9,147.7,54.0,6
2019,table2019.csv,0,0,0,0,0,0,0,972,LINGLING,1913,2019,9,12,0,9,151.2,54.6,6
2019,table2019.csv,0,0,0,0,0,0,0,976,LINGLING,1913,2019,9,18,0,9,155.6,55.2,6
2019,table2019.csv,0,0,0,0,0,0,0,980,LINGLING,1913,2019,10,0,0,9,162.6,55.6,6
2019,table2019.csv,0,0,0,0,0,0,0,980,LINGLING,1913,2019,10,6,0,9,166.4,57.1,6
2019,table2019.csv,0,0,0,0,0,0,0,980,LINGLING,1913,2019,10,12,0,9,168.4,57.4,6
2019,table2019.csv,0,0,0,0,0,0,0,978,LINGLING,1913,2019,10,18,0,9,170.6,58.0,6
2019,table2019.csv,0,0,0,0,0,0,0,978,LINGLING,1913,2019,11,0,0,9,171.9,58.3,6
2019,table2019.csv,0,0,0,0,0,0,0,974,LINGLING,1913,2019,11,6,0,9,173.6,58.5,6
2019,table2019.csv,0,0,0,0,0,0,0,972,LINGLING,1913,2019,11,12,0,9,176.6,59.1,6
2019,table2019.csv,0,0,0,0,0,0,0,972,LINGLING,1913,2019,11,18,0,9,179.4,59.4,6
2019,table2019.csv,0,0,0,0,0,0,0,970,LINGLING,1913,2019,12,0,0,9,183.1,60.1,6
2019,table2019.csv,0,0,0,0,0,0,0,1008,KAJIKI,1914,2019,30,0,0,8,126.3,18.2,2
2019,table2019.csv,0,0,0,0,0,0,0,1006,KAJIKI,1914,2019,30,6,0,8,125.9,18.1,2
2019,table2019.csv,0,0,0,0,0,0,0,1006,KAJIKI,1914,2019,30,12,0,8,125.0,18.1,2
2019,table2019.csv,0,0,0,0,0,0,0,1006,KAJIKI,1914,2019,30,18,0,8,123.8,18.1,2
2019,table2019.csv,0,0,0,0,0,0,0,1006,KAJIKI,1914,2019,31,0,0,8,122.7,18.3,2
2019,table2019.csv,0,0,0,0,0,0,0,1004,KAJIKI,1914,2019,31,6,0,8,121.9,19.5,2
2019,table2019.csv,0,0,0,0,0,0,0,1004,KAJIKI,1914,2019,31,12,0,8,120.5,19.0,2
2019,table2019.csv,0,0,0,0,0,0,0,1002,KAJIKI,1914,2019,31,18,0,8,118.6,19.3,2
2019,table2019.csv,0,0,0,0,0,0,0,1002,KAJIKI,1914,2019,1,0,0,9,117.3,19.0,2
2019,table2019.csv,0,0,0,0,0,0,0,1000,KAJIKI,1914,2019,1,6,0,9,115.4,19.0,2
2019,table2019.csv,0,0,0,0,0,0,0,1000,KAJIKI,1914,2019,1,12,0,9,113.6,19.0,2
2019,table2019.csv,0,0,0,0,0,0,0,1000,KAJIKI,1914,2019,1,18,0,9,112.4,18.9,2
2019,table2019.csv,0,0,0,0,0,0,0,998,KAJIKI,1914,2019,2,0,0,9,111.4,18.7,2
2019,table2019.csv,0,0,0,0,0,0,0,998,KAJIKI,1914,2019,2,6,0,9,109.3,18.4,2
2019,table2019.csv,120,240,1,0,0,0,0,996,KAJIKI,1914,2019,2,12,35,9,108.4,17.2,3
2019,table2019.csv,120,240,1,0,0,0,0,996,KAJIKI,1914,2019,2,18,35,9,107.4,16.4,3
2019,table2019.csv,120,300,1,0,0,0,0,998,KAJIKI,1914,2019,3,0,35,9,106.9,15.7,3
2019,table2019.csv,120,300,1,0,0,0,0,998,KAJIKI,1914,2019,3,6,35,9,107.8,16.0,3
2019,table2019.csv,0,0,0,0,0,0,0,998,KAJIKI,1914,2019,3,12,0,9,108.5,16.4,2
2019,table2019.csv,0,0,0,0,0,0,0,998,KAJIKI,1914,2019,3,18,0,9,108.0,16.7,2
2019,table2019.csv,0,0,0,0,0,0,0,998,KAJIKI,1914,2019,4,0,0,9,107.9,16.7,2
2019,table2019.csv,0,0,0,0,0,0,0,998,KAJIKI,1914,2019,4,6,0,9,108.0,16.7,2
2019,table2019.csv,0,0,0,0,0,0,0,998,KAJIKI,1914,2019,4,12,0,9,108.8,16.6,2
2019,table2019.csv,0,0,0,0,0,0,0,1000,KAJIKI,1914,2019,4,18,0,9,109.2,17.2,2
2019,table2019.csv,0,0,0,0,0,0,0,1000,KAJIKI,1914,2019,5,0,0,9,110.2,17.6,2
2019,table2019.csv,0,0,0,0,0,0,0,1000,KAJIKI,1914,2019,5,6,0,9,111.6,18.2,2
2019,table2019.csv,0,0,0,0,0,0,0,1000,KAJIKI,1914,2019,5,12,0,9,112.8,19.1,2
2019,table2019.csv,0,0,0,0,0,0,0,1000,KAJIKI,1914,2019,5,18,0,9,113.0,19.6,2
2019,table2019.csv,0,0,0,0,0,0,0,1000,KAJIKI,1914,2019,6,0,0,9,112.3,19.4,2
2019,table2019.csv,0,0,0,0,0,0,0,1000,KAJIKI,1914,2019,6,6,0,9,112.5,18.6,2
2019,table2019.csv,0,0,0,0,0,0,0,1010,FAXAI,1915,2019,2,0,0,9,167.9,15.9,2
2019,table2019.csv,0,0,0,0,0,0,0,1008,FAXAI,1915,2019,2,6,0,9,166.6,16.2,2
2019,table2019.csv,0,0,0,0,0,0,0,1008,FAXAI,1915,2019,2,12,0,9,165.4,16.5,2
2019,table2019.csv,0,0,0,0,0,0,0,1008,FAXAI,1915,2019,2,18,0,9,164.3,16.8,2
2019,table2019.csv,0,0,0,0,0,0,0,1008,FAXAI,1915,2019,3,0,0,9,163.0,17.0,2
2019,table2019.csv,0,0,0,0,0,0,0,1006,FAXAI,1915,2019,3,6,0,9,161.8,17.1,2
2019,table2019.csv,0,0,0,0,0,0,0,1008,FAXAI,1915,2019,3,12,0,9,161.0,17.2,2
2019,table2019.csv,0,0,0,0,0,0,0,1006,FAXAI,1915,2019,3,18,0,9,160.2,17.5,2
2019,table2019.csv,0,0,0,0,0,0,0,1008,FAXAI,1915,2019,4,0,0,9,159.4,17.8,2
2019,table2019.csv,0,0,0,0,0,0,0,1006,FAXAI,1915,2019,4,6,0,9,158.5,18.0,2
2019,table2019.csv,0,0,0,0,0,0,0,1004,FAXAI,1915,2019,4,12,0,9,157.5,18.3,2
2019,table2019.csv,90,150,1,0,0,0,0,1002,FAXAI,1915,2019,4,18,35,9,156.7,18.6,3
2019,table2019.csv,90,150,1,0,0,0,0,1000,FAXAI,1915,2019,5,0,35,9,156.1,19.1,3
2019,table2019.csv,90,150,1,0,0,0,0,998,FAXAI,1915,2019,5,6,40,9,155.5,19.7,3
2019,table2019.csv,90,150,1,0,0,0,0,996,FAXAI,1915,2019,5,12,40,9,154.6,20.6,3
2019,table2019.csv,90,150,1,0,0,0,0,994,FAXAI,1915,2019,5,18,40,9,153.2,21.6,3
2019,table2019.csv,90,150,1,0,0,0,0,992,FAXAI,1915,2019,6,0,45,9,151.6,22.6,3
2019,table2019.csv,90,150,1,0,0,0,0,990,FAXAI,1915,2019,6,6,50,9,149.9,23.7,4
2019,table2019.csv,120,180,1,30,30,9,0,985,FAXAI,1915,2019,6,12,55,9,148.1,24.6,4
2019,table2019.csv,120,180,1,40,40,9,0,980,FAXAI,1915,2019,6,18,60,9,146.5,25.7,4
2019,table2019.csv,120,180,1,50,50,9,0,975,FAXAI,1915,2019,7,0,65,9,145.0,26.7,5
2019,table2019.csv,120,180,1,50,50,9,0,970,FAXAI,1915,2019,7,3,70,9,144.1,27.3,5
2019,table2019.csv,90,150,1,50,50,9,0,970,FAXAI,1915,2019,7,6,70,9,143.3,27.9,5
2019,table2019.csv,90,150,1,50,50,9,0,965,FAXAI,1915,2019,7,9,75,9,142.6,28.4,5
2019,table2019.csv,90,150,1,50,50,9,0,960,FAXAI,1915,2019,7,12,80,9,141.8,28.9,5
2019,table2019.csv,90,150,1,50,50,9,0,960,FAXAI,1915,2019,7,15,80,9,141.2,29.5,5
2019,table2019.csv,90,150,1,50,50,9,0,955,FAXAI,1915,2019,7,18,85,9,140.5,30.2,5
2019,table2019.csv,90,150,1,50,50,9,0,955,FAXAI,1915,2019,7,21,85,9,140.0,30.8,5
2019,table2019.csv,90,120,2,50,50,9,0,955,FAXAI,1915,2019,8,0,85,9,139.5,31.5,5
2019,table2019.csv,90,120,2,50,50,9,0,955,FAXAI,1915,2019,8,3,85,9,139.2,32.2,5
2019,table2019.csv,90,120,2,50,50,9,0,955,FAXAI,1915,2019,8,6,85,9,139.0,33.0,5
2019,table2019.csv,90,120,2,50,50,9,0,955,FAXAI,1915,2019,8,9,85,9,138.9,33.5,5
2019,table2019.csv,90,120,2,50,50,9,0,955,FAXAI,1915,2019,8,12,85,9,139.0,34.1,5
2019,table2019.csv,90,120,3,40,60,3,0,960,FAXAI,1915,2019,8,15,80,9,139.3,34.7,5
2019,table2019.csv,90,120,3,40,60,3,1,960,FAXAI,1915,2019,8,17,80,9,139.5,35.1,5
2019,table2019.csv,90,120,3,40,60,3,0,960,FAXAI,1915,2019,8,18,80,9,139.7,35.3,5
2019,table2019.csv,90,120,3,40,60,3,1,960,FAXAI,1915,2019,8,19,80,9,139.9,35.5,5
2019,table2019.csv,90,120,3,40,60,3,0,960,FAXAI,1915,2019,8,21,80,9,140.3,35.9,5
2019,table2019.csv,90,120,3,40,50,3,0,970,FAXAI,1915,2019,9,0,75,9,140.9,36.4,5
2019,table2019.csv,90,120,3,40,50,3,0,975,FAXAI,1915,2019,9,3,70,9,141.6,36.9,5
2019,table2019.csv,90,120,3,30,50,3,0,980,FAXAI,1915,2019,9,6,65,9,142.4,37.4,5
2019,table2019.csv,90,120,3,30,50,3,0,985,FAXAI,1915,2019,9,12,60,9,144.3,38.3,4
2019,table2019.csv,90,120,3,30,50,3,0,990,FAXAI,1915,2019,9,18,55,9,146.4,39.0,4
2019,table2019.csv,0,0,0,0,0,0,0,992,FAXAI,1915,2019,10,0,0,9,148.8,39.7,6
2019,table2019.csv,0,0,0,0,0,0,0,996,FAXAI,1915,2019,10,6,0,9,151.5,40.5,6
2019,table2019.csv,0,0,0,0,0,0,0,998,FAXAI,1915,2019,10,12,0,9,155.0,41.3,6
2019,table2019.csv,0,0,0,0,0,0,0,1000,FAXAI,1915,2019,10,18,0,9,158.2,42.3,6
2019,table2019.csv,0,0,0,0,0,0,0,1000,FAXAI,1915,2019,11,0,0,9,162.7,43.2,6
2019,table2019.csv,0,0,0,0,0,0,0,1002,FAXAI,1915,2019,11,6,0,9,168.7,44.5,6
2019,table2019.csv,0,0,0,0,0,0,0,1002,FAXAI,1915,2019,11,12,0,9,175.9,46.8,6
2019,table2019.csv,0,0,0,0,0,0,0,1006,PEIPAH,1916,2019,12,18,0,9,159.2,11.7,2
2019,table2019.csv,0,0,0,0,0,0,0,1008,PEIPAH,1916,2019,13,0,0,9,158.5,11.9,2
2019,table2019.csv,0,0,0,0,0,0,0,1006,PEIPAH,1916,2019,13,6,0,9,157.1,12.2,2
2019,table2019.csv,0,0,0,0,0,0,0,1008,PEIPAH,1916,2019,13,12,0,9,155.7,12.6,2
2019,table2019.csv,0,0,0,0,0,0,0,1006,PEIPAH,1916,2019,13,18,0,9,154.3,12.8,2
2019,table2019.csv,0,0,0,0,0,0,0,1006,PEIPAH,1916,2019,14,0,0,9,152.9,13.2,2
2019,table2019.csv,0,0,0,0,0,0,0,1004,PEIPAH,1916,2019,14,6,0,9,151.7,13.5,2
2019,table2019.csv,0,0,0,0,0,0,0,1004,PEIPAH,1916,2019,14,12,0,9,151.2,13.9,2
2019,table2019.csv,0,0,0,0,0,0,0,1002,PEIPAH,1916,2019,14,18,0,9,150.5,14.3,2
2019,table2019.csv,90,150,4,0,0,0,0,1000,PEIPAH,1916,2019,15,0,35,9,149.7,15.4,3
2019,table2019.csv,90,150,4,0,0,0,0,1000,PEIPAH,1916,2019,15,6,35,9,149.0,16.6,3
2019,table2019.csv,100,150,2,0,0,0,0,1000,PEIPAH,1916,2019,15,12,35,9,148.0,17.7,3
2019,table2019.csv,100,150,2,0,0,0,0,1000,PEIPAH,1916,2019,15,18,35,9,146.7,19.5,3
2019,table2019.csv,100,150,2,0,0,0,0,1000,PEIPAH,1916,2019,16,0,35,9,145.3,21.3,3
2019,table2019.csv,100,200,2,0,0,0,0,1000,PEIPAH,1916,2019,16,6,35,9,144.1,23.5,3
2019,table2019.csv,0,0,0,0,0,0,0,1002,PEIPAH,1916,2019,16,12,0,9,142.9,25.0,2
2019,table2019.csv,0,0,0,0,0,0,0,1002,PEIPAH,1916,2019,16,18,0,9,142.4,27.0,2
2019,table2019.csv,0,0,0,0,0,0,0,1004,PEIPAH,1916,2019,17,0,0,9,142.7,28.9,2
2019,table2019.csv,0,0,0,0,0,0,0,1000,TAPAH,1917,2019,17,0,0,9,128.7,20.0,2
2019,table2019.csv,0,0,0,0,0,0,0,998,TAPAH,1917,2019,17,6,0,9,128.7,20.8,2
2019,table2019.csv,0,0,0,0,0,0,0,998,TAPAH,1917,2019,17,12,0,9,128.8,21.1,2
2019,table2019.csv,0,0,0,0,0,0,0,998,TAPAH,1917,2019,17,18,0,9,128.9,21.4,2
2019,table2019.csv,0,0,0,0,0,0,0,998,TAPAH,1917,2019,18,0,0,9,128.9,21.4,2
2019,table2019.csv,0,0,0,0,0,0,0,998,TAPAH,1917,2019,18,6,0,9,129.0,21.9,2
2019,table2019.csv,0,0,0,0,0,0,0,998,TAPAH,1917,2019,18,12,0,9,129.7,22.3,2
2019,table2019.csv,0,0,0,0,0,0,0,998,TAPAH,1917,2019,18,18,0,9,129.4,22.7,2
2019,table2019.csv,270,270,9,0,0,0,0,996,TAPAH,1917,2019,19,0,35,9,128.7,22.4,3
2019,table2019.csv,270,270,9,0,0,0,0,994,TAPAH,1917,2019,19,6,35,9,128.6,22.4,3
2019,table2019.csv,270,270,9,0,0,0,0,992,TAPAH,1917,2019,19,12,40,9,128.2,23.1,3
2019,table2019.csv,270,325,3,0,0,0,0,990,TAPAH,1917,2019,19,18,40,9,127.4,22.8,3
2019,table2019.csv,270,350,3,0,0,0,0,985,TAPAH,1917,2019,20,0,45,9,127.2,23.1,3
2019,table2019.csv,270,350,3,0,0,0,0,980,TAPAH,1917,2019,20,6,50,9,127.2,23.1,4
2019,table2019.csv,270,350,3,0,0,0,0,980,TAPAH,1917,2019,20,12,50,9,127.2,24.0,4
2019,table2019.csv,240,350,3,90,130,2,0,975,TAPAH,1917,2019,20,15,60,9,126.7,24.5,4
2019,table2019.csv,240,350,3,90,130,2,0,970,TAPAH,1917,2019,20,18,65,9,126.4,25.0,5
2019,table2019.csv,240,350,3,90,130,2,0,970,TAPAH,1917,2019,20,21,65,9,126.1,25.5,5
2019,table2019.csv,240,350,3,90,130,2,0,970,TAPAH,1917,2019,21,0,65,9,125.7,26.2,5
2019,table2019.csv,240,350,3,90,130,2,0,970,TAPAH,1917,2019,21,3,65,9,125.6,26.7,5
2019,table2019.csv,240,375,3,90,130,3,0,970,TAPAH,1917,2019,21,6,65,9,125.6,27.3,5
2019,table2019.csv,240,375,3,90,130,3,0,970,TAPAH,1917,2019,21,9,65,9,125.6,27.9,5
2019,table2019.csv,240,375,3,90,130,3,0,970,TAPAH,1917,2019,21,12,65,9,125.6,28.5,5
2019,table2019.csv,240,375,3,90,130,3,0,970,TAPAH,1917,2019,21,15,65,9,125.8,29.0,5
2019,table2019.csv,240,350,3,90,130,3,0,970,TAPAH,1917,2019,21,18,65,9,126.1,29.5,5
2019,table2019.csv,240,350,3,90,130,3,0,970,TAPAH,1917,2019,21,21,65,9,126.5,30.2,5
2019,table2019.csv,180,350,3,90,130,3,0,975,TAPAH,1917,2019,22,0,60,9,127.0,31.1,4
2019,table2019.csv,180,350,3,90,130,3,0,975,TAPAH,1917,2019,22,3,60,9,127.4,31.9,4
2019,table2019.csv,180,350,3,90,130,3,0,975,TAPAH,1917,2019,22,6,60,9,127.9,32.6,4
2019,table2019.csv,180,350,3,90,130,3,0,975,TAPAH,1917,2019,22,9,60,9,128.5,33.2,4
2019,table2019.csv,150,350,3,90,130,3,0,980,TAPAH,1917,2019,22,12,55,9,129.5,33.9,4
2019,table2019.csv,150,350,3,90,130,3,0,980,TAPAH,1917,2019,22,15,55,9,130.4,34.5,4
2019,table2019.csv,150,350,3,0,0,0,0,985,TAPAH,1917,2019,22,18,50,9,131.3,35.2,4
2019,table2019.csv,150,350,3,0,0,0,0,990,TAPAH,1917,2019,22,21,45,9,132.7,36.3,3
2019,table2019.csv,0,0,0,0,0,0,0,992,TAPAH,1917,2019,23,0,0,9,134.2,37.6,6
2019,table2019.csv,0,0,0,0,0,0,0,992,TAPAH,1917,2019,23,6,0,9,137.5,39.6,6
2019,table2019.csv,0,0,0,0,0,0,0,996,TAPAH,1917,2019,23,12,0,9,139.8,41.0,6
2019,table2019.csv,0,0,0,0,0,0,0,1012,MITAG,1918,2019,24,12,0,9,155.0,9.6,2
2019,table2019.csv,0,0,0,0,0,0,0,1010,MITAG,1918,2019,24,18,0,9,154.1,9.7,2
2019,table2019.csv,0,0,0,0,0,0,0,1010,MITAG,1918,2019,25,0,0,9,153.2,9.9,2
2019,table2019.csv,0,0,0,0,0,0,0,1008,MITAG,1918,2019,25,6,0,9,152.2,10.3,2
2019,table2019.csv,0,0,0,0,0,0,0,1010,MITAG,1918,2019,25,12,0,9,151.0,10.7,2
2019,table2019.csv,0,0,0,0,0,0,0,1008,MITAG,1918,2019,25,18,0,9,149.4,10.9,2
2019,table2019.csv,0,0,0,0,0,0,0,1010,MITAG,1918,2019,26,0,0,9,147.3,11.4,2
2019,table2019.csv,0,0,0,0,0,0,0,1008,MITAG,1918,2019,26,6,0,9,145.1,11.6,2
2019,table2019.csv,0,0,0,0,0,0,0,1010,MITAG,1918,2019,26,12,0,9,143.1,11.9,2
2019,table2019.csv,0,0,0,0,0,0,0,1008,MITAG,1918,2019,26,18,0,9,141.1,12.4,2
2019,table2019.csv,0,0,0,0,0,0,0,1008,MITAG,1918,2019,27,0,0,9,139.2,13.0,2
2019,table2019.csv,0,0,0,0,0,0,0,1006,MITAG,1918,2019,27,6,0,9,137.6,13.5,2
2019,table2019.csv,0,0,0,0,0,0,0,1006,MITAG,1918,2019,27,12,0,9,136.0,14.2,2
2019,table2019.csv,0,0,0,0,0,0,0,1004,MITAG,1918,2019,27,18,0,9,134.4,14.9,2
2019,table2019.csv,210,210,9,0,0,0,0,1000,MITAG,1918,2019,28,0,35,9,132.8,15.7,3
2019,table2019.csv,210,210,9,0,0,0,0,998,MITAG,1918,2019,28,6,40,9,130.7,16.9,3
2019,table2019.csv,210,210,9,0,0,0,0,996,MITAG,1918,2019,28,12,40,9,129.2,17.4,3
2019,table2019.csv,210,210,9,0,0,0,0,992,MITAG,1918,2019,28,18,45,9,127.9,17.8,3
2019,table2019.csv,210,210,9,0,0,0,0,990,MITAG,1918,2019,29,0,50,9,126.9,18.3,4
2019,table2019.csv,210,210,9,40,60,2,0,985,MITAG,1918,2019,29,6,55,9,125.9,19.2,4
2019,table2019.csv,210,210,9,60,90,2,0,980,MITAG,1918,2019,29,12,60,9,124.8,20.1,4
2019,table2019.csv,210,210,9,60,90,2,0,975,MITAG,1918,2019,29,18,60,9,123.7,20.9,4
2019,table2019.csv,270,270,9,60,90,2,0,970,MITAG,1918,2019,30,0,65,9,123.0,21.7,5
2019,table2019.csv,270,270,9,60,90,2,0,970,MITAG,1918,2019,30,3,70,9,122.9,22.2,5
2019,table2019.csv,270,270,9,60,90,2,0,970,MITAG,1918,2019,30,6,70,9,122.9,22.9,5
2019,table2019.csv,270,270,9,60,90,2,0,970,MITAG,1918,2019,30,9,70,9,122.9,23.7,5
2019,table2019.csv,270,270,9,60,90,2,0,965,MITAG,1918,2019,30,12,75,9,122.9,24.6,5
2019,table2019.csv,240,300,4,60,90,2,0,965,MITAG,1918,2019,30,15,75,9,122.8,25.4,5
2019,table2019.csv,240,300,4,60,90,2,0,965,MITAG,1918,2019,30,18,75,9,122.6,26.1,5
2019,table2019.csv,240,300,4,60,90,2,0,970,MITAG,1918,2019,1,0,70,10,122.4,27.4,5
2019,table2019.csv,300,300,9,60,60,9,0,980,MITAG,1918,2019,1,6,60,10,122.2,28.6,4
2019,table2019.csv,180,240,1,60,60,9,0,980,MITAG,1918,2019,1,12,60,10,122.5,29.9,4
2019,table2019.csv,180,240,1,60,60,9,0,985,MITAG,1918,2019,1,18,55,10,122.9,30.6,4
2019,table2019.csv,180,240,1,0,0,0,0,990,MITAG,1918,2019,2,0,50,10,123.9,32.0,4
2019,table2019.csv,180,240,2,0,0,0,0,990,MITAG,1918,2019,2,6,50,10,124.7,33.3,4
2019,table2019.csv,180,240,2,0,0,0,0,990,MITAG,1918,2019,2,12,45,10,126.3,34.4,3
2019,table2019.csv,180,240,2,0,0,0,0,994,MITAG,1918,2019,2,18,40,10,128.2,35.8,3
2019,table2019.csv,180,210,2,0,0,0,0,992,MITAG,1918,2019,3,0,40,10,129.9,37.6,3
2019,table2019.csv,0,0,0,0,0,0,0,988,MITAG,1918,2019,3,6,0,10,131.0,38.0,6
2019,table2019.csv,0,0,0,0,0,0,0,988,MITAG,1918,2019,3,12,0,10,132.6,38.7,6
2019,table2019.csv,0,0,0,0,0,0,0,988,MITAG,1918,2019,3,18,0,10,134.5,38.8,6
2019,table2019.csv,0,0,0,0,0,0,0,992,MITAG,1918,2019,4,0,0,10,136.5,39.1,6
2019,table2019.csv,0,0,0,0,0,0,0,992,MITAG,1918,2019,4,6,0,10,138.5,38.9,6
2019,table2019.csv,0,0,0,0,0,0,0,994,MITAG,1918,2019,4,12,0,10,140.9,38.6,6
2019,table2019.csv,0,0,0,0,0,0,0,996,MITAG,1918,2019,4,18,0,10,143.5,39.1,6
2019,table2019.csv,0,0,0,0,0,0,0,998,MITAG,1918,2019,5,0,0,10,146.1,39.6,6
2019,table2019.csv,0,0,0,0,0,0,0,998,MITAG,1918,2019,5,6,0,10,148.9,40.9,6
2019,table2019.csv,0,0,0,0,0,0,0,1000,MITAG,1918,2019,5,12,0,10,151.7,43.4,6
2019,table2019.csv,0,0,0,0,0,0,0,1008,HAGIBIS,1919,2019,4,18,0,10,164.4,15.7,2
2019,table2019.csv,0,0,0,0,0,0,0,1006,HAGIBIS,1919,2019,5,0,0,10,162.7,15.0,2
2019,table2019.csv,0,0,0,0,0,0,0,1004,HAGIBIS,1919,2019,5,6,0,10,161.1,15.3,2
2019,table2019.csv,0,0,0,0,0,0,0,1004,HAGIBIS,1919,2019,5,12,0,10,159.4,15.2,2
2019,table2019.csv,180,180,9,0,0,0,0,1000,HAGIBIS,1919,2019,5,18,35,10,157.4,15.1,3
2019,table2019.csv,210,210,9,0,0,0,0,992,HAGIBIS,1919,2019,6,0,45,10,155.6,14.4,3
2019,table2019.csv,210,210,9,50,50,9,0,985,HAGIBIS,1919,2019,6,6,55,10,154.1,14.3,4
2019,table2019.csv,210,210,9,80,80,9,0,970,HAGIBIS,1919,2019,6,12,70,10,153.0,14.6,5
2019,table2019.csv,240,240,9,90,90,9,0,955,HAGIBIS,1919,2019,6,18,80,10,151.2,14.9,5
2019,table2019.csv,240,350,2,100,100,9,0,940,HAGIBIS,1919,2019,7,0,90,10,149.6,15.1,5
2019,table2019.csv,240,350,2,100,100,9,0,925,HAGIBIS,1919,2019,7,6,100,10,148.2,15.5,5
2019,table2019.csv,240,350,2,100,100,9,0,915,HAGIBIS,1919,2019,7,12,105,10,146.6,16.1,5
2019,table2019.csv,240,350,2,100,100,9,0,915,HAGIBIS,1919,2019,7,18,105,10,144.9,16.5,5
2019,table2019.csv,240,350,2,100,100,9,0,915,HAGIBIS,1919,2019,8,0,105,10,143.8,16.9,5
2019,table2019.csv,240,350,2,120,120,9,0,915,HAGIBIS,1919,2019,8,6,105,10,142.7,17.7,5
2019,table2019.csv,240,350,2,120,120,9,0,915,HAGIBIS,1919,2019,8,12,105,10,141.8,18.4,5
2019,table2019.csv,240,350,2,130,130,9,0,915,HAGIBIS,1919,2019,8,18,105,10,140.9,19.3,5
2019,table2019.csv,240,350,2,130,130,9,0,915,HAGIBIS,1919,2019,9,0,105,10,140.4,19.8,5
2019,table2019.csv,240,350,2,130,130,9,0,915,HAGIBIS,1919,2019,9,6,105,10,140.0,20.6,5
2019,table2019.csv,350,400,2,130,130,9,0,915,HAGIBIS,1919,2019,9,12,105,10,139.6,21.2,5
2019,table2019.csv,350,400,2,130,130,9,0,915,HAGIBIS,1919,2019,9,18,105,10,139.7,22.0,5
2019,table2019.csv,350,400,2,130,130,9,0,915,HAGIBIS,1919,2019,10,0,105,10,139.9,23.2,5
2019,table2019.csv,350,400,2,130,180,2,0,915,HAGIBIS,1919,2019,10,6,105,10,139.5,24.4,5
2019,table2019.csv,350,400,2,130,180,2,0,920,HAGIBIS,1919,2019,10,12,100,10,139.0,25.3,5
2019,table2019.csv,350,400,2,150,200,2,0,925,HAGIBIS,1919,2019,10,18,95,10,138.6,26.3,5
2019,table2019.csv,350,400,2,150,200,2,0,935,HAGIBIS,1919,2019,11,0,90,10,138.1,27.5,5
2019,table2019.csv,350,400,2,150,200,2,0,935,HAGIBIS,1919,2019,11,6,90,10,137.5,28.8,5
2019,table2019.csv,350,400,2,150,200,2,0,945,HAGIBIS,1919,2019,11,12,85,10,137.1,29.9,5
2019,table2019.csv,350,400,2,150,200,2,0,945,HAGIBIS,1919,2019,11,15,85,10,137.0,30.3,5
2019,table2019.csv,350,350,9,150,200,2,0,945,HAGIBIS,1919,2019,11,18,85,10,137.1,30.8,5
2019,table2019.csv,350,350,9,150,200,2,0,945,HAGIBIS,1919,2019,11,21,85,10,137.1,31.4,5
2019,table2019.csv,350,350,9,150,200,2,0,950,HAGIBIS,1919,2019,12,0,80,10,137.4,32.0,5
2019,table2019.csv,350,350,9,150,200,3,0,950,HAGIBIS,1919,2019,12,3,80,10,137.6,32.8,5
2019,table2019.csv,350,350,9,140,180,3,0,950,HAGIBIS,1919,2019,12,6,80,10,138.2,33.7,5
2019,table2019.csv,350,350,9,140,180,3,1,955,HAGIBIS,1919,2019,12,9,80,10,138.7,34.6,5
2019,table2019.csv,350,350,9,140,180,3,0,965,HAGIBIS,1919,2019,12,12,70,10,139.6,35.6,5
2019,table2019.csv,325,325,9,150,150,9,0,970,HAGIBIS,1919,2019,12,15,65,10,140.6,36.9,5
2019,table2019.csv,325,325,9,150,150,9,0,975,HAGIBIS,1919,2019,12,18,60,10,141.8,38.2,4
2019,table2019.csv,325,325,9,150,150,9,0,975,HAGIBIS,1919,2019,12,21,60,10,143.5,39.5,4
2019,table2019.csv,325,325,9,150,150,9,0,975,HAGIBIS,1919,2019,13,0,60,10,145.1,40.1,4
2019,table2019.csv,0,0,0,0,0,0,0,980,HAGIBIS,1919,2019,13,3,0,10,147.0,41.0,6
2019,table2019.csv,0,0,0,0,0,0,0,984,HAGIBIS,1919,2019,13,6,0,10,149.8,41.9,6
2019,table2019.csv,0,0,0,0,0,0,0,988,HAGIBIS,1919,2019,13,12,0,10,155.9,44.0,6
2019,table2019.csv,0,0,0,0,0,0,0,984,HAGIBIS,1919,2019,13,18,0,10,163.3,47.0,6
2019,table2019.csv,0,0,0,0,0,0,0,980,HAGIBIS,1919,2019,14,0,0,10,170.6,51.6,6
2019,table2019.csv,0,0,0,0,0,0,0,970,HAGIBIS,1919,2019,14,6,0,10,175.9,54.3,6
2019,table2019.csv,0,0,0,0,0,0,0,956,HAGIBIS,1919,2019,14,12,0,10,179.7,56.4,6
2019,table2019.csv,0,0,0,0,0,0,0,954,HAGIBIS,1919,2019,14,18,0,10,182.0,57.4,6
2019,table2019.csv,0,0,0,0,0,0,0,1010,NEOGURI,1920,2019,15,0,0,10,136.4,15.8,2
2019,table2019.csv,0,0,0,0,0,0,0,1008,NEOGURI,1920,2019,15,6,0,10,135.5,16.0,2
2019,table2019.csv,0,0,0,0,0,0,0,1008,NEOGURI,1920,2019,15,12,0,10,134.6,16.4,2
2019,table2019.csv,0,0,0,0,0,0,0,1004,NEOGURI,1920,2019,15,18,0,10,133.8,16.8,2
2019,table2019.csv,0,0,0,0,0,0,0,1006,NEOGURI,1920,2019,16,0,0,10,132.9,17.3,2
2019,table2019.csv,0,0,0,0,0,0,0,1004,NEOGURI,1920,2019,16,6,0,10,132.0,17.8,2
2019,table2019.csv,0,0,0,0,0,0,0,1006,NEOGURI,1920,2019,16,12,0,10,131.2,18.1,2
2019,table2019.csv,0,0,0,0,0,0,0,1008,NEOGURI,1920,2019,16,18,0,10,130.6,18.3,2
2019,table2019.csv,90,90,9,0,0,0,0,1002,NEOGURI,1920,2019,17,0,35,10,130.3,18.6,3
2019,table2019.csv,90,90,9,0,0,0,0,1002,NEOGURI,1920,2019,17,6,35,10,130.2,19.0,3
2019,table2019.csv,90,90,9,0,0,0,0,1002,NEOGURI,1920,2019,17,12,35,10,130.2,19.3,3
2019,table2019.csv,90,90,9,0,0,0,0,1000,NEOGURI,1920,2019,17,18,40,10,130.1,19.6,3
2019,table2019.csv,90,90,9,0,0,0,0,998,NEOGURI,1920,2019,18,0,45,10,130.0,19.8,3
2019,table2019.csv,90,90,9,0,0,0,0,998,NEOGURI,1920,2019,18,6,45,10,129.9,20.0,3
2019,table2019.csv,90,90,9,0,0,0,0,998,NEOGURI,1920,2019,18,12,45,10,129.4,20.3,3
2019,table2019.csv,90,90,9,0,0,0,0,992,NEOGURI,1920,2019,18,18,50,10,128.7,20.6,4
2019,table2019.csv,90,90,9,30,30,9,0,990,NEOGURI,1920,2019,19,0,55,10,128.0,21.0,4
2019,table2019.csv,90,90,9,30,30,9,0,985,NEOGURI,1920,2019,19,6,60,10,127.3,21.6,4
2019,table2019.csv,120,120,9,40,40,9,0,975,NEOGURI,1920,2019,19,12,70,10,127.3,21.8,5
2019,table2019.csv,120,120,9,40,40,9,0,970,NEOGURI,1920,2019,19,18,75,10,127.5,22.6,5
2019,table2019.csv,120,120,9,40,40,9,0,970,NEOGURI,1920,2019,20,0,75,10,127.9,23.4,5
2019,table2019.csv,120,120,9,40,40,9,0,975,NEOGURI,1920,2019,20,6,70,10,128.9,24.4,5
2019,table2019.csv,120,120,9,40,40,9,0,980,NEOGURI,1920,2019,20,12,65,10,129.9,25.4,5
2019,table2019.csv,120,120,9,40,40,9,0,980,NEOGURI,1920,2019,20,15,65,10,130.6,26.3,5
2019,table2019.csv,120,140,7,40,40,9,0,985,NEOGURI,1920,2019,20,18,60,10,131.3,27.1,4
2019,table2019.csv,120,140,7,40,40,9,0,985,NEOGURI,1920,2019,21,0,60,10,133.0,28.8,4
2019,table2019.csv,120,140,7,30,30,9,0,990,NEOGURI,1920,2019,21,6,55,10,134.3,30.2,4
2019,table2019.csv,0,0,0,0,0,0,0,998,NEOGURI,1920,2019,21,12,0,10,135.3,31.3,6
2019,table2019.csv,0,0,0,0,0,0,0,998,NEOGURI,1920,2019,21,18,0,10,136.7,32.1,6
2019,table2019.csv,0,0,0,0,0,0,0,1004,NEOGURI,1920,2019,22,0,0,10,137.9,32.1,6
2019,table2019.csv,0,0,0,0,0,0,0,1008,BUALOI,1921,2019,18,6,0,10,161.2,8.7,2
2019,table2019.csv,0,0,0,0,0,0,0,1008,BUALOI,1921,2019,18,12,0,10,159.9,8.9,2
2019,table2019.csv,0,0,0,0,0,0,0,1008,BUALOI,1921,2019,18,18,0,10,157.7,9.4,2
2019,table2019.csv,0,0,0,0,0,0,0,1006,BUALOI,1921,2019,19,0,0,10,156.4,10.2,2
2019,table2019.csv,60,60,9,0,0,0,0,1000,BUALOI,1921,2019,19,6,35,10,155.0,10.6,3
2019,table2019.csv,60,60,9,0,0,0,0,998,BUALOI,1921,2019,19,12,40,10,153.9,10.9,3
2019,table2019.csv,80,80,9,0,0,0,0,994,BUALOI,1921,2019,19,18,45,10,152.6,11.0,3
2019,table2019.csv,80,100,1,0,0,0,0,990,BUALOI,1921,2019,20,0,50,10,151.5,11.3,4
2019,table2019.csv,80,100,1,30,30,9,0,985,BUALOI,1921,2019,20,6,55,10,150.6,12.1,4
2019,table2019.csv,80,100,1,30,30,9,0,975,BUALOI,1921,2019,20,12,65,10,149.8,12.6,5
2019,table2019.csv,90,120,1,40,40,9,0,970,BUALOI,1921,2019,20,18,70,10,149.0,13.5,5
2019,table2019.csv,90,120,1,40,40,9,0,965,BUALOI,1921,2019,21,0,75,10,148.2,14.1,5
2019,table2019.csv,90,150,1,60,60,9,0,955,BUALOI,1921,2019,21,6,85,10,147.6,14.7,5
2019,table2019.csv,90,150,1,60,60,9,0,955,BUALOI,1921,2019,21,12,85,10,146.8,15.4,5
2019,table2019.csv,90,150,1,60,60,9,0,955,BUALOI,1921,2019,21,18,85,10,146.0,16.3,5
2019,table2019.csv,100,180,1,60,60,9,0,950,BUALOI,1921,2019,22,0,90,10,145.0,17.1,5
2019,table2019.csv,100,180,1,60,60,9,0,935,BUALOI,1921,2019,22,6,100,10,144.4,18.2,5
2019,table2019.csv,100,180,1,70,70,9,0,935,BUALOI,1921,2019,22,12,100,10,143.6,19.2,5
2019,table2019.csv,100,180,2,70,70,9,0,935,BUALOI,1921,2019,22,18,100,10,143.1,20.3,5
2019,table2019.csv,120,180,2,70,70,9,0,950,BUALOI,1921,2019,23,0,90,10,142.4,21.7,5
2019,table2019.csv,120,180,2,70,70,9,0,940,BUALOI,1921,2019,23,6,95,10,142.1,22.8,5
2019,table2019.csv,120,180,2,70,70,9,0,950,BUALOI,1921,2019,23,12,90,10,142.0,24.0,5
2019,table2019.csv,120,180,2,70,70,9,0,950,BUALOI,1921,2019,23,15,90,10,142.0,24.8,5
2019,table2019.csv,120,180,2,70,70,9,0,955,BUALOI,1921,2019,23,18,85,10,141.9,25.6,5
2019,table2019.csv,120,210,1,70,70,9,0,960,BUALOI,1921,2019,23,21,80,10,142.0,26.1,5
2019,table2019.csv,120,210,1,70,70,9,0,960,BUALOI,1921,2019,24,0,80,10,142.1,26.9,5
2019,table2019.csv,120,210,1,70,70,9,0,970,BUALOI,1921,2019,24,3,75,10,142.2,27.6,5
2019,table2019.csv,130,210,1,70,70,9,0,970,BUALOI,1921,2019,24,6,75,10,142.6,28.4,5
2019,table2019.csv,150,240,1,70,70,9,0,970,BUALOI,1921,2019,24,12,75,10,143.7,29.6,5
2019,table2019.csv,150,270,1,80,80,9,0,975,BUALOI,1921,2019,24,18,70,10,145.0,30.9,5
2019,table2019.csv,180,300,1,80,80,9,0,980,BUALOI,1921,2019,25,0,65,10,146.3,32.4,5
2019,table2019.csv,180,300,1,80,80,9,0,985,BUALOI,1921,2019,25,6,60,10,148.1,34.1,4
2019,table2019.csv,0,0,0,0,0,0,0,996,BUALOI,1921,2019,25,12,0,10,148.6,35.1,6
2019,table2019.csv,0,0,0,0,0,0,0,1004,BUALOI,1921,2019,25,18,0,10,149.0,36.6,6
2019,table2019.csv,0,0,0,0,0,0,0,1004,BUALOI,1921,2019,26,0,0,10,149.4,38.5,6
2019,table2019.csv,0,0,0,0,0,0,0,1004,MATMO,1922,2019,28,18,0,10,116.6,11.9,2
2019,table2019.csv,0,0,0,0,0,0,0,1004,MATMO,1922,2019,29,0,0,10,115.7,12.4,2
2019,table2019.csv,0,0,0,0,0,0,0,1002,MATMO,1922,2019,29,6,0,10,114.8,13.0,2
2019,table2019.csv,0,0,0,0,0,0,0,1002,MATMO,1922,2019,29,12,0,10,113.9,13.3,2
2019,table2019.csv,120,180,7,0,0,0,0,1000,MATMO,1922,2019,29,18,35,10,112.6,13.3,3
2019,table2019.csv,120,180,7,0,0,0,0,994,MATMO,1922,2019,30,0,45,10,111.5,13.3,3
2019,table2019.csv,120,260,8,0,0,0,0,992,MATMO,1922,2019,30,6,50,10,110.7,13.2,4
2019,table2019.csv,120,260,8,0,0,0,0,992,MATMO,1922,2019,30,12,50,10,110.2,13.3,4
2019,table2019.csv,120,260,8,0,0,0,0,994,MATMO,1922,2019,30,18,50,10,108.9,13.5,4
2019,table2019.csv,120,260,8,0,0,0,0,1000,MATMO,1922,2019,31,0,35,10,107.2,13.7,3
2019,table2019.csv,0,0,0,0,0,0,0,1002,MATMO,1922,2019,31,6,0,10,106.1,13.8,2
2019,table2019.csv,0,0,0,0,0,0,0,1006,MATMO,1922,2019,31,12,0,10,105.2,14.0,2
2019,table2019.csv,0,0,0,0,0,0,0,1008,MATMO,1922,2019,31,18,0,10,104.0,13.7,2
2019,table2019.csv,0,0,0,0,0,0,0,1004,HALONG,1923,2019,1,12,0,11,162.2,9.6,2
2019,table2019.csv,0,0,0,0,0,0,0,1004,HALONG,1923,2019,1,18,0,11,160.8,10.7,2
2019,table2019.csv,0,0,0,0,0,0,0,1004,HALONG,1923,2019,2,0,0,11,159.7,11.7,2
2019,table2019.csv,0,0,0,0,0,0,0,1002,HALONG,1923,2019,2,6,0,11,158.6,12.6,2
2019,table2019.csv,150,150,9,0,0,0,0,1000,HALONG,1923,2019,2,12,35,11,157.7,13.4,3
2019,table2019.csv,150,150,9,0,0,0,0,1000,HALONG,1923,2019,2,18,35,11,156.9,14.0,3
2019,table2019.csv,120,150,2,0,0,0,0,1000,HALONG,1923,2019,3,0,35,11,155.9,14.7,3
2019,table2019.csv,120,150,2,0,0,0,0,998,HALONG,1923,2019,3,6,40,11,154.8,15.4,3
2019,table2019.csv,120,210,2,0,0,0,0,994,HALONG,1923,2019,3,12,45,11,154.2,15.9,3
2019,table2019.csv,120,220,1,0,0,0,0,992,HALONG,1923,2019,3,18,50,11,153.8,16.6,4
2019,table2019.csv,120,220,1,40,40,9,0,985,HALONG,1923,2019,4,0,60,11,153.6,17.1,4
2019,table2019.csv,120,240,1,50,50,9,0,980,HALONG,1923,2019,4,6,65,11,153.2,17.8,5
2019,table2019.csv,120,240,1,50,50,9,0,975,HALONG,1923,2019,4,12,70,11,152.7,18.3,5
2019,table2019.csv,150,240,1,60,60,9,0,960,HALONG,1923,2019,4,18,80,11,152.3,18.8,5
2019,table2019.csv,150,240,1,60,60,9,0,950,HALONG,1923,2019,5,0,90,11,151.9,19.1,5
2019,table2019.csv,150,150,9,60,60,9,0,935,HALONG,1923,2019,5,6,100,11,151.3,19.7,5
2019,table2019.csv,150,150,9,60,60,9,0,905,HALONG,1923,2019,5,12,115,11,150.8,19.9,5
2019,table2019.csv,150,150,9,60,60,9,0,905,HALONG,1923,2019,5,18,115,11,150.6,20.3,5
2019,table2019.csv,150,150,9,60,60,9,0,905,HALONG,1923,2019,6,0,115,11,150.5,20.8,5
2019,table2019.csv,150,150,9,60,60,9,0,905,HALONG,1923,2019,6,6,115,11,150.5,21.2,5
2019,table2019.csv,150,150,9,60,60,9,0,920,HALONG,1923,2019,6,12,105,11,150.7,21.7,5
2019,table2019.csv,150,150,9,60,60,9,0,940,HALONG,1923,2019,6,18,95,11,151.0,22.3,5
2019,table2019.csv,120,150,1,60,60,9,0,955,HALONG,1923,2019,7,0,85,11,151.2,23.1,5
2019,table2019.csv,120,150,1,60,60,9,0,960,HALONG,1923,2019,7,6,80,11,151.5,23.9,5
2019,table2019.csv,120,150,1,60,60,9,0,970,HALONG,1923,2019,7,12,75,11,152.1,24.6,5
2019,table2019.csv,90,150,1,30,60,2,0,975,HALONG,1923,2019,7,18,70,11,153.0,25.5,5
2019,table2019.csv,90,150,2,30,60,2,0,980,HALONG,1923,2019,8,0,65,11,154.8,26.8,5
2019,table2019.csv,90,150,2,30,60,2,0,990,HALONG,1923,2019,8,6,55,11,157.0,28.1,4
2019,table2019.csv,90,120,2,0,0,0,0,994,HALONG,1923,2019,8,12,45,11,158.6,29.6,3
2019,table2019.csv,90,120,2,0,0,0,0,1000,HALONG,1923,2019,8,18,35,11,159.7,30.7,3
2019,table2019.csv,0,0,0,0,0,0,0,1004,HALONG,1923,2019,9,0,0,11,160.8,31.2,6
2019,table2019.csv,0,0,0,0,0,0,0,1006,HALONG,1923,2019,9,6,0,11,162.7,31.9,6
2019,table2019.csv,0,0,0,0,0,0,0,1008,HALONG,1923,2019,9,12,0,11,164.7,32.3,6
2019,table2019.csv,0,0,0,0,0,0,0,1008,HALONG,1923,2019,9,18,0,11,166.6,32.4,6
2019,table2019.csv,0,0,0,0,0,0,0,1008,HALONG,1923,2019,10,0,0,11,168.4,32.5,6
2019,table2019.csv,0,0,0,0,0,0,0,1008,HALONG,1923,2019,10,6,0,11,170.2,32.7,6
2019,table2019.csv,0,0,0,0,0,0,0,1006,NAKRI,1924,2019,4,0,0,11,113.7,12.7,2
2019,table2019.csv,0,0,0,0,0,0,0,1004,NAKRI,1924,2019,4,6,0,11,114.0,13.3,2
2019,table2019.csv,0,0,0,0,0,0,0,1004,NAKRI,1924,2019,4,12,0,11,114.2,13.4,2
2019,table2019.csv,0,0,0,0,0,0,0,1004,NAKRI,1924,2019,4,18,0,11,114.4,13.5,2
2019,table2019.csv,0,0,0,0,0,0,0,1004,NAKRI,1924,2019,5,0,0,11,114.8,13.6,2
2019,table2019.csv,0,0,0,0,0,0,0,1002,NAKRI,1924,2019,5,6,0,11,115.3,13.7,2
2019,table2019.csv,0,0,0,0,0,0,0,1000,NAKRI,1924,2019,5,12,0,11,115.8,13.7,2
2019,table2019.csv,180,240,7,0,0,0,0,998,NAKRI,1924,2019,5,18,35,11,116.0,13.5,3
2019,table2019.csv,180,240,7,0,0,0,0,996,NAKRI,1924,2019,6,0,35,11,116.2,13.4,3
2019,table2019.csv,180,240,7,0,0,0,0,994,NAKRI,1924,2019,6,6,40,11,116.4,13.2,3
2019,table2019.csv,180,240,7,0,0,0,0,994,NAKRI,1924,2019,6,12,40,11,116.6,13.2,3
2019,table2019.csv,210,270,7,0,0,0,0,992,NAKRI,1924,2019,6,18,45,11,116.8,13.3,3
2019,table2019.csv,210,270,7,0,0,0,0,990,NAKRI,1924,2019,7,0,50,11,116.9,13.2,4
2019,table2019.csv,210,270,7,60,90,3,0,985,NAKRI,1924,2019,7,6,55,11,117.0,13.0,4
2019,table2019.csv,210,270,7,60,90,3,0,980,NAKRI,1924,2019,7,12,60,11,117.2,12.8,4
2019,table2019.csv,210,270,7,60,90,3,0,980,NAKRI,1924,2019,7,18,60,11,117.0,12.6,4
2019,table2019.csv,210,210,9,60,90,3,0,980,NAKRI,1924,2019,8,0,60,11,117.1,12.5,4
2019,table2019.csv,180,180,9,60,90,3,0,975,NAKRI,1924,2019,8,6,65,11,116.4,12.6,5
2019,table2019.csv,180,180,9,60,90,3,0,975,NAKRI,1924,2019,8,12,65,11,115.7,12.5,5
2019,table2019.csv,180,180,9,60,90,3,0,980,NAKRI,1924,2019,8,18,60,11,115.3,12.5,4
2019,table2019.csv,180,180,9,60,90,3,0,980,NAKRI,1924,2019,9,0,60,11,114.6,12.4,4
2019,table2019.csv,180,180,9,60,60,9,0,980,NAKRI,1924,2019,9,6,60,11,113.7,12.4,4
2019,table2019.csv,180,180,9,30,60,3,0,980,NAKRI,1924,2019,9,12,55,11,113.1,12.3,4
2019,table2019.csv,180,180,9,30,60,3,0,985,NAKRI,1924,2019,9,18,55,11,112.4,12.4,4
2019,table2019.csv,180,180,9,30,60,3,0,985,NAKRI,1924,2019,10,0,55,11,111.5,12.3,4
2019,table2019.csv,150,150,9,30,60,3,0,985,NAKRI,1924,2019,10,6,55,11,110.8,12.5,4
2019,table2019.csv,120,120,9,0,0,0,0,990,NAKRI,1924,2019,10,12,50,11,110.1,12.6,4
2019,table2019.csv,60,60,9,0,0,0,0,996,NAKRI,1924,2019,10,18,40,11,109.5,12.8,3
2019,table2019.csv,0,0,0,0,0,0,0,1002,NAKRI,1924,2019,11,0,0,11,109.0,13.0,2
2019,table2019.csv,0,0,0,0,0,0,0,1006,NAKRI,1924,2019,11,6,0,11,107.8,13.3,2
2019,table2019.csv,0,0,0,0,0,0,0,1004,FENGSHEN,1925,2019,9,18,0,11,173.4,12.6,2
2019,table2019.csv,0,0,0,0,0,0,0,1006,FENGSHEN,1925,2019,10,0,0,11,171.9,13.0,2
2019,table2019.csv,0,0,0,0,0,0,0,1004,FENGSHEN,1925,2019,10,6,0,11,170.5,13.3,2
2019,table2019.csv,0,0,0,0,0,0,0,1006,FENGSHEN,1925,2019,10,12,0,11,169.5,13.3,2
2019,table2019.csv,0,0,0,0,0,0,0,1004,FENGSHEN,1925,2019,10,18,0,11,168.9,13.3,2
2019,table2019.csv,0,0,0,0,0,0,0,1006,FENGSHEN,1925,2019,11,0,0,11,168.2,13.5,2
2019,table2019.csv,0,0,0,0,0,0,0,1004,FENGSHEN,1925,2019,11,6,0,11,166.6,14.0,2
2019,table2019.csv,0,0,0,0,0,0,0,1004,FENGSHEN,1925,2019,11,12,0,11,165.4,14.1,2
2019,table2019.csv,0,0,0,0,0,0,0,1004,FENGSHEN,1925,2019,11,18,0,11,164.1,14.7,2
2019,table2019.csv,60,60,9,0,0,0,0,1000,FENGSHEN,1925,2019,12,0,35,11,162.5,14.8,3
2019,table2019.csv,60,60,9,0,0,0,0,1000,FENGSHEN,1925,2019,12,6,35,11,161.1,15.4,3
2019,table2019.csv,60,60,9,0,0,0,0,1000,FENGSHEN,1925,2019,12,12,35,11,159.6,16.2,3
2019,table2019.csv,90,90,9,0,0,0,0,998,FENGSHEN,1925,2019,12,18,40,11,158.0,16.8,3
2019,table2019.csv,90,90,9,0,0,0,0,998,FENGSHEN,1925,2019,13,0,40,11,156.0,17.2,3
2019,table2019.csv,90,90,9,0,0,0,0,998,FENGSHEN,1925,2019,13,6,40,11,154.5,16.9,3
2019,table2019.csv,90,120,7,0,0,0,0,996,FENGSHEN,1925,2019,13,12,45,11,153.2,16.7,3
2019,table2019.csv,90,120,7,0,0,0,0,992,FENGSHEN,1925,2019,13,18,50,11,151.8,16.7,4
2019,table2019.csv,90,120,7,0,0,0,0,992,FENGSHEN,1925,2019,14,0,50,11,149.9,16.8,4
2019,table2019.csv,90,120,8,0,0,0,0,992,FENGSHEN,1925,2019,14,6,50,11,148.2,16.9,4
2019,table2019.csv,90,120,8,30,30,9,0,990,FENGSHEN,1925,2019,14,12,55,11,146.4,17.3,4
2019,table2019.csv,90,120,8,30,30,9,0,985,FENGSHEN,1925,2019,14,18,60,11,145.0,18.1,4
2019,table2019.csv,100,120,8,55,55,9,0,975,FENGSHEN,1925,2019,15,0,75,11,143.7,19.1,5
2019,table2019.csv,100,120,8,55,55,9,0,965,FENGSHEN,1925,2019,15,6,85,11,142.7,20.1,5
2019,table2019.csv,100,120,8,55,55,9,0,965,FENGSHEN,1925,2019,15,12,85,11,142.2,21.1,5
2019,table2019.csv,100,120,8,55,55,9,0,965,FENGSHEN,1925,2019,15,18,85,11,142.5,22.4,5
2019,table2019.csv,100,150,7,55,55,9,0,965,FENGSHEN,1925,2019,16,0,85,11,143.2,23.7,5
2019,table2019.csv,100,150,7,60,60,9,0,965,FENGSHEN,1925,2019,16,6,85,11,144.7,24.9,5
2019,table2019.csv,100,150,7,60,60,9,0,965,FENGSHEN,1925,2019,16,12,85,11,146.7,25.9,5
2019,table2019.csv,100,150,7,55,55,9,0,970,FENGSHEN,1925,2019,16,18,80,11,149.2,26.6,5
2019,table2019.csv,100,150,7,40,40,9,0,980,FENGSHEN,1925,2019,17,0,70,11,152.2,26.9,5
2019,table2019.csv,70,120,7,30,30,9,0,990,FENGSHEN,1925,2019,17,6,60,11,155.2,26.9,4
2019,table2019.csv,0,0,0,0,0,0,0,1004,FENGSHEN,1925,2019,17,12,0,11,156.7,26.2,6
2019,table2019.csv,0,0,0,0,0,0,0,1008,FENGSHEN,1925,2019,17,18,0,11,157.8,25.0,6
2019,table2019.csv,0,0,0,0,0,0,0,1014,FENGSHEN,1925,2019,18,0,0,11,158.5,24.0,6
2019,table2019.csv,0,0,0,0,0,0,0,1004,KALMAEGI,1926,2019,9,18,0,11,136.0,14.3,2
2019,table2019.csv,0,0,0,0,0,0,0,1004,KALMAEGI,1926,2019,10,0,0,11,135.7,14.1,2
2019,table2019.csv,0,0,0,0,0,0,0,1004,KALMAEGI,1926,2019,10,6,0,11,135.5,13.9,2
2019,table2019.csv,0,0,0,0,0,0,0,1004,KALMAEGI,1926,2019,10,12,0,11,135.2,13.7,2
2019,table2019.csv,0,0,0,0,0,0,0,1002,KALMAEGI,1926,2019,10,18,0,11,134.9,13.5,2
2019,table2019.csv,0,0,0,0,0,0,0,1004,KALMAEGI,1926,2019,11,0,0,11,134.5,13.4,2
2019,table2019.csv,0,0,0,0,0,0,0,1002,KALMAEGI,1926,2019,11,6,0,11,133.9,13.3,2
2019,table2019.csv,0,0,0,0,0,0,0,1004,KALMAEGI,1926,2019,11,12,0,11,133.3,12.6,2
2019,table2019.csv,0,0,0,0,0,0,0,1002,KALMAEGI,1926,2019,11,18,0,11,132.9,12.0,2
2019,table2019.csv,0,0,0,0,0,0,0,1004,KALMAEGI,1926,2019,12,0,0,11,132.6,11.6,2
2019,table2019.csv,0,0,0,0,0,0,0,1002,KALMAEGI,1926,2019,12,6,0,11,132.0,11.7,2
2019,table2019.csv,0,0,0,0,0,0,0,1004,KALMAEGI,1926,2019,12,12,0,11,131.1,12.0,2
2019,table2019.csv,0,0,0,0,0,0,0,1002,KALMAEGI,1926,2019,12,18,0,11,130.1,12.3,2
2019,table2019.csv,0,0,0,0,0,0,0,1002,KALMAEGI,1926,2019,13,0,0,11,129.2,12.6,2
2019,table2019.csv,0,0,0,0,0,0,0,1002,KALMAEGI,1926,2019,13,6,0,11,128.4,12.8,2
2019,table2019.csv,0,0,0,0,0,0,0,1002,KALMAEGI,1926,2019,13,12,0,11,128.5,13.0,2
2019,table2019.csv,0,0,0,0,0,0,0,1002,KALMAEGI,1926,2019,13,18,0,11,128.6,13.2,2
2019,table2019.csv,0,0,0,0,0,0,0,1002,KALMAEGI,1926,2019,14,0,0,11,128.7,14.6,2
2019,table2019.csv,0,0,0,0,0,0,0,1002,KALMAEGI,1926,2019,14,6,0,11,127.6,15.8,2
2019,table2019.csv,150,240,7,0,0,0,0,1000,KALMAEGI,1926,2019,14,12,35,11,127.6,16.4,3
2019,table2019.csv,150,240,7,0,0,0,0,1000,KALMAEGI,1926,2019,14,18,35,11,127.2,16.9,3
2019,table2019.csv,150,210,8,0,0,0,0,1000,KALMAEGI,1926,2019,15,0,35,11,126.6,17.3,3
2019,table2019.csv,150,210,8,0,0,0,0,1000,KALMAEGI,1926,2019,15,6,35,11,126.2,16.9,3
2019,table2019.csv,150,210,8,0,0,0,0,1000,KALMAEGI,1926,2019,15,12,35,11,126.3,16.8,3
2019,table2019.csv,150,210,8,0,0,0,0,1000,KALMAEGI,1926,2019,15,18,35,11,126.4,16.6,3
2019,table2019.csv,120,180,8,0,0,0,0,1000,KALMAEGI,1926,2019,16,0,35,11,126.7,16.2,3
2019,table2019.csv,120,180,8,0,0,0,0,1000,KALMAEGI,1926,2019,16,6,35,11,126.6,15.9,3
2019,table2019.csv,90,150,1,0,0,0,0,1000,KALMAEGI,1926,2019,16,12,35,11,126.3,16.2,3
2019,table2019.csv,90,150,1,0,0,0,0,1000,KALMAEGI,1926,2019,16,18,35,11,126.0,16.3,3
2019,table2019.csv,90,150,1,0,0,0,0,1000,KALMAEGI,1926,2019,17,0,35,11,125.5,16.5,3
2019,table2019.csv,90,150,1,0,0,0,0,998,KALMAEGI,1926,2019,17,6,40,11,124.9,16.7,3
2019,table2019.csv,90,150,1,0,0,0,0,996,KALMAEGI,1926,2019,17,12,45,11,124.0,17.0,3
2019,table2019.csv,90,150,1,0,0,0,0,996,KALMAEGI,1926,2019,17,18,45,11,123.6,17.3,3
2019,table2019.csv,90,150,1,0,0,0,0,992,KALMAEGI,1926,2019,18,0,50,11,123.3,17.6,4
2019,table2019.csv,90,120,1,50,50,9,0,985,KALMAEGI,1926,2019,18,6,60,11,123.1,18.1,4
2019,table2019.csv,90,120,1,50,50,9,0,980,KALMAEGI,1926,2019,18,12,65,11,122.9,18.8,5
2019,table2019.csv,90,90,9,40,40,9,0,975,KALMAEGI,1926,2019,18,18,70,11,122.7,19.1,5
2019,table2019.csv,90,90,9,40,40,9,0,975,KALMAEGI,1926,2019,19,0,70,11,122.6,19.2,5
2019,table2019.csv,90,90,9,40,40,9,0,975,KALMAEGI,1926,2019,19,6,70,11,122.6,19.5,5
2019,table2019.csv,90,90,9,40,40,9,0,975,KALMAEGI,1926,2019,19,12,70,11,122.3,19.4,5
2019,table2019.csv,90,90,9,0,0,0,0,1000,KALMAEGI,1926,2019,19,18,45,11,122.1,18.4,3
2019,table2019.csv,0,0,0,0,0,0,0,1006,KALMAEGI,1926,2019,20,0,0,11,121.7,17.4,2
2019,table2019.csv,0,0,0,0,0,0,0,1006,KALMAEGI,1926,2019,20,6,0,11,121.0,16.6,2
2019,table2019.csv,0,0,0,0,0,0,0,1006,KALMAEGI,1926,2019,20,12,0,11,120.0,15.8,2
2019,table2019.csv,0,0,0,0,0,0,0,1008,KALMAEGI,1926,2019,20,18,0,11,119.2,15.1,2
2019,table2019.csv,0,0,0,0,0,0,0,1008,KALMAEGI,1926,2019,21,0,0,11,118.4,14.6,2
2019,table2019.csv,0,0,0,0,0,0,0,1008,KALMAEGI,1926,2019,21,6,0,11,117.3,13.8,2
2019,table2019.csv,0,0,0,0,0,0,0,1010,KALMAEGI,1926,2019,21,12,0,11,116.2,13.0,2
2019,table2019.csv,0,0,0,0,0,0,0,1008,KALMAEGI,1926,2019,21,18,0,11,115.1,12.1,2
2019,table2019.csv,0,0,0,0,0,0,0,1010,KALMAEGI,1926,2019,22,0,0,11,114.0,11.4,2
2019,table2019.csv,0,0,0,0,0,0,0,1008,FUNG-WONG,1927,2019,17,12,0,11,143.6,10.6,2
2019,table2019.csv,0,0,0,0,0,0,0,1006,FUNG-WONG,1927,2019,17,18,0,11,142.0,11.0,2
2019,table2019.csv,0,0,0,0,0,0,0,1008,FUNG-WONG,1927,2019,18,0,0,11,140.5,11.5,2
2019,table2019.csv,0,0,0,0,0,0,0,1006,FUNG-WONG,1927,2019,18,6,0,11,138.8,12.0,2
2019,table2019.csv,0,0,0,0,0,0,0,1008,FUNG-WONG,1927,2019,18,12,0,11,137.0,12.3,2
2019,table2019.csv,0,0,0,0,0,0,0,1006,FUNG-WONG,1927,2019,18,18,0,11,134.9,12.4,2
2019,table2019.csv,0,0,0,0,0,0,0,1004,FUNG-WONG,1927,2019,19,0,0,11,132.9,13.1,2
2019,table2019.csv,0,0,0,0,0,0,0,1002,FUNG-WONG,1927,2019,19,6,0,11,131.1,14.0,2
2019,table2019.csv,0,0,0,0,0,0,0,1002,FUNG-WONG,1927,2019,19,12,0,11,130.0,14.7,2
2019,table2019.csv,0,0,0,0,0,0,0,1002,FUNG-WONG,1927,2019,19,18,0,11,128.8,15.3,2
2019,table2019.csv,120,120,9,0,0,0,0,1000,FUNG-WONG,1927,2019,20,0,35,11,128.2,16.1,3
2019,table2019.csv,120,120,9,0,0,0,0,998,FUNG-WONG,1927,2019,20,6,40,11,127.2,17.6,3
2019,table2019.csv,120,120,9,0,0,0,0,994,FUNG-WONG,1927,2019,20,12,45,11,126.0,19.0,3
2019,table2019.csv,150,150,9,0,0,0,0,992,FUNG-WONG,1927,2019,20,18,50,11,125.4,19.6,4
2019,table2019.csv,150,150,9,60,60,9,0,990,FUNG-WONG,1927,2019,21,0,55,11,125.0,20.2,4
2019,table2019.csv,150,180,1,40,40,9,0,990,FUNG-WONG,1927,2019,21,6,55,11,124.4,20.5,4
2019,table2019.csv,150,180,1,0,0,0,0,994,FUNG-WONG,1927,2019,21,12,50,11,124.3,21.3,4
2019,table2019.csv,150,150,9,0,0,0,0,994,FUNG-WONG,1927,2019,21,18,50,11,124.4,22.2,4
2019,table2019.csv,120,120,9,0,0,0,0,996,FUNG-WONG,1927,2019,22,0,45,11,125.0,22.9,3
2019,table2019.csv,60,60,9,0,0,0,0,1002,FUNG-WONG,1927,2019,22,6,35,11,125.4,23.7,3
2019,table2019.csv,0,0,0,0,0,0,0,1010,FUNG-WONG,1927,2019,22,12,0,11,125.3,24.6,2
2019,table2019.csv,0,0,0,0,0,0,0,1010,FUNG-WONG,1927,2019,22,18,0,11,125.3,25.1,2
2019,table2019.csv,0,0,0,0,0,0,0,1012,FUNG-WONG,1927,2019,23,0,0,11,125.5,25.2,2
2019,table2019.csv,0,0,0,0,0,0,0,1012,FUNG-WONG,1927,2019,23,6,0,11,125.6,25.3,2
2019,table2019.csv,0,0,0,0,0,0,0,1014,FUNG-WONG,1927,2019,23,12,0,11,125.9,26.0,2
2019,table2019.csv,0,0,0,0,0,0,0,1014,FUNG-WONG,1927,2019,23,18,0,11,125.6,28.4,6
2019,table2019.csv,0,0,0,0,0,0,0,1014,FUNG-WONG,1927,2019,24,0,0,11,126.2,30.0,6
2019,table2019.csv,0,0,0,0,0,0,0,1012,FUNG-WONG,1927,2019,24,6,0,11,127.7,30.2,6
2019,table2019.csv,0,0,0,0,0,0,0,1016,FUNG-WONG,1927,2019,24,12,0,11,131.6,31.1,6
2019,table2019.csv,0,0,0,0,0,0,0,1014,FUNG-WONG,1927,2019,24,18,0,11,134.1,31.7,6
2019,table2019.csv,0,0,0,0,0,0,0,1014,FUNG-WONG,1927,2019,25,0,0,11,136.7,32.8,6
2019,table2019.csv,0,0,0,0,0,0,0,1004,KAMMURI,1928,2019,24,12,0,11,159.7,8.6,2
2019,table2019.csv,0,0,0,0,0,0,0,1004,KAMMURI,1928,2019,24,18,0,11,158.6,8.7,2
2019,table2019.csv,0,0,0,0,0,0,0,1004,KAMMURI,1928,2019,25,0,0,11,157.0,8.8,2
2019,table2019.csv,0,0,0,0,0,0,0,1002,KAMMURI,1928,2019,25,6,0,11,155.2,9.2,2
2019,table2019.csv,0,0,0,0,0,0,0,1004,KAMMURI,1928,2019,25,12,0,11,153.6,9.9,2
2019,table2019.csv,0,0,0,0,0,0,0,1002,KAMMURI,1928,2019,25,18,0,11,151.3,10.2,2
2019,table2019.csv,180,300,8,0,0,0,0,1000,KAMMURI,1928,2019,26,0,35,11,149.2,10.7,3
2019,table2019.csv,180,300,8,0,0,0,0,998,KAMMURI,1928,2019,26,6,40,11,147.4,10.9,3
2019,table2019.csv,180,300,8,0,0,0,0,998,KAMMURI,1928,2019,26,12,40,11,145.3,11.3,3
2019,table2019.csv,180,300,8,0,0,0,0,994,KAMMURI,1928,2019,26,18,45,11,143.4,11.3,3
2019,table2019.csv,180,300,8,0,0,0,0,992,KAMMURI,1928,2019,27,0,50,11,142.1,11.3,4
2019,table2019.csv,180,300,8,0,0,0,0,992,KAMMURI,1928,2019,27,6,50,11,141.0,11.4,4
2019,table2019.csv,180,300,8,40,40,9,0,990,KAMMURI,1928,2019,27,12,55,11,140.0,11.4,4
2019,table2019.csv,150,300,8,40,40,9,0,985,KAMMURI,1928,2019,27,18,60,11,139.2,11.5,4
2019,table2019.csv,150,300,8,40,40,9,0,980,KAMMURI,1928,2019,28,0,65,11,138.8,11.9,5
2019,table2019.csv,150,300,8,50,50,9,0,980,KAMMURI,1928,2019,28,6,65,11,138.7,12.7,5
2019,table2019.csv,150,300,8,50,50,9,0,980,KAMMURI,1928,2019,28,12,65,11,138.7,13.4,5
2019,table2019.csv,270,270,9,50,50,9,0,975,KAMMURI,1928,2019,28,18,70,11,138.6,14.2,5
2019,table2019.csv,270,270,9,60,60,9,0,975,KAMMURI,1928,2019,29,0,70,11,138.0,14.1,5
2019,table2019.csv,210,270,7,60,60,9,0,975,KAMMURI,1928,2019,29,6,70,11,137.3,14.0,5
2019,table2019.csv,210,270,7,60,60,9,0,975,KAMMURI,1928,2019,29,12,70,11,136.7,13.9,5
2019,table2019.csv,180,270,7,60,60,9,0,975,KAMMURI,1928,2019,29,18,70,11,136.1,13.8,5
2019,table2019.csv,180,270,7,60,60,9,0,975,KAMMURI,1928,2019,30,0,70,11,135.5,13.6,5
2019,table2019.csv,150,270,7,60,60,9,0,970,KAMMURI,1928,2019,30,6,75,11,134.6,13.4,5
2019,table2019.csv,150,270,7,60,60,9,0,970,KAMMURI,1928,2019,30,12,75,11,133.3,13.2,5
2019,table2019.csv,150,270,7,60,60,9,0,970,KAMMURI,1928,2019,30,18,75,11,131.8,13.1,5
2019,table2019.csv,150,270,7,60,60,9,0,970,KAMMURI,1928,2019,1,0,75,12,131.0,13.1,5
2019,table2019.csv,150,270,7,60,60,9,0,970,KAMMURI,1928,2019,1,6,75,12,130.2,13.1,5
2019,table2019.csv,150,270,7,60,60,9,0,970,KAMMURI,1928,2019,1,12,75,12,129.2,13.1,5
2019,table2019.csv,150,270,7,60,60,9,0,970,KAMMURI,1928,2019,1,18,75,12,127.6,13.2,5
2019,table2019.csv,150,270,7,70,70,9,0,960,KAMMURI,1928,2019,2,0,80,12,126.6,12.9,5
2019,table2019.csv,180,270,7,80,80,9,0,955,KAMMURI,1928,2019,2,6,85,12,125.6,13.0,5
2019,table2019.csv,180,270,7,80,80,9,0,950,KAMMURI,1928,2019,2,12,90,12,124.7,12.9,5
2019,table2019.csv,150,240,7,80,80,9,0,950,KAMMURI,1928,2019,2,18,90,12,123.5,13.2,5
2019,table2019.csv,150,240,7,70,70,9,0,960,KAMMURI,1928,2019,3,0,80,12,122.2,13.2,5
2019,table2019.csv,150,240,7,60,60,9,0,975,KAMMURI,1928,2019,3,6,70,12,120.8,13.3,5
2019,table2019.csv,150,240,7,50,50,9,0,980,KAMMURI,1928,2019,3,12,65,12,119.7,13.4,5
2019,table2019.csv,120,240,7,40,40,9,0,985,KAMMURI,1928,2019,3,18,60,12,118.6,13.7,4
2019,table2019.csv,120,240,7,0,0,0,0,992,KAMMURI,1928,2019,4,0,50,12,117.6,14.0,4
2019,table2019.csv,120,240,7,0,0,0,0,992,KAMMURI,1928,2019,4,6,50,12,116.8,14.2,4
2019,table2019.csv,120,240,7,0,0,0,0,994,KAMMURI,1928,2019,4,12,45,12,116.1,14.2,3
2019,table2019.csv,90,150,7,0,0,0,0,1000,KAMMURI,1928,2019,4,18,35,12,115.2,14.3,3
2019,table2019.csv,90,150,7,0,0,0,0,1002,KAMMURI,1928,2019,5,0,35,12,114.3,14.3,3
2019,table2019.csv,90,150,7,0,0,0,0,1002,KAMMURI,1928,2019,5,6,35,12,113.7,13.8,3
2019,table2019.csv,90,150,7,0,0,0,0,1004,KAMMURI,1928,2019,5,12,35,12,113.3,13.1,3
2019,table2019.csv,0,0,0,0,0,0,0,1008,KAMMURI,1928,2019,5,18,0,12,112.9,12.4,2
2019,table2019.csv,0,0,0,0,0,0,0,1008,KAMMURI,1928,2019,6,0,0,12,112.9,11.4,2
2019,table2019.csv,0,0,0,0,0,0,0,1006,PHANFONE,1929,2019,19,12,0,12,151.4,4.7,2
2019,table2019.csv,0,0,0,0,0,0,0,1004,PHANFONE,1929,2019,19,18,0,12,150.0,4.6,2
2019,table2019.csv,0,0,0,0,0,0,0,1006,PHANFONE,1929,2019,20,0,0,12,148.8,4.6,2
2019,table2019.csv,0,0,0,0,0,0,0,1004,PHANFONE,1929,2019,20,6,0,12,147.6,4.6,2
2019,table2019.csv,0,0,0,0,0,0,0,1004,PHANFONE,1929,2019,20,12,0,12,146.3,4.6,2
2019,table2019.csv,0,0,0,0,0,0,0,1004,PHANFONE,1929,2019,20,18,0,12,145.1,4.6,2
2019,table2019.csv,0,0,0,0,0,0,0,1004,PHANFONE,1929,2019,21,0,0,12,143.7,4.8,2
2019,table2019.csv,0,0,0,0,0,0,0,1004,PHANFONE,1929,2019,21,6,0,12,142.5,5.2,2
2019,table2019.csv,0,0,0,0,0,0,0,1004,PHANFONE,1929,2019,21,12,0,12,141.5,5.6,2
2019,table2019.csv,0,0,0,0,0,0,0,1004,PHANFONE,1929,2019,21,18,0,12,140.7,6.0,2
2019,table2019.csv,0,0,0,0,0,0,0,1004,PHANFONE,1929,2019,22,0,0,12,139.7,6.5,2
2019,table2019.csv,0,0,0,0,0,0,0,1002,PHANFONE,1929,2019,22,6,0,12,138.4,7.4,2
2019,table2019.csv,90,120,8,0,0,0,0,1002,PHANFONE,1929,2019,22,12,35,12,136.9,8.7,3
2019,table2019.csv,90,120,8,0,0,0,0,1002,PHANFONE,1929,2019,22,18,35,12,135.0,9.6,3
2019,table2019.csv,90,120,1,0,0,0,0,1000,PHANFONE,1929,2019,23,0,40,12,133.4,10.0,3
2019,table2019.csv,90,120,1,0,0,0,0,998,PHANFONE,1929,2019,23,6,45,12,132.1,10.2,3
2019,table2019.csv,90,120,8,0,0,0,0,996,PHANFONE,1929,2019,23,12,50,12,130.7,10.4,4
2019,table2019.csv,90,120,8,30,30,9,0,992,PHANFONE,1929,2019,23,18,55,12,129.1,10.5,4
2019,table2019.csv,90,120,8,30,30,9,0,985,PHANFONE,1929,2019,24,0,65,12,127.8,10.6,5
2019,table2019.csv,90,120,8,40,40,9,0,980,PHANFONE,1929,2019,24,6,70,12,126.4,10.9,5
2019,table2019.csv,90,120,8,40,40,9,0,975,PHANFONE,1929,2019,24,12,75,12,124.9,11.4,5
2019,table2019.csv,90,120,8,40,40,9,0,970,PHANFONE,1929,2019,24,18,80,12,123.4,11.8,5
2019,table2019.csv,90,120,8,40,40,9,0,975,PHANFONE,1929,2019,25,0,75,12,122.4,11.9,5
2019,table2019.csv,90,120,8,40,40,9,0,980,PHANFONE,1929,2019,25,6,70,12,121.3,12.1,5
2019,table2019.csv,90,120,8,40,40,9,0,985,PHANFONE,1929,2019,25,12,65,12,120.1,12.5,5
2019,table2019.csv,90,120,8,30,30,9,0,992,PHANFONE,1929,2019,25,18,55,12,119.3,12.8,4
2019,table2019.csv,90,120,8,30,30,9,0,985,PHANFONE,1929,2019,26,0,65,12,118.6,13.1,5
2019,table2019.csv,90,120,8,30,30,9,0,975,PHANFONE,1929,2019,26,6,75,12,118.0,13.4,5
2019,table2019.csv,90,120,8,30,30,9,0,985,PHANFONE,1929,2019,26,12,65,12,117.7,13.9,5
2019,table2019.csv,90,90,9,30,30,9,0,990,PHANFONE,1929,2019,26,18,60,12,117.2,14.3,4
2019,table2019.csv,90,90,9,30,30,9,0,992,PHANFONE,1929,2019,27,0,55,12,116.9,14.5,4
2019,table2019.csv,90,90,9,0,0,0,0,996,PHANFONE,1929,2019,27,6,50,12,116.5,14.7,4
2019,table2019.csv,90,90,9,0,0,0,0,998,PHANFONE,1929,2019,27,12,45,12,116.0,14.6,3
2019,table2019.csv,60,90,8,0,0,0,0,1002,PHANFONE,1929,2019,27,18,35,12,115.7,14.5,3
2019,table2019.csv,0,0,0,0,0,0,0,1006,PHANFONE,1929,2019,28,0,0,12,115.2,14.4,2
2019,table2019.csv,0,0,0,0,0,0,0,1008,PHANFONE,1929,2019,28,6,0,12,114.0,14.4,2
2019,table2019.csv,0,0,0,0,0,0,0,1010,PHANFONE,1929,2019,28,12,0,12,113.0,14.4,2
2019,table2019.csv,0,0,0,0,0,0,0,1012,PHANFONE,1929,2019,28,18,0,12,112.2,14.4,2
2019,table2019.csv,0,0,0,0,0,0,0,1012,PHANFONE,1929,2019,29,0,0,12,111.7,14.3,2
2020,table2020.csv,0,0,0,0,0,0,0,1006,VONGFONG,2001,2020,8,6,0,5,134.0,6.8,2
2020,table2020.csv,0,0,0,0,0,0,0,1008,VONGFONG,2001,2020,8,12,0,5,133.4,6.4,2
2020,table2020.csv,0,0,0,0,0,0,0,1006,VONGFONG,2001,2020,8,18,0,5,132.9,6.3,2
2020,table2020.csv,0,0,0,0,0,0,0,1008,VONGFONG,2001,2020,9,0,0,5,132.7,6.5,2
2020,table2020.csv,0,0,0,0,0,0,0,1006,VONGFONG,2001,2020,9,6,0,5,132.5,6.7,2
2020,table2020.csv,0,0,0,0,0,0,0,1008,VONGFONG,2001,2020,9,12,0,5,132.2,7.0,2
2020,table2020.csv,0,0,0,0,0,0,0,1006,VONGFONG,2001,2020,9,18,0,5,132.0,7.2,2
2020,table2020.csv,0,0,0,0,0,0,0,1006,VONGFONG,2001,2020,10,0,0,5,131.4,7.6,2
2020,table2020.csv,0,0,0,0,0,0,0,1004,VONGFONG,2001,2020,10,6,0,5,130.9,7.9,2
2020,table2020.csv,0,0,0,0,0,0,0,1006,VONGFONG,2001,2020,10,12,0,5,130.3,8.2,2
2020,table2020.csv,0,0,0,0,0,0,0,1004,VONGFONG,2001,2020,10,18,0,5,129.7,8.3,2
2020,table2020.csv,0,0,0,0,0,0,0,1006,VONGFONG,2001,2020,11,0,0,5,129.2,8.3,2
2020,table2020.csv,0,0,0,0,0,0,0,1004,VONGFONG,2001,2020,11,6,0,5,129.0,8.7,2
2020,table2020.csv,0,0,0,0,0,0,0,1006,VONGFONG,2001,2020,11,12,0,5,129.1,9.1,2
2020,table2020.csv,0,0,0,0,0,0,0,1004,VONGFONG,2001,2020,11,18,0,5,129.2,9.6,2
2020,table2020.csv,0,0,0,0,0,0,0,1006,VONGFONG,2001,2020,12,0,0,5,129.4,10.2,2
2020,table2020.csv,0,0,0,0,0,0,0,1004,VONGFONG,2001,2020,12,6,0,5,129.5,10.7,2
2020,table2020.csv,60,90,1,0,0,0,0,1000,VONGFONG,2001,2020,12,12,35,5,129.5,11.3,3
2020,table2020.csv,60,90,1,0,0,0,0,998,VONGFONG,2001,2020,12,18,40,5,129.2,11.6,3
2020,table2020.csv,60,90,1,0,0,0,0,992,VONGFONG,2001,2020,13,0,50,5,128.9,11.8,4
2020,table2020.csv,60,90,1,20,20,9,0,985,VONGFONG,2001,2020,13,6,60,5,128.4,12.0,4
2020,table2020.csv,60,90,1,25,25,9,0,975,VONGFONG,2001,2020,13,12,70,5,127.8,12.2,5
2020,table2020.csv,60,90,1,30,30,9,0,965,VONGFONG,2001,2020,13,18,80,5,127.0,12.2,5
2020,table2020.csv,60,90,1,30,30,9,0,960,VONGFONG,2001,2020,14,0,85,5,126.2,12.1,5
2020,table2020.csv,60,90,1,30,30,9,0,960,VONGFONG,2001,2020,14,6,85,5,125.3,12.2,5
2020,table2020.csv,60,90,1,25,25,9,0,975,VONGFONG,2001,2020,14,12,70,5,124.4,12.3,5
2020,table2020.csv,60,90,1,25,25,9,0,980,VONGFONG,2001,2020,14,18,65,5,123.6,12.7,5
2020,table2020.csv,60,90,1,25,25,9,0,980,VONGFONG,2001,2020,15,0,65,5,122.7,13.3,5
2020,table2020.csv,60,90,1,0,0,0,0,992,VONGFONG,2001,2020,15,6,50,5,121.9,14.0,4
2020,table2020.csv,60,90,1,0,0,0,0,994,VONGFONG,2001,2020,15,12,45,5,121.3,14.9,3
2020,table2020.csv,60,90,1,0,0,0,0,1000,VONGFONG,2001,2020,15,18,35,5,120.6,16.2,3
2020,table2020.csv,60,90,1,0,0,0,0,1000,VONGFONG,2001,2020,16,0,35,5,120.0,17.3,3
2020,table2020.csv,60,90,1,0,0,0,0,1000,VONGFONG,2001,2020,16,6,35,5,119.6,18.1,3
2020,table2020.csv,0,0,0,0,0,0,0,1002,VONGFONG,2001,2020,16,12,0,5,119.5,18.9,2
2020,table2020.csv,0,0,0,0,0,0,0,1004,VONGFONG,2001,2020,16,18,0,5,119.5,19.7,2
2020,table2020.csv,0,0,0,0,0,0,0,1004,VONGFONG,2001,2020,17,0,0,5,120.0,20.6,2
2020,table2020.csv,0,0,0,0,0,0,0,1004,VONGFONG,2001,2020,17,6,0,5,121.1,21.3,2
2020,table2020.csv,0,0,0,0,0,0,0,1004,VONGFONG,2001,2020,17,12,0,5,122.1,21.6,2
2020,table2020.csv,0,0,0,0,0,0,0,1002,VONGFONG,2001,2020,17,18,0,5,123.1,22.0,2
2020,table2020.csv,0,0,0,0,0,0,0,1004,VONGFONG,2001,2020,18,0,0,5,124.3,22.6,2
2020,table2020.csv,0,0,0,0,0,0,0,1002,VONGFONG,2001,2020,18,6,0,5,127.0,24.4,2
2020,table2020.csv,0,0,0,0,0,0,0,1008,NURI,2002,2020,10,0,0,6,126.4,11.3,2
2020,table2020.csv,0,0,0,0,0,0,0,1006,NURI,2002,2020,10,6,0,6,125.9,12.1,2
2020,table2020.csv,0,0,0,0,0,0,0,1006,NURI,2002,2020,10,12,0,6,125.4,12.9,2
2020,table2020.csv,0,0,0,0,0,0,0,1006,NURI,2002,2020,10,18,0,6,124.7,13.7,2
2020,table2020.csv,0,0,0,0,0,0,0,1006,NURI,2002,2020,11,0,0,6,123.9,14.3,2
2020,table2020.csv,0,0,0,0,0,0,0,1004,NURI,2002,2020,11,6,0,6,122.9,14.7,2
2020,table2020.csv,0,0,0,0,0,0,0,1004,NURI,2002,2020,11,12,0,6,121.8,15.1,2
2020,table2020.csv,0,0,0,0,0,0,0,1002,NURI,2002,2020,11,18,0,6,120.5,15.8,2
2020,table2020.csv,0,0,0,0,0,0,0,1002,NURI,2002,2020,12,0,0,6,119.4,16.1,2
2020,table2020.csv,0,0,0,0,0,0,0,1000,NURI,2002,2020,12,6,0,6,118.3,16.4,2
2020,table2020.csv,120,120,9,0,0,0,0,998,NURI,2002,2020,12,12,35,6,117.6,16.8,3
2020,table2020.csv,120,150,3,0,0,0,0,998,NURI,2002,2020,12,18,35,6,116.7,17.5,3
2020,table2020.csv,120,150,3,0,0,0,0,996,NURI,2002,2020,13,0,40,6,115.6,18.4,3
2020,table2020.csv,120,150,2,0,0,0,0,996,NURI,2002,2020,13,6,40,6,115.0,19.4,3
2020,table2020.csv,120,150,2,0,0,0,0,998,NURI,2002,2020,13,12,35,6,114.0,20.1,3
2020,table2020.csv,90,120,2,0,0,0,0,998,NURI,2002,2020,13,18,35,6,113.0,20.8,3
2020,table2020.csv,0,0,0,0,0,0,0,1002,NURI,2002,2020,14,0,0,6,112.1,21.6,2
2020,table2020.csv,0,0,0,0,0,0,0,1004,NURI,2002,2020,14,6,0,6,111.0,22.6,2
2020,table2020.csv,0,0,0,0,0,0,0,998,SINLAKU,2003,2020,31,0,0,7,114.0,16.6,2
2020,table2020.csv,0,0,0,0,0,0,0,998,SINLAKU,2003,2020,31,6,0,7,113.1,17.0,2
2020,table2020.csv,0,0,0,0,0,0,0,996,SINLAKU,2003,2020,31,12,0,7,111.8,17.5,2
2020,table2020.csv,0,0,0,0,0,0,0,996,SINLAKU,2003,2020,31,18,0,7,111.1,17.7,2
2020,table2020.csv,200,600,3,0,0,0,0,994,SINLAKU,2003,2020,1,0,35,8,110.7,17.8,3
2020,table2020.csv,200,600,3,0,0,0,0,994,SINLAKU,2003,2020,1,6,35,8,108.6,18.5,3
2020,table2020.csv,200,600,3,0,0,0,0,992,SINLAKU,2003,2020,1,12,35,8,107.6,18.9,3
2020,table2020.csv,200,600,3,0,0,0,0,992,SINLAKU,2003,2020,1,18,35,8,106.9,19.0,3
2020,table2020.csv,200,600,4,0,0,0,0,990,SINLAKU,2003,2020,2,0,35,8,106.5,19.2,3
2020,table2020.csv,200,700,4,0,0,0,0,985,SINLAKU,2003,2020,2,6,40,8,106.2,19.4,3
2020,table2020.csv,200,700,3,0,0,0,0,992,SINLAKU,2003,2020,2,12,35,8,104.7,19.2,3
2020,table2020.csv,0,0,0,0,0,0,0,994,SINLAKU,2003,2020,2,18,0,8,103.4,19.2,2
2020,table2020.csv,0,0,0,0,0,0,0,996,SINLAKU,2003,2020,3,0,0,8,102.2,20.2,2
2020,table2020.csv,0,0,0,0,0,0,0,1006,HAGUPIT,2004,2020,30,18,0,7,131.2,15.2,2
2020,table2020.csv,0,0,0,0,0,0,0,1008,HAGUPIT,2004,2020,31,0,0,7,130.8,16.2,2
2020,table2020.csv,0,0,0,0,0,0,0,1006,HAGUPIT,2004,2020,31,6,0,7,130.2,17.2,2
2020,table2020.csv,0,0,0,0,0,0,0,1008,HAGUPIT,2004,2020,31,12,0,7,129.7,17.7,2
2020,table2020.csv,0,0,0,0,0,0,0,1008,HAGUPIT,2004,2020,31,18,0,7,129.4,18.9,2
2020,table2020.csv,0,0,0,0,0,0,0,1004,HAGUPIT,2004,2020,1,0,0,8,128.8,20.2,2
2020,table2020.csv,90,120,1,0,0,0,0,1002,HAGUPIT,2004,2020,1,6,35,8,127.7,20.8,3
2020,table2020.csv,90,120,1,0,0,0,0,1002,HAGUPIT,2004,2020,1,12,35,8,127.1,21.3,3
2020,table2020.csv,90,120,1,0,0,0,0,1002,HAGUPIT,2004,2020,1,18,35,8,126.0,22.0,3
2020,table2020.csv,90,150,2,0,0,0,0,1000,HAGUPIT,2004,2020,2,0,35,8,125.1,22.5,3
2020,table2020.csv,90,150,2,0,0,0,0,998,HAGUPIT,2004,2020,2,6,40,8,124.4,23.0,3
2020,table2020.csv,90,150,2,0,0,0,0,998,HAGUPIT,2004,2020,2,9,40,8,124.4,23.3,3
2020,table2020.csv,90,150,2,0,0,0,0,996,HAGUPIT,2004,2020,2,12,45,8,124.2,23.6,3
2020,table2020.csv,90,180,2,0,0,0,0,992,HAGUPIT,2004,2020,2,15,50,8,124.0,23.9,4
2020,table2020.csv,90,180,2,30,60,2,0,990,HAGUPIT,2004,2020,2,18,55,8,123.9,24.3,4
2020,table2020.csv,90,180,2,30,60,2,0,985,HAGUPIT,2004,2020,2,21,60,8,123.7,24.5,4
2020,table2020.csv,90,210,2,30,60,2,0,985,HAGUPIT,2004,2020,3,0,60,8,123.5,25.0,4
2020,table2020.csv,90,210,2,30,60,2,0,985,HAGUPIT,2004,2020,3,3,60,8,122.8,25.3,4
2020,table2020.csv,90,210,3,40,60,2,0,980,HAGUPIT,2004,2020,3,6,65,8,122.6,26.2,5
2020,table2020.csv,90,210,3,60,60,9,0,975,HAGUPIT,2004,2020,3,12,70,8,121.8,26.8,5
2020,table2020.csv,90,210,3,50,50,9,0,975,HAGUPIT,2004,2020,3,18,70,8,121.2,27.7,5
2020,table2020.csv,90,180,3,30,30,9,0,985,HAGUPIT,2004,2020,4,0,55,8,120.7,28.6,4
2020,table2020.csv,90,150,3,0,0,0,0,992,HAGUPIT,2004,2020,4,6,45,8,120.4,29.7,3
2020,table2020.csv,90,150,2,0,0,0,0,998,HAGUPIT,2004,2020,4,12,40,8,120.2,30.7,3
2020,table2020.csv,90,150,2,0,0,0,0,1000,HAGUPIT,2004,2020,4,18,35,8,120.6,32.4,3
2020,table2020.csv,90,150,2,0,0,0,0,1000,HAGUPIT,2004,2020,5,0,35,8,120.8,33.9,3
2020,table2020.csv,90,150,2,0,0,0,0,1000,HAGUPIT,2004,2020,5,6,35,8,121.3,35.0,3
2020,table2020.csv,0,0,0,0,0,0,0,1002,HAGUPIT,2004,2020,5,12,0,8,122.7,36.6,6
2020,table2020.csv,0,0,0,0,0,0,0,1002,HAGUPIT,2004,2020,5,18,0,8,125.4,38.1,6
2020,table2020.csv,0,0,0,0,0,0,0,1000,HAGUPIT,2004,2020,6,0,0,8,128.0,39.0,6
2020,table2020.csv,0,0,0,0,0,0,0,992,HAGUPIT,2004,2020,6,6,0,8,132.1,41.0,6
2020,table2020.csv,0,0,0,0,0,0,0,988,HAGUPIT,2004,2020,6,12,0,8,134.9,42.0,6
2020,table2020.csv,0,0,0,0,0,0,0,984,HAGUPIT,2004,2020,6,18,0,8,136.7,43.0,6
2020,table2020.csv,0,0,0,0,0,0,0,984,HAGUPIT,2004,2020,7,0,0,8,139.9,44.2,6
2020,table2020.csv,0,0,0,0,0,0,0,988,HAGUPIT,2004,2020,7,6,0,8,143.0,45.5,6
2020,table2020.csv,0,0,0,0,0,0,0,986,HAGUPIT,2004,2020,7,12,0,8,145.9,47.2,6
2020,table2020.csv,0,0,0,0,0,0,0,988,HAGUPIT,2004,2020,7,18,0,8,147.8,47.8,6
2020,table2020.csv,0,0,0,0,0,0,0,986,HAGUPIT,2004,2020,8,0,0,8,150.6,48.5,6
2020,table2020.csv,0,0,0,0,0,0,0,984,HAGUPIT,2004,2020,8,6,0,8,154.0,49.3,6
2020,table2020.csv,0,0,0,0,0,0,0,986,HAGUPIT,2004,2020,8,12,0,8,155.6,51.0,6
2020,table2020.csv,0,0,0,0,0,0,0,986,HAGUPIT,2004,2020,8,18,0,8,158.2,51.0,6
2020,table2020.csv,0,0,0,0,0,0,0,988,HAGUPIT,2004,2020,9,0,0,8,160.7,50.8,6
2020,table2020.csv,0,0,0,0,0,0,0,988,HAGUPIT,2004,2020,9,6,0,8,162.4,50.9,6
2020,table2020.csv,0,0,0,0,0,0,0,992,HAGUPIT,2004,2020,9,12,0,8,164.5,50.8,6
2020,table2020.csv,0,0,0,0,0,0,0,994,HAGUPIT,2004,2020,9,18,0,8,167.0,50.7,6
2020,table2020.csv,0,0,0,0,0,0,0,994,HAGUPIT,2004,2020,10,0,0,8,169.3,50.8,6
2020,table2020.csv,0,0,0,0,0,0,0,996,HAGUPIT,2004,2020,10,6,0,8,171.0,50.8,6
2020,table2020.csv,0,0,0,0,0,0,0,996,HAGUPIT,2004,2020,10,12,0,8,172.6,51.0,6
2020,table2020.csv,0,0,0,0,0,0,0,996,HAGUPIT,2004,2020,10,18,0,8,174.2,51.3,6
2020,table2020.csv,0,0,0,0,0,0,0,996,HAGUPIT,2004,2020,11,0,0,8,175.7,51.6,6
2020,table2020.csv,0,0,0,0,0,0,0,998,HAGUPIT,2004,2020,11,6,0,8,177.0,52.0,6
2020,table2020.csv,0,0,0,0,0,0,0,1000,HAGUPIT,2004,2020,11,12,0,8,178.2,52.2,6
2020,table2020.csv,0,0,0,0,0,0,0,1000,HAGUPIT,2004,2020,11,18,0,8,179.3,52.4,6
2020,table2020.csv,0,0,0,0,0,0,0,1000,HAGUPIT,2004,2020,12,0,0,8,179.8,52.4,6
2020,table2020.csv,0,0,0,0,0,0,0,1002,HAGUPIT,2004,2020,12,6,0,8,180.7,52.3,6
2020,table2020.csv,0,0,0,0,0,0,0,1006,JANGMI,2005,2020,6,18,0,8,127.5,14.2,2
2020,table2020.csv,0,0,0,0,0,0,0,1006,JANGMI,2005,2020,7,0,0,8,127.3,14.7,2
2020,table2020.csv,0,0,0,0,0,0,0,1006,JANGMI,2005,2020,7,6,0,8,127.2,15.2,2
2020,table2020.csv,0,0,0,0,0,0,0,1004,JANGMI,2005,2020,7,12,0,8,127.0,15.7,2
2020,table2020.csv,0,0,0,0,0,0,0,1002,JANGMI,2005,2020,7,18,0,8,127.0,16.3,2
2020,table2020.csv,0,0,0,0,0,0,0,1002,JANGMI,2005,2020,8,0,0,8,126.9,17.0,2
2020,table2020.csv,0,0,0,0,0,0,0,1000,JANGMI,2005,2020,8,6,0,8,126.6,18.1,2
2020,table2020.csv,0,0,0,0,0,0,0,1002,JANGMI,2005,2020,8,12,0,8,126.4,19.4,2
2020,table2020.csv,120,270,4,0,0,0,0,998,JANGMI,2005,2020,8,18,35,8,126.4,20.8,3
2020,table2020.csv,120,270,3,0,0,0,0,996,JANGMI,2005,2020,9,0,40,8,126.4,23.0,3
2020,table2020.csv,120,270,3,0,0,0,0,996,JANGMI,2005,2020,9,6,40,8,126.2,25.3,3
2020,table2020.csv,120,250,3,0,0,0,0,994,JANGMI,2005,2020,9,12,45,8,126.3,27.8,3
2020,table2020.csv,120,250,3,0,0,0,0,994,JANGMI,2005,2020,9,18,45,8,126.8,29.5,3
2020,table2020.csv,120,250,3,0,0,0,0,994,JANGMI,2005,2020,9,21,45,8,127.3,30.8,3
2020,table2020.csv,120,250,3,0,0,0,0,996,JANGMI,2005,2020,10,0,40,8,127.7,32.1,3
2020,table2020.csv,120,250,2,0,0,0,0,996,JANGMI,2005,2020,10,3,40,8,128.1,33.3,3
2020,table2020.csv,120,250,2,0,0,0,0,996,JANGMI,2005,2020,10,6,40,8,128.5,34.6,3
2020,table2020.csv,90,180,2,0,0,0,0,998,JANGMI,2005,2020,10,9,35,8,129.2,35.8,3
2020,table2020.csv,90,180,2,0,0,0,0,998,JANGMI,2005,2020,10,12,35,8,130.0,37.2,3
2020,table2020.csv,90,180,3,0,0,0,0,998,JANGMI,2005,2020,10,18,35,8,132.2,40.0,3
2020,table2020.csv,90,180,3,0,0,0,0,998,JANGMI,2005,2020,11,0,35,8,135.9,43.0,3
2020,table2020.csv,0,0,0,0,0,0,0,998,JANGMI,2005,2020,11,6,0,8,139.5,44.3,6
2020,table2020.csv,0,0,0,0,0,0,0,996,JANGMI,2005,2020,11,12,0,8,143.4,45.9,6
2020,table2020.csv,0,0,0,0,0,0,0,996,JANGMI,2005,2020,11,18,0,8,147.6,47.0,6
2020,table2020.csv,0,0,0,0,0,0,0,994,JANGMI,2005,2020,12,0,0,8,151.5,47.8,6
2020,table2020.csv,0,0,0,0,0,0,0,992,JANGMI,2005,2020,12,6,0,8,153.6,48.3,6
2020,table2020.csv,0,0,0,0,0,0,0,992,JANGMI,2005,2020,12,12,0,8,155.3,48.8,6
2020,table2020.csv,0,0,0,0,0,0,0,990,JANGMI,2005,2020,12,18,0,8,157.6,49.0,6
2020,table2020.csv,0,0,0,0,0,0,0,990,JANGMI,2005,2020,13,0,0,8,158.7,49.4,6
2020,table2020.csv,0,0,0,0,0,0,0,990,JANGMI,2005,2020,13,6,0,8,159.6,49.5,6
2020,table2020.csv,0,0,0,0,0,0,0,990,JANGMI,2005,2020,13,12,0,8,160.1,49.4,6
2020,table2020.csv,0,0,0,0,0,0,0,992,JANGMI,2005,2020,13,18,0,8,161.1,49.4,6
2020,table2020.csv,0,0,0,0,0,0,0,992,JANGMI,2005,2020,14,0,0,8,162.1,49.3,6
2020,table2020.csv,0,0,0,0,0,0,0,996,JANGMI,2005,2020,14,6,0,8,162.1,49.7,6
2020,table2020.csv,0,0,0,0,0,0,0,998,JANGMI,2005,2020,14,12,0,8,162.5,49.3,6
2020,table2020.csv,0,0,0,0,0,0,0,998,JANGMI,2005,2020,14,18,0,8,162.7,49.1,6
2020,table2020.csv,0,0,0,0,0,0,0,1002,MEKKHALA,2006,2020,9,0,0,8,118.2,15.1,2
2020,table2020.csv,0,0,0,0,0,0,0,1000,MEKKHALA,2006,2020,9,6,0,8,118.3,16.0,2
2020,table2020.csv,0,0,0,0,0,0,0,1002,MEKKHALA,2006,2020,9,12,0,8,118.4,17.0,2
2020,table2020.csv,0,0,0,0,0,0,0,1002,MEKKHALA,2006,2020,9,18,0,8,118.5,18.1,2
2020,table2020.csv,90,120,3,0,0,0,0,1000,MEKKHALA,2006,2020,10,0,35,8,118.6,19.2,3
2020,table2020.csv,90,120,3,0,0,0,0,998,MEKKHALA,2006,2020,10,6,40,8,118.6,20.4,3
2020,table2020.csv,90,120,3,0,0,0,0,996,MEKKHALA,2006,2020,10,12,45,8,118.6,21.6,3
2020,table2020.csv,90,120,3,0,0,0,0,992,MEKKHALA,2006,2020,10,18,50,8,118.3,22.9,4
2020,table2020.csv,90,120,3,0,0,0,0,996,MEKKHALA,2006,2020,11,0,45,8,117.7,24.2,3
2020,table2020.csv,0,0,0,0,0,0,0,1004,MEKKHALA,2006,2020,11,6,0,8,117.3,25.6,2
2020,table2020.csv,0,0,0,0,0,0,0,1006,HIGOS,2007,2020,16,6,0,8,123.4,17.6,2
2020,table2020.csv,0,0,0,0,0,0,0,1006,HIGOS,2007,2020,16,12,0,8,123.2,17.7,2
2020,table2020.csv,0,0,0,0,0,0,0,1006,HIGOS,2007,2020,16,18,0,8,122.9,18.5,2
2020,table2020.csv,0,0,0,0,0,0,0,1006,HIGOS,2007,2020,17,0,0,8,121.9,19.1,2
2020,table2020.csv,0,0,0,0,0,0,0,1006,HIGOS,2007,2020,17,6,0,8,120.7,19.5,2
2020,table2020.csv,0,0,0,0,0,0,0,1004,HIGOS,2007,2020,17,12,0,8,119.6,19.7,2
2020,table2020.csv,0,0,0,0,0,0,0,1002,HIGOS,2007,2020,17,18,0,8,118.4,19.8,2
2020,table2020.csv,90,120,1,0,0,0,0,1000,HIGOS,2007,2020,18,0,35,8,116.9,20.3,3
2020,table2020.csv,90,120,1,0,0,0,0,1000,HIGOS,2007,2020,18,6,35,8,115.9,20.5,3
2020,table2020.csv,90,120,1,0,0,0,0,998,HIGOS,2007,2020,18,12,40,8,114.8,21.2,3
2020,table2020.csv,60,100,2,0,0,0,0,996,HIGOS,2007,2020,18,18,50,8,113.8,21.6,4
2020,table2020.csv,60,100,2,20,20,9,0,992,HIGOS,2007,2020,19,0,55,8,113.0,22.2,4
2020,table2020.csv,60,60,9,0,0,0,0,998,HIGOS,2007,2020,19,6,40,8,112.0,22.8,3
2020,table2020.csv,60,60,9,0,0,0,0,1004,HIGOS,2007,2020,19,12,35,8,110.7,23.7,3
2020,table2020.csv,0,0,0,0,0,0,0,1006,HIGOS,2007,2020,19,18,0,8,109.4,24.0,2
2020,table2020.csv,0,0,0,0,0,0,0,1006,HIGOS,2007,2020,20,0,0,8,109.0,25.1,2
2020,table2020.csv,0,0,0,0,0,0,0,1006,HIGOS,2007,2020,20,6,0,8,108.7,26.0,2
2020,table2020.csv,0,0,0,0,0,0,0,1006,BAVI,2008,2020,20,18,0,8,122.8,18.7,2
2020,table2020.csv,0,0,0,0,0,0,0,1008,BAVI,2008,2020,21,0,0,8,123.1,20.2,2
2020,table2020.csv,0,0,0,0,0,0,0,1006,BAVI,2008,2020,21,6,0,8,123.2,21.3,2
2020,table2020.csv,0,0,0,0,0,0,0,1006,BAVI,2008,2020,21,12,0,8,123.1,22.1,2
2020,table2020.csv,0,0,0,0,0,0,0,1004,BAVI,2008,2020,21,18,0,8,123.0,22.9,2
2020,table2020.csv,60,150,2,0,0,0,0,1000,BAVI,2008,2020,22,0,35,8,122.6,23.4,3
2020,table2020.csv,60,150,2,0,0,0,0,994,BAVI,2008,2020,22,6,45,8,123.5,24.3,3
2020,table2020.csv,90,180,2,40,50,2,0,990,BAVI,2008,2020,22,9,55,8,123.7,24.7,4
2020,table2020.csv,120,180,2,40,50,2,0,990,BAVI,2008,2020,22,12,55,8,123.8,25.3,4
2020,table2020.csv,120,180,2,40,50,2,0,990,BAVI,2008,2020,22,15,55,8,123.5,25.6,4
2020,table2020.csv,120,180,2,40,50,2,0,990,BAVI,2008,2020,22,18,55,8,123.6,25.7,4
2020,table2020.csv,120,180,2,40,50,2,0,990,BAVI,2008,2020,22,21,55,8,123.8,26.0,4
2020,table2020.csv,120,180,2,40,50,2,0,990,BAVI,2008,2020,23,0,55,8,123.9,26.3,4
2020,table2020.csv,120,180,3,40,50,2,0,990,BAVI,2008,2020,23,3,55,8,124.0,26.5,4
2020,table2020.csv,120,180,3,40,50,2,0,990,BAVI,2008,2020,23,6,55,8,124.3,26.6,4
2020,table2020.csv,120,180,3,40,50,2,0,990,BAVI,2008,2020,23,9,55,8,124.6,26.7,4
2020,table2020.csv,150,210,3,40,60,3,0,985,BAVI,2008,2020,23,12,60,8,125.0,26.8,4
2020,table2020.csv,150,210,3,40,60,3,0,985,BAVI,2008,2020,23,15,60,8,125.2,27.0,4
2020,table2020.csv,150,210,3,40,60,3,0,985,BAVI,2008,2020,23,18,60,8,125.6,27.1,4
2020,table2020.csv,150,210,3,40,60,3,0,985,BAVI,2008,2020,23,21,60,8,125.9,27.2,4
2020,table2020.csv,150,210,2,60,80,3,0,980,BAVI,2008,2020,24,0,65,8,126.1,27.3,5
2020,table2020.csv,150,210,2,60,80,3,0,975,BAVI,2008,2020,24,3,65,8,126.4,27.4,5
2020,table2020.csv,150,210,2,60,80,3,0,975,BAVI,2008,2020,24,6,65,8,126.4,27.8,5
2020,table2020.csv,150,210,2,60,80,3,0,975,BAVI,2008,2020,24,9,65,8,126.4,28.2,5
2020,table2020.csv,150,210,2,70,90,2,0,970,BAVI,2008,2020,24,12,70,8,126.3,28.4,5
2020,table2020.csv,150,210,2,70,90,2,0,965,BAVI,2008,2020,24,18,75,8,126.0,28.6,5
2020,table2020.csv,150,210,2,70,90,2,0,955,BAVI,2008,2020,25,0,80,8,125.7,29.2,5
2020,table2020.csv,150,210,2,80,100,2,0,955,BAVI,2008,2020,25,6,80,8,125.5,29.8,5
2020,table2020.csv,120,210,2,80,100,2,0,955,BAVI,2008,2020,25,12,80,8,125.2,30.6,5
2020,table2020.csv,120,210,2,80,100,2,0,955,BAVI,2008,2020,25,18,80,8,124.8,31.4,5
2020,table2020.csv,120,210,2,80,100,2,0,950,BAVI,2008,2020,26,0,85,8,124.5,32.4,5
2020,table2020.csv,120,210,2,80,100,2,0,950,BAVI,2008,2020,26,6,85,8,124.3,33.6,5
2020,table2020.csv,150,210,2,80,80,9,0,955,BAVI,2008,2020,26,12,80,8,124.4,35.0,5
2020,table2020.csv,150,210,2,80,80,9,0,965,BAVI,2008,2020,26,18,70,8,125.2,37.0,5
2020,table2020.csv,90,150,2,30,30,9,0,980,BAVI,2008,2020,27,0,55,8,125.3,39.1,4
2020,table2020.csv,0,0,0,0,0,0,0,992,BAVI,2008,2020,27,6,0,8,125.0,42.0,6
2020,table2020.csv,0,0,0,0,0,0,0,996,BAVI,2008,2020,27,12,0,8,126.2,43.8,6
2020,table2020.csv,0,0,0,0,0,0,0,998,BAVI,2008,2020,27,18,0,8,127.0,45.4,6
2020,table2020.csv,0,0,0,0,0,0,0,1002,BAVI,2008,2020,28,0,0,8,126.1,45.0,6
2020,table2020.csv,0,0,0,0,0,0,0,1002,BAVI,2008,2020,28,6,0,8,125.6,44.7,6
2020,table2020.csv,0,0,0,0,0,0,0,1004,BAVI,2008,2020,28,12,0,8,125.9,44.6,6
2020,table2020.csv,0,0,0,0,0,0,0,1006,BAVI,2008,2020,28,18,0,8,125.2,45.3,6
2020,table2020.csv,0,0,0,0,0,0,0,1006,BAVI,2008,2020,29,0,0,8,124.6,46.4,6
2020,table2020.csv,0,0,0,0,0,0,0,1008,BAVI,2008,2020,29,6,0,8,123.6,46.8,6
2020,table2020.csv,0,0,0,0,0,0,0,1010,BAVI,2008,2020,29,12,0,8,123.8,46.6,6
2020,table2020.csv,0,0,0,0,0,0,0,1012,BAVI,2008,2020,29,18,0,8,124.4,46.6,6
2020,table2020.csv,0,0,0,0,0,0,0,1004,MAYSAK,2009,2020,27,0,0,8,132.3,14.8,2
2020,table2020.csv,0,0,0,0,0,0,0,1002,MAYSAK,2009,2020,27,6,0,8,132.1,15.4,2
2020,table2020.csv,0,0,0,0,0,0,0,1002,MAYSAK,2009,2020,27,12,0,8,131.9,16.1,2
2020,table2020.csv,0,0,0,0,0,0,0,1000,MAYSAK,2009,2020,27,18,0,8,131.8,16.8,2
2020,table2020.csv,0,0,0,0,0,0,0,1000,MAYSAK,2009,2020,28,0,0,8,131.1,17.4,2
2020,table2020.csv,90,150,5,0,0,0,0,996,MAYSAK,2009,2020,28,6,35,8,130.2,17.2,3
2020,table2020.csv,150,240,6,0,0,0,0,994,MAYSAK,2009,2020,28,12,40,8,130.0,16.7,3
2020,table2020.csv,150,240,6,0,0,0,0,990,MAYSAK,2009,2020,28,18,50,8,129.7,16.5,4
2020,table2020.csv,150,240,6,30,30,9,0,985,MAYSAK,2009,2020,29,0,55,8,129.6,16.5,4
2020,table2020.csv,150,240,6,30,30,9,0,985,MAYSAK,2009,2020,29,6,55,8,129.3,16.7,4
2020,table2020.csv,150,240,6,30,30,9,0,975,MAYSAK,2009,2020,29,12,65,8,129.0,17.0,5
2020,table2020.csv,240,270,5,50,50,9,0,970,MAYSAK,2009,2020,29,18,70,8,129.0,17.0,5
2020,table2020.csv,240,270,4,50,50,9,0,965,MAYSAK,2009,2020,30,0,75,8,129.0,17.2,5
2020,table2020.csv,240,270,4,50,50,9,0,965,MAYSAK,2009,2020,30,6,75,8,129.0,18.4,5
2020,table2020.csv,240,300,3,80,80,9,0,955,MAYSAK,2009,2020,30,12,80,8,129.0,19.3,5
2020,table2020.csv,240,300,2,80,80,9,0,955,MAYSAK,2009,2020,30,18,80,8,128.9,20.7,5
2020,table2020.csv,240,300,2,80,80,9,0,955,MAYSAK,2009,2020,31,0,80,8,128.4,22.4,5
2020,table2020.csv,240,300,2,80,80,9,0,955,MAYSAK,2009,2020,31,3,80,8,128.2,23.3,5
2020,table2020.csv,240,300,2,80,80,9,0,955,MAYSAK,2009,2020,31,6,80,8,127.6,24.2,5
2020,table2020.csv,240,300,2,80,80,9,0,955,MAYSAK,2009,2020,31,9,80,8,127.2,24.5,5
2020,table2020.csv,240,300,2,100,100,9,0,950,MAYSAK,2009,2020,31,12,85,8,127.1,25.0,5
2020,table2020.csv,240,300,2,100,100,9,0,950,MAYSAK,2009,2020,31,15,85,8,126.8,25.5,5
2020,table2020.csv,240,300,2,100,100,9,0,940,MAYSAK,2009,2020,31,18,90,8,126.5,26.1,5
2020,table2020.csv,240,300,2,100,100,9,0,940,MAYSAK,2009,2020,31,21,90,8,126.2,26.5,5
2020,table2020.csv,240,270,2,100,100,9,0,935,MAYSAK,2009,2020,1,0,95,9,126.0,26.9,5
2020,table2020.csv,240,270,2,100,100,9,0,935,MAYSAK,2009,2020,1,3,95,9,125.9,27.3,5
2020,table2020.csv,240,270,2,110,110,9,0,935,MAYSAK,2009,2020,1,6,95,9,126.1,27.6,5
2020,table2020.csv,240,240,9,110,110,9,0,935,MAYSAK,2009,2020,1,9,95,9,126.2,28.1,5
2020,table2020.csv,240,240,9,110,110,9,0,935,MAYSAK,2009,2020,1,12,95,9,126.3,28.4,5
2020,table2020.csv,240,240,9,110,110,9,0,940,MAYSAK,2009,2020,1,15,90,9,126.5,28.9,5
2020,table2020.csv,240,240,9,110,110,9,0,940,MAYSAK,2009,2020,1,18,90,9,126.6,29.4,5
2020,table2020.csv,240,240,9,130,130,9,0,945,MAYSAK,2009,2020,1,21,85,9,126.6,30.0,5
2020,table2020.csv,270,270,9,130,130,9,0,945,MAYSAK,2009,2020,2,0,85,9,126.7,30.5,5
2020,table2020.csv,270,270,9,130,130,9,0,945,MAYSAK,2009,2020,2,3,85,9,126.9,31.2,5
2020,table2020.csv,270,270,9,130,130,9,0,950,MAYSAK,2009,2020,2,6,80,9,127.1,31.7,5
2020,table2020.csv,270,270,9,130,130,9,0,950,MAYSAK,2009,2020,2,9,80,9,127.7,32.6,5
2020,table2020.csv,270,270,9,130,130,9,0,950,MAYSAK,2009,2020,2,12,80,9,127.9,33.2,5
2020,table2020.csv,270,270,9,130,130,9,0,950,MAYSAK,2009,2020,2,15,80,9,128.3,34.1,5
2020,table2020.csv,300,300,9,130,130,9,0,955,MAYSAK,2009,2020,2,18,75,9,128.8,35.5,5
2020,table2020.csv,300,300,9,130,130,9,0,960,MAYSAK,2009,2020,2,21,70,9,129.4,37.0,5
2020,table2020.csv,300,300,9,90,130,3,0,965,MAYSAK,2009,2020,3,0,65,9,129.7,38.8,5
2020,table2020.csv,0,0,0,0,0,0,0,976,MAYSAK,2009,2020,3,6,0,9,129.1,42.3,6
2020,table2020.csv,0,0,0,0,0,0,0,976,MAYSAK,2009,2020,3,12,0,9,127.4,45.6,6
2020,table2020.csv,0,0,0,0,0,0,0,976,MAYSAK,2009,2020,3,18,0,9,125.3,47.0,6
2020,table2020.csv,0,0,0,0,0,0,0,976,MAYSAK,2009,2020,4,0,0,9,124.1,48.1,6
2020,table2020.csv,0,0,0,0,0,0,0,978,MAYSAK,2009,2020,4,6,0,9,123.4,48.9,6
2020,table2020.csv,0,0,0,0,0,0,0,982,MAYSAK,2009,2020,4,12,0,9,123.1,48.9,6
2020,table2020.csv,0,0,0,0,0,0,0,988,MAYSAK,2009,2020,4,18,0,9,123.3,49.5,6
2020,table2020.csv,0,0,0,0,0,0,0,992,MAYSAK,2009,2020,5,0,0,9,124.0,50.6,6
2020,table2020.csv,0,0,0,0,0,0,0,996,MAYSAK,2009,2020,5,6,0,9,124.8,51.6,6
2020,table2020.csv,0,0,0,0,0,0,0,1000,MAYSAK,2009,2020,5,12,0,9,125.7,52.4,6
2020,table2020.csv,0,0,0,0,0,0,0,1002,MAYSAK,2009,2020,5,18,0,9,126.4,52.9,6
2020,table2020.csv,0,0,0,0,0,0,0,1004,MAYSAK,2009,2020,6,0,0,9,126.9,53.1,6
2020,table2020.csv,0,0,0,0,0,0,0,1006,MAYSAK,2009,2020,6,6,0,9,127.3,53.0,6
2020,table2020.csv,0,0,0,0,0,0,0,1008,MAYSAK,2009,2020,6,12,0,9,128.6,52.6,6
2020,table2020.csv,0,0,0,0,0,0,0,1010,MAYSAK,2009,2020,6,18,0,9,130.1,52.0,6
2020,table2020.csv,0,0,0,0,0,0,0,1012,MAYSAK,2009,2020,7,0,0,9,132.1,51.9,6
2020,table2020.csv,0,0,0,0,0,0,0,1008,HAISHEN,2010,2020,30,12,0,8,145.5,24.9,2
2020,table2020.csv,0,0,0,0,0,0,0,1008,HAISHEN,2010,2020,30,18,0,8,145.9,24.5,2
2020,table2020.csv,0,0,0,0,0,0,0,1006,HAISHEN,2010,2020,31,0,0,8,146.1,23.9,2
2020,table2020.csv,0,0,0,0,0,0,0,1004,HAISHEN,2010,2020,31,6,0,8,146.1,23.2,2
2020,table2020.csv,60,90,4,0,0,0,0,1002,HAISHEN,2010,2020,31,12,35,8,145.9,22.6,3
2020,table2020.csv,70,100,4,0,0,0,0,1000,HAISHEN,2010,2020,31,18,35,8,145.6,22.1,3
2020,table2020.csv,90,120,4,0,0,0,0,1000,HAISHEN,2010,2020,1,0,35,9,144.8,21.2,3
2020,table2020.csv,100,150,4,0,0,0,0,996,HAISHEN,2010,2020,1,6,40,9,144.5,20.9,3
2020,table2020.csv,120,180,4,0,0,0,0,992,HAISHEN,2010,2020,1,12,45,9,144.0,20.5,3
2020,table2020.csv,120,180,4,0,0,0,0,985,HAISHEN,2010,2020,1,18,50,9,143.3,20.0,4
2020,table2020.csv,120,180,4,40,40,9,0,980,HAISHEN,2010,2020,2,0,55,9,142.5,19.4,4
2020,table2020.csv,140,180,4,50,50,9,0,970,HAISHEN,2010,2020,2,6,65,9,141.5,19.3,5
2020,table2020.csv,150,180,4,60,60,9,0,965,HAISHEN,2010,2020,2,12,70,9,140.4,19.7,5
2020,table2020.csv,180,180,9,60,60,9,0,965,HAISHEN,2010,2020,2,18,70,9,139.4,20.0,5
2020,table2020.csv,210,210,9,60,60,9,0,960,HAISHEN,2010,2020,3,0,75,9,138.5,20.2,5
2020,table2020.csv,210,240,1,60,75,1,0,950,HAISHEN,2010,2020,3,6,80,9,137.5,20.6,5
2020,table2020.csv,210,280,1,60,90,1,0,945,HAISHEN,2010,2020,3,12,85,9,136.6,21.0,5
2020,table2020.csv,220,300,1,70,110,1,0,925,HAISHEN,2010,2020,3,18,95,9,135.8,21.2,5
2020,table2020.csv,240,325,1,80,130,1,0,920,HAISHEN,2010,2020,4,0,100,9,135.1,21.8,5
2020,table2020.csv,240,300,1,80,130,1,0,915,HAISHEN,2010,2020,4,6,100,9,134.3,22.3,5
2020,table2020.csv,240,300,1,90,130,1,0,910,HAISHEN,2010,2020,4,12,105,9,133.5,22.7,5
2020,table2020.csv,250,300,1,90,130,1,0,910,HAISHEN,2010,2020,4,18,105,9,132.6,23.2,5
2020,table2020.csv,260,300,1,90,130,1,0,910,HAISHEN,2010,2020,4,21,105,9,132.3,23.5,5
2020,table2020.csv,280,325,2,90,140,1,0,915,HAISHEN,2010,2020,5,0,100,9,132.0,24.0,5
2020,table2020.csv,300,375,7,90,150,1,0,915,HAISHEN,2010,2020,5,3,100,9,131.6,24.2,5
2020,table2020.csv,325,425,7,90,160,1,0,920,HAISHEN,2010,2020,5,6,100,9,131.5,24.7,5
2020,table2020.csv,350,450,7,90,170,1,0,920,HAISHEN,2010,2020,5,9,100,9,131.2,25.0,5
2020,table2020.csv,350,450,7,100,180,1,0,920,HAISHEN,2010,2020,5,12,100,9,131.0,25.4,5
2020,table2020.csv,350,450,7,90,170,1,0,920,HAISHEN,2010,2020,5,15,100,9,130.9,25.8,5
2020,table2020.csv,350,425,7,90,170,1,0,925,HAISHEN,2010,2020,5,18,95,9,130.9,26.4,5
2020,table2020.csv,350,425,7,90,170,2,0,925,HAISHEN,2010,2020,5,21,95,9,130.8,27.1,5
2020,table2020.csv,325,425,1,90,170,2,0,930,HAISHEN,2010,2020,6,0,90,9,130.5,27.7,5
2020,table2020.csv,325,425,1,90,170,2,0,930,HAISHEN,2010,2020,6,3,90,9,130.3,28.5,5
2020,table2020.csv,325,425,2,90,170,2,0,930,HAISHEN,2010,2020,6,6,90,9,130.1,29.4,5
2020,table2020.csv,350,400,2,100,170,2,0,935,HAISHEN,2010,2020,6,9,90,9,129.8,30.3,5
2020,table2020.csv,375,375,9,100,170,2,0,940,HAISHEN,2010,2020,6,12,85,9,129.4,31.0,5
2020,table2020.csv,375,375,9,100,170,2,0,945,HAISHEN,2010,2020,6,15,85,9,129.2,31.9,5
2020,table2020.csv,350,375,2,90,170,2,0,945,HAISHEN,2010,2020,6,18,85,9,129.0,32.9,5
2020,table2020.csv,325,400,2,90,120,2,0,950,HAISHEN,2010,2020,6,21,80,9,129.1,34.1,5
2020,table2020.csv,300,400,2,90,90,9,0,960,HAISHEN,2010,2020,7,0,70,9,129.2,35.5,5
2020,table2020.csv,280,400,2,90,90,9,0,970,HAISHEN,2010,2020,7,3,60,9,129.3,36.9,4
2020,table2020.csv,270,400,2,90,90,9,0,970,HAISHEN,2010,2020,7,6,55,9,129.1,38.4,4
2020,table2020.csv,260,400,3,0,0,0,0,975,HAISHEN,2010,2020,7,12,45,9,128.9,39.8,3
2020,table2020.csv,0,0,0,0,0,0,0,986,HAISHEN,2010,2020,7,18,0,9,129.0,42.2,6
2020,table2020.csv,0,0,0,0,0,0,0,990,HAISHEN,2010,2020,8,0,0,9,128.3,44.0,6
2020,table2020.csv,0,0,0,0,0,0,0,990,HAISHEN,2010,2020,8,6,0,9,127.9,45.3,6
2020,table2020.csv,0,0,0,0,0,0,0,992,HAISHEN,2010,2020,8,12,0,9,127.1,45.8,6
2020,table2020.csv,0,0,0,0,0,0,0,994,HAISHEN,2010,2020,8,18,0,9,127.1,45.8,6
2020,table2020.csv,0,0,0,0,0,0,0,998,HAISHEN,2010,2020,9,0,0,9,126.9,45.6,6
2020,table2020.csv,0,0,0,0,0,0,0,1000,HAISHEN,2010,2020,9,6,0,9,126.8,45.4,6
2020,table2020.csv,0,0,0,0,0,0,0,1002,HAISHEN,2010,2020,9,12,0,9,125.5,44.7,6
2020,table2020.csv,0,0,0,0,0,0,0,1002,HAISHEN,2010,2020,9,18,0,9,125.1,43.6,6
2020,table2020.csv,0,0,0,0,0,0,0,1004,HAISHEN,2010,2020,10,0,0,9,124.4,42.9,6
2020,table2020.csv,0,0,0,0,0,0,0,1006,HAISHEN,2010,2020,10,6,0,9,124.0,42.0,6
2020,table2020.csv,0,0,0,0,0,0,0,1006,NOUL,2011,2020,15,0,0,9,121.8,12.8,2
2020,table2020.csv,0,0,0,0,0,0,0,1002,NOUL,2011,2020,15,6,0,9,120.4,12.6,2
2020,table2020.csv,0,0,0,0,0,0,0,1000,NOUL,2011,2020,15,12,0,9,119.1,12.7,2
2020,table2020.csv,60,60,9,0,0,0,0,998,NOUL,2011,2020,15,18,35,9,118.5,13.0,3
2020,table2020.csv,90,90,9,0,0,0,0,998,NOUL,2011,2020,16,0,35,9,117.7,13.1,3
2020,table2020.csv,90,90,9,0,0,0,0,996,NOUL,2011,2020,16,6,40,9,116.8,13.2,3
2020,table2020.csv,90,90,9,0,0,0,0,994,NOUL,2011,2020,16,12,40,9,115.7,13.4,3
2020,table2020.csv,90,90,9,0,0,0,0,994,NOUL,2011,2020,16,18,40,9,114.5,13.8,3
2020,table2020.csv,140,140,9,0,0,0,0,994,NOUL,2011,2020,17,0,40,9,113.8,14.6,3
2020,table2020.csv,180,180,9,0,0,0,0,992,NOUL,2011,2020,17,6,45,9,113.1,15.5,3
2020,table2020.csv,180,180,9,0,0,0,0,992,NOUL,2011,2020,17,12,45,9,111.9,15.8,3
2020,table2020.csv,180,180,9,0,0,0,0,992,NOUL,2011,2020,17,18,45,9,110.3,15.9,3
2020,table2020.csv,180,180,9,0,0,0,0,992,NOUL,2011,2020,18,0,45,9,108.3,16.3,3
2020,table2020.csv,180,180,9,0,0,0,0,994,NOUL,2011,2020,18,6,40,9,105.2,16.3,3
2020,table2020.csv,180,180,9,0,0,0,0,994,NOUL,2011,2020,18,12,35,9,104.0,16.2,3
2020,table2020.csv,0,0,0,0,0,0,0,998,NOUL,2011,2020,18,18,0,9,102.1,16.2,2
2020,table2020.csv,0,0,0,0,0,0,0,1010,DOLPHIN,2012,2020,19,12,0,9,135.0,21.6,2
2020,table2020.csv,0,0,0,0,0,0,0,1008,DOLPHIN,2012,2020,19,18,0,9,134.5,22.3,2
2020,table2020.csv,0,0,0,0,0,0,0,1008,DOLPHIN,2012,2020,20,0,0,9,134.2,22.9,2
2020,table2020.csv,0,0,0,0,0,0,0,1006,DOLPHIN,2012,2020,20,6,0,9,134.0,23.6,2
2020,table2020.csv,0,0,0,0,0,0,0,1004,DOLPHIN,2012,2020,20,12,0,9,134.3,24.0,2
2020,table2020.csv,0,0,0,0,0,0,0,1002,DOLPHIN,2012,2020,20,18,0,9,134.7,24.2,2
2020,table2020.csv,70,130,3,0,0,0,0,996,DOLPHIN,2012,2020,21,0,40,9,134.8,24.9,3
2020,table2020.csv,70,130,3,0,0,0,0,996,DOLPHIN,2012,2020,21,6,40,9,135.0,25.3,3
2020,table2020.csv,100,210,8,0,0,0,0,996,DOLPHIN,2012,2020,21,12,40,9,135.0,25.7,3
2020,table2020.csv,100,210,8,0,0,0,0,992,DOLPHIN,2012,2020,21,18,45,9,135.2,26.1,3
2020,table2020.csv,100,240,1,0,0,0,0,985,DOLPHIN,2012,2020,22,0,50,9,135.3,26.9,4
2020,table2020.csv,100,240,1,45,45,9,0,975,DOLPHIN,2012,2020,22,6,60,9,135.8,28.1,4
2020,table2020.csv,100,210,3,45,45,9,0,975,DOLPHIN,2012,2020,22,12,60,9,136.3,29.3,4
2020,table2020.csv,100,210,3,45,45,9,0,975,DOLPHIN,2012,2020,22,18,60,9,137.0,30.1,4
2020,table2020.csv,100,210,3,45,45,9,0,975,DOLPHIN,2012,2020,23,0,60,9,137.9,31.2,4
2020,table2020.csv,150,210,3,40,40,9,0,980,DOLPHIN,2012,2020,23,6,55,9,139.3,32.1,4
2020,table2020.csv,150,210,3,0,0,0,0,985,DOLPHIN,2012,2020,23,9,50,9,140.1,32.7,4
2020,table2020.csv,210,210,9,0,0,0,0,985,DOLPHIN,2012,2020,23,12,50,9,140.8,32.9,4
2020,table2020.csv,210,210,9,0,0,0,0,985,DOLPHIN,2012,2020,23,15,50,9,141.1,32.9,4
2020,table2020.csv,210,210,9,0,0,0,0,985,DOLPHIN,2012,2020,23,18,50,9,141.3,32.9,4
2020,table2020.csv,210,210,9,0,0,0,0,985,DOLPHIN,2012,2020,23,21,50,9,141.5,32.9,4
2020,table2020.csv,210,270,6,0,0,0,0,990,DOLPHIN,2012,2020,24,0,45,9,141.8,32.9,3
2020,table2020.csv,210,270,6,0,0,0,0,992,DOLPHIN,2012,2020,24,3,45,9,142.0,32.7,3
2020,table2020.csv,0,0,0,0,0,0,0,992,DOLPHIN,2012,2020,24,6,0,9,142.4,32.7,6
2020,table2020.csv,0,0,0,0,0,0,0,996,DOLPHIN,2012,2020,24,12,0,9,142.5,33.2,6
2020,table2020.csv,0,0,0,0,0,0,0,996,DOLPHIN,2012,2020,24,18,0,9,142.5,33.7,6
2020,table2020.csv,0,0,0,0,0,0,0,1000,DOLPHIN,2012,2020,25,0,0,9,141.7,34.0,6
2020,table2020.csv,0,0,0,0,0,0,0,1000,DOLPHIN,2012,2020,25,6,0,9,142.1,35.5,6
2020,table2020.csv,0,0,0,0,0,0,0,1000,DOLPHIN,2012,2020,25,12,0,9,142.8,37.2,6
2020,table2020.csv,0,0,0,0,0,0,0,996,DOLPHIN,2012,2020,25,18,0,9,144.0,38.9,6
2020,table2020.csv,0,0,0,0,0,0,0,998,DOLPHIN,2012,2020,26,0,0,9,145.4,40.2,6
2020,table2020.csv,0,0,0,0,0,0,0,1004,DOLPHIN,2012,2020,26,6,0,9,146.0,40.9,6
2020,table2020.csv,0,0,0,0,0,0,0,1004,DOLPHIN,2012,2020,26,12,0,9,146.8,41.6,6
2020,table2020.csv,0,0,0,0,0,0,0,1004,DOLPHIN,2012,2020,26,18,0,9,147.1,42.0,6
2020,table2020.csv,0,0,0,0,0,0,0,1000,DOLPHIN,2012,2020,27,0,0,9,147.4,42.7,6
2020,table2020.csv,0,0,0,0,0,0,0,1000,DOLPHIN,2012,2020,27,6,0,9,147.9,43.5,6
2020,table2020.csv,0,0,0,0,0,0,0,998,DOLPHIN,2012,2020,27,12,0,9,148.4,44.6,6
2020,table2020.csv,0,0,0,0,0,0,0,994,DOLPHIN,2012,2020,27,18,0,9,149.7,45.5,6
2020,table2020.csv,0,0,0,0,0,0,0,990,DOLPHIN,2012,2020,28,0,0,9,151.7,47.3,6
2020,table2020.csv,0,0,0,0,0,0,0,986,DOLPHIN,2012,2020,28,6,0,9,152.9,48.8,6
2020,table2020.csv,0,0,0,0,0,0,0,986,DOLPHIN,2012,2020,28,12,0,9,154.1,49.5,6
2020,table2020.csv,0,0,0,0,0,0,0,990,DOLPHIN,2012,2020,28,18,0,9,157.9,50.1,6
2020,table2020.csv,0,0,0,0,0,0,0,996,DOLPHIN,2012,2020,29,0,0,9,161.9,50.7,6
2020,table2020.csv,0,0,0,0,0,0,0,998,DOLPHIN,2012,2020,29,6,0,9,165.8,50.6,6
2020,table2020.csv,0,0,0,0,0,0,0,1004,DOLPHIN,2012,2020,29,12,0,9,167.5,50.2,6
2020,table2020.csv,0,0,0,0,0,0,0,1008,DOLPHIN,2012,2020,29,18,0,9,168.9,49.9,6
2020,table2020.csv,0,0,0,0,0,0,0,1008,KUJIRA,2013,2020,25,12,0,9,158.7,16.6,2
2020,table2020.csv,0,0,0,0,0,0,0,1006,KUJIRA,2013,2020,25,18,0,9,158.6,17.2,2
2020,table2020.csv,0,0,0,0,0,0,0,1008,KUJIRA,2013,2020,26,0,0,9,158.9,17.9,2
2020,table2020.csv,0,0,0,0,0,0,0,1006,KUJIRA,2013,2020,26,6,0,9,159.3,18.6,2
2020,table2020.csv,0,0,0,0,0,0,0,1004,KUJIRA,2013,2020,26,12,0,9,159.5,19.3,2
2020,table2020.csv,90,210,3,0,0,0,0,1002,KUJIRA,2013,2020,26,18,35,9,159.3,20.0,3
2020,table2020.csv,90,240,4,0,0,0,0,1002,KUJIRA,2013,2020,27,0,35,9,158.7,20.7,3
2020,table2020.csv,90,240,2,0,0,0,0,1000,KUJIRA,2013,2020,27,6,35,9,157.6,21.9,3
2020,table2020.csv,90,240,2,0,0,0,0,998,KUJIRA,2013,2020,27,12,40,9,156.3,23.3,3
2020,table2020.csv,100,270,2,0,0,0,0,996,KUJIRA,2013,2020,27,18,40,9,154.9,24.9,3
2020,table2020.csv,100,300,2,0,0,0,0,992,KUJIRA,2013,2020,28,0,45,9,153.6,26.4,3
2020,table2020.csv,100,300,2,0,0,0,0,990,KUJIRA,2013,2020,28,6,50,9,153.1,27.7,4
2020,table2020.csv,80,250,2,30,70,2,0,985,KUJIRA,2013,2020,28,12,55,9,152.9,28.7,4
2020,table2020.csv,70,200,2,30,70,2,0,985,KUJIRA,2013,2020,28,18,55,9,153.1,30.5,4
2020,table2020.csv,50,180,3,30,70,3,0,980,KUJIRA,2013,2020,29,0,60,9,153.8,32.6,4
2020,table2020.csv,90,180,3,30,70,3,0,980,KUJIRA,2013,2020,29,6,60,9,154.9,34.7,4
2020,table2020.csv,180,220,3,40,60,3,0,980,KUJIRA,2013,2020,29,12,60,9,156.4,36.6,4
2020,table2020.csv,140,230,3,40,60,3,0,985,KUJIRA,2013,2020,29,18,55,9,158.4,38.6,4
2020,table2020.csv,140,240,3,0,0,0,0,990,KUJIRA,2013,2020,30,0,50,9,160.7,40.0,4
2020,table2020.csv,0,0,0,0,0,0,0,996,KUJIRA,2013,2020,30,6,0,9,163.0,41.0,6
2020,table2020.csv,0,0,0,0,0,0,0,1000,KUJIRA,2013,2020,30,12,0,9,166.2,41.2,6
2020,table2020.csv,0,0,0,0,0,0,0,1000,KUJIRA,2013,2020,30,18,0,9,169.2,41.1,6
2020,table2020.csv,0,0,0,0,0,0,0,1004,KUJIRA,2013,2020,1,0,0,10,172.1,40.4,6
2020,table2020.csv,0,0,0,0,0,0,0,1004,KUJIRA,2013,2020,1,6,0,10,175.4,39.6,6
2020,table2020.csv,0,0,0,0,0,0,0,1006,KUJIRA,2013,2020,1,12,0,10,177.8,38.4,6
2020,table2020.csv,0,0,0,0,0,0,0,1006,KUJIRA,2013,2020,1,18,0,10,180.4,37.1,6
2020,table2020.csv,0,0,0,0,0,0,0,1004,CHAN-HOM,2014,2020,4,0,0,10,140.0,21.4,2
2020,table2020.csv,0,0,0,0,0,0,0,1000,CHAN-HOM,2014,2020,4,6,0,10,140.0,21.8,2
2020,table2020.csv,0,0,0,0,0,0,0,1002,CHAN-HOM,2014,2020,4,12,0,10,139.7,22.1,2
2020,table2020.csv,0,0,0,0,0,0,0,1000,CHAN-HOM,2014,2020,4,18,0,10,139.3,22.2,2
2020,table2020.csv,90,180,4,0,0,0,0,998,CHAN-HOM,2014,2020,5,0,35,10,139.2,22.2,3
2020,table2020.csv,90,180,4,0,0,0,0,996,CHAN-HOM,2014,2020,5,6,35,10,139.1,22.4,3
2020,table2020.csv,90,210,2,0,0,0,0,998,CHAN-HOM,2014,2020,5,12,35,10,139.3,22.9,3
2020,table2020.csv,120,210,2,0,0,0,0,996,CHAN-HOM,2014,2020,5,18,40,10,139.1,23.3,3
2020,table2020.csv,150,210,1,0,0,0,0,992,CHAN-HOM,2014,2020,6,0,45,10,138.6,23.7,3
2020,table2020.csv,150,210,1,0,0,0,0,992,CHAN-HOM,2014,2020,6,6,45,10,138.1,24.1,3
2020,table2020.csv,210,210,9,0,0,0,0,990,CHAN-HOM,2014,2020,6,12,50,10,137.6,24.3,4
2020,table2020.csv,240,240,9,30,30,9,0,980,CHAN-HOM,2014,2020,6,18,55,10,136.9,24.7,4
2020,table2020.csv,240,240,9,30,30,9,0,975,CHAN-HOM,2014,2020,7,0,60,10,135.8,25.2,4
2020,table2020.csv,240,240,9,50,50,9,0,970,CHAN-HOM,2014,2020,7,6,65,10,134.7,25.7,5
2020,table2020.csv,210,240,2,80,80,9,0,970,CHAN-HOM,2014,2020,7,12,65,10,133.7,26.5,5
2020,table2020.csv,210,240,2,80,80,9,0,970,CHAN-HOM,2014,2020,7,15,65,10,133.3,26.8,5
2020,table2020.csv,210,240,2,80,80,9,0,970,CHAN-HOM,2014,2020,7,18,65,10,133.0,27.3,5
2020,table2020.csv,210,240,2,80,80,9,0,970,CHAN-HOM,2014,2020,7,21,65,10,132.8,27.6,5
2020,table2020.csv,210,240,2,80,80,9,0,970,CHAN-HOM,2014,2020,8,0,65,10,132.8,27.9,5
2020,table2020.csv,210,240,2,80,80,9,0,970,CHAN-HOM,2014,2020,8,3,65,10,132.9,28.2,5
2020,table2020.csv,180,240,2,80,80,9,0,970,CHAN-HOM,2014,2020,8,6,65,10,133.0,28.7,5
2020,table2020.csv,180,240,2,80,80,9,0,970,CHAN-HOM,2014,2020,8,9,65,10,133.1,29.1,5
2020,table2020.csv,150,240,2,80,80,9,0,965,CHAN-HOM,2014,2020,8,12,70,10,133.3,29.4,5
2020,table2020.csv,150,240,2,80,80,9,0,965,CHAN-HOM,2014,2020,8,15,70,10,133.4,29.8,5
2020,table2020.csv,150,240,2,80,80,9,0,965,CHAN-HOM,2014,2020,8,18,70,10,133.4,30.0,5
2020,table2020.csv,150,240,2,80,80,9,0,965,CHAN-HOM,2014,2020,8,21,70,10,133.4,30.1,5
2020,table2020.csv,150,240,3,80,80,9,0,970,CHAN-HOM,2014,2020,9,0,70,10,133.3,30.2,5
2020,table2020.csv,150,240,3,80,80,9,0,970,CHAN-HOM,2014,2020,9,3,70,10,133.3,30.4,5
2020,table2020.csv,150,240,3,80,80,9,0,970,CHAN-HOM,2014,2020,9,6,70,10,133.4,30.5,5
2020,table2020.csv,150,240,3,80,80,9,0,975,CHAN-HOM,2014,2020,9,9,65,10,133.7,30.7,5
2020,table2020.csv,150,210,3,70,70,9,0,980,CHAN-HOM,2014,2020,9,12,60,10,134.0,31.0,4
2020,table2020.csv,150,210,3,70,70,9,0,980,CHAN-HOM,2014,2020,9,15,60,10,134.4,31.2,4
2020,table2020.csv,150,210,3,40,70,7,0,985,CHAN-HOM,2014,2020,9,18,55,10,134.8,31.4,4
2020,table2020.csv,150,210,3,40,70,7,0,985,CHAN-HOM,2014,2020,9,21,55,10,135.4,31.8,4
2020,table2020.csv,150,210,3,40,70,7,0,985,CHAN-HOM,2014,2020,10,0,55,10,135.7,32.0,4
2020,table2020.csv,150,210,2,40,70,8,0,985,CHAN-HOM,2014,2020,10,3,55,10,136.0,32.1,4
2020,table2020.csv,150,180,2,40,70,8,0,985,CHAN-HOM,2014,2020,10,6,55,10,136.8,32.3,4
2020,table2020.csv,150,150,9,40,70,8,0,985,CHAN-HOM,2014,2020,10,9,55,10,137.7,32.2,4
2020,table2020.csv,150,150,9,40,70,8,0,985,CHAN-HOM,2014,2020,10,12,55,10,138.2,32.2,4
2020,table2020.csv,120,150,6,0,0,0,0,990,CHAN-HOM,2014,2020,10,15,50,10,138.9,32.3,4
2020,table2020.csv,120,150,6,0,0,0,0,990,CHAN-HOM,2014,2020,10,18,50,10,139.5,32.2,4
2020,table2020.csv,120,150,6,0,0,0,0,990,CHAN-HOM,2014,2020,10,21,50,10,140.0,32.4,4
2020,table2020.csv,90,150,6,0,0,0,0,992,CHAN-HOM,2014,2020,11,0,45,10,140.6,32.1,3
2020,table2020.csv,90,150,6,0,0,0,0,996,CHAN-HOM,2014,2020,11,6,40,10,141.3,31.8,3
2020,table2020.csv,90,150,6,0,0,0,0,998,CHAN-HOM,2014,2020,11,12,35,10,142.0,31.4,3
2020,table2020.csv,0,0,0,0,0,0,0,1002,CHAN-HOM,2014,2020,11,18,0,10,142.2,30.8,2
2020,table2020.csv,0,0,0,0,0,0,0,1004,CHAN-HOM,2014,2020,12,0,0,10,142.3,30.3,2
2020,table2020.csv,0,0,0,0,0,0,0,1002,CHAN-HOM,2014,2020,12,6,0,10,142.5,29.6,2
2020,table2020.csv,0,0,0,0,0,0,0,1004,CHAN-HOM,2014,2020,12,12,0,10,142.7,29.1,2
2020,table2020.csv,0,0,0,0,0,0,0,1004,CHAN-HOM,2014,2020,12,18,0,10,143.2,28.9,2
2020,table2020.csv,0,0,0,0,0,0,0,1008,CHAN-HOM,2014,2020,13,0,0,10,144.1,28.6,2
2020,table2020.csv,0,0,0,0,0,0,0,1006,CHAN-HOM,2014,2020,13,6,0,10,144.6,28.6,2
2020,table2020.csv,0,0,0,0,0,0,0,1008,CHAN-HOM,2014,2020,13,12,0,10,144.8,28.6,2
2020,table2020.csv,0,0,0,0,0,0,0,1008,CHAN-HOM,2014,2020,13,18,0,10,144.5,28.6,2
2020,table2020.csv,0,0,0,0,0,0,0,1008,CHAN-HOM,2014,2020,14,0,0,10,144.4,28.5,2
2020,table2020.csv,0,0,0,0,0,0,0,1008,CHAN-HOM,2014,2020,14,6,0,10,144.5,28.7,2
2020,table2020.csv,0,0,0,0,0,0,0,1010,CHAN-HOM,2014,2020,14,12,0,10,144.2,28.8,2
2020,table2020.csv,0,0,0,0,0,0,0,1010,CHAN-HOM,2014,2020,14,18,0,10,144.1,28.9,2
2020,table2020.csv,0,0,0,0,0,0,0,1010,CHAN-HOM,2014,2020,15,0,0,10,144.0,29.4,2
2020,table2020.csv,0,0,0,0,0,0,0,1010,CHAN-HOM,2014,2020,15,6,0,10,143.8,29.7,2
2020,table2020.csv,0,0,0,0,0,0,0,1010,CHAN-HOM,2014,2020,15,12,0,10,144.1,30.0,2
2020,table2020.csv,0,0,0,0,0,0,0,1012,CHAN-HOM,2014,2020,15,18,0,10,144.3,30.5,2
2020,table2020.csv,0,0,0,0,0,0,0,1012,CHAN-HOM,2014,2020,16,0,0,10,145.5,31.1,2
2020,table2020.csv,0,0,0,0,0,0,0,1010,CHAN-HOM,2014,2020,16,6,0,10,146.5,32.0,2
2020,table2020.csv,0,0,0,0,0,0,0,1012,CHAN-HOM,2014,2020,16,12,0,10,147.4,33.1,2
2020,table2020.csv,0,0,0,0,0,0,0,1012,CHAN-HOM,2014,2020,16,18,0,10,149.5,34.7,2
2020,table2020.csv,0,0,0,0,0,0,0,1012,CHAN-HOM,2014,2020,17,0,0,10,152.9,36.4,6
2020,table2020.csv,0,0,0,0,0,0,0,1010,CHAN-HOM,2014,2020,17,6,0,10,155.9,37.2,6
2020,table2020.csv,0,0,0,0,0,0,0,1012,CHAN-HOM,2014,2020,17,12,0,10,159.0,38.1,6
2020,table2020.csv,0,0,0,0,0,0,0,1014,CHAN-HOM,2014,2020,17,18,0,10,161.9,39.0,6
2020,table2020.csv,0,0,0,0,0,0,0,1016,CHAN-HOM,2014,2020,18,0,0,10,164.4,39.0,6
2020,table2020.csv,0,0,0,0,0,0,0,1016,CHAN-HOM,2014,2020,18,6,0,10,166.7,38.7,6
2020,table2020.csv,0,0,0,0,0,0,0,1018,CHAN-HOM,2014,2020,18,12,0,10,168.9,38.5,6
2020,table2020.csv,0,0,0,0,0,0,0,1018,CHAN-HOM,2014,2020,18,18,0,10,170.0,38.4,6
2020,table2020.csv,0,0,0,0,0,0,0,1018,CHAN-HOM,2014,2020,19,0,0,10,171.3,38.2,6
2020,table2020.csv,0,0,0,0,0,0,0,1016,CHAN-HOM,2014,2020,19,6,0,10,171.8,38.2,6
2020,table2020.csv,0,0,0,0,0,0,0,1004,LINFA,2015,2020,6,18,0,10,125.9,13.8,2
2020,table2020.csv,0,0,0,0,0,0,0,1006,LINFA,2015,2020,7,0,0,10,125.4,13.8,2
2020,table2020.csv,0,0,0,0,0,0,0,1004,LINFA,2015,2020,7,6,0,10,124.8,13.8,2
2020,table2020.csv,0,0,0,0,0,0,0,1006,LINFA,2015,2020,7,12,0,10,124.3,13.8,2
2020,table2020.csv,0,0,0,0,0,0,0,1006,LINFA,2015,2020,7,18,0,10,123.9,13.7,2
2020,table2020.csv,0,0,0,0,0,0,0,1008,LINFA,2015,2020,8,0,0,10,122.6,13.2,2
2020,table2020.csv,0,0,0,0,0,0,0,1006,LINFA,2015,2020,8,6,0,10,121.2,12.9,2
2020,table2020.csv,0,0,0,0,0,0,0,1008,LINFA,2015,2020,8,12,0,10,119.1,12.8,2
2020,table2020.csv,0,0,0,0,0,0,0,1006,LINFA,2015,2020,8,18,0,10,118.0,12.7,2
2020,table2020.csv,0,0,0,0,0,0,0,1006,LINFA,2015,2020,9,0,0,10,116.8,12.8,2
2020,table2020.csv,0,0,0,0,0,0,0,1004,LINFA,2015,2020,9,6,0,10,115.7,13.2,2
2020,table2020.csv,0,0,0,0,0,0,0,1006,LINFA,2015,2020,9,12,0,10,115.2,13.4,2
2020,table2020.csv,0,0,0,0,0,0,0,1004,LINFA,2015,2020,9,18,0,10,114.7,13.5,2
2020,table2020.csv,0,0,0,0,0,0,0,1004,LINFA,2015,2020,10,0,0,10,114.2,13.7,2
2020,table2020.csv,0,0,0,0,0,0,0,1002,LINFA,2015,2020,10,6,0,10,113.1,14.3,2
2020,table2020.csv,0,0,0,0,0,0,0,1002,LINFA,2015,2020,10,12,0,10,111.7,14.5,2
2020,table2020.csv,120,210,8,0,0,0,0,998,LINFA,2015,2020,10,18,35,10,110.2,14.6,3
2020,table2020.csv,120,180,8,0,0,0,0,994,LINFA,2015,2020,11,0,45,10,109.4,14.9,3
2020,table2020.csv,120,180,1,0,0,0,0,998,LINFA,2015,2020,11,6,35,10,108.5,15.2,3
2020,table2020.csv,0,0,0,0,0,0,0,1002,LINFA,2015,2020,11,12,0,10,107.9,14.9,2
2020,table2020.csv,0,0,0,0,0,0,0,1002,LINFA,2015,2020,11,18,0,10,107.3,14.6,2
2020,table2020.csv,0,0,0,0,0,0,0,1004,LINFA,2015,2020,12,0,0,10,106.9,14.4,2
2020,table2020.csv,0,0,0,0,0,0,0,1002,LINFA,2015,2020,12,6,0,10,106.7,14.2,2
2020,table2020.csv,0,0,0,0,0,0,0,1004,NANGKA,2016,2020,11,0,0,10,119.9,16.7,2
2020,table2020.csv,0,0,0,0,0,0,0,1002,NANGKA,2016,2020,11,6,0,10,119.4,16.8,2
2020,table2020.csv,0,0,0,0,0,0,0,1002,NANGKA,2016,2020,11,12,0,10,118.7,17.0,2
2020,table2020.csv,0,0,0,0,0,0,0,1000,NANGKA,2016,2020,11,18,0,10,118.0,17.2,2
2020,table2020.csv,0,0,0,0,0,0,0,1000,NANGKA,2016,2020,12,0,0,10,117.2,17.6,2
2020,table2020.csv,150,210,8,0,0,0,0,998,NANGKA,2016,2020,12,6,35,10,116.0,17.6,3
2020,table2020.csv,150,240,8,0,0,0,0,996,NANGKA,2016,2020,12,12,40,10,114.5,17.8,3
2020,table2020.csv,150,270,8,0,0,0,0,996,NANGKA,2016,2020,12,18,40,10,113.4,17.9,3
2020,table2020.csv,150,300,8,0,0,0,0,992,NANGKA,2016,2020,13,0,45,10,112.0,18.3,3
2020,table2020.csv,150,300,8,0,0,0,0,992,NANGKA,2016,2020,13,6,45,10,111.2,18.6,3
2020,table2020.csv,150,270,2,0,0,0,0,990,NANGKA,2016,2020,13,12,45,10,110.4,19.0,3
2020,table2020.csv,150,270,2,0,0,0,0,990,NANGKA,2016,2020,13,18,45,10,108.6,19.8,3
2020,table2020.csv,120,240,2,0,0,0,0,996,NANGKA,2016,2020,14,0,40,10,107.2,19.9,3
2020,table2020.csv,120,240,2,0,0,0,0,998,NANGKA,2016,2020,14,6,35,10,106.6,19.9,3
2020,table2020.csv,0,0,0,0,0,0,0,1000,NANGKA,2016,2020,14,12,0,10,105.9,19.9,2
2020,table2020.csv,0,0,0,0,0,0,0,1004,SAUDEL,2017,2020,18,18,0,10,130.3,13.1,2
2020,table2020.csv,0,0,0,0,0,0,0,1004,SAUDEL,2017,2020,19,0,0,10,129.4,13.3,2
2020,table2020.csv,0,0,0,0,0,0,0,1002,SAUDEL,2017,2020,19,6,0,10,128.1,13.9,2
2020,table2020.csv,0,0,0,0,0,0,0,1002,SAUDEL,2017,2020,19,12,0,10,127.3,14.2,2
2020,table2020.csv,0,0,0,0,0,0,0,1002,SAUDEL,2017,2020,19,18,0,10,126.0,15.0,2
2020,table2020.csv,120,210,7,0,0,0,0,1000,SAUDEL,2017,2020,20,0,35,10,124.5,15.5,3
2020,table2020.csv,120,210,7,0,0,0,0,996,SAUDEL,2017,2020,20,6,35,10,123.0,15.7,3
2020,table2020.csv,120,200,7,0,0,0,0,996,SAUDEL,2017,2020,20,12,35,10,121.8,15.8,3
2020,table2020.csv,150,150,9,0,0,0,0,996,SAUDEL,2017,2020,20,18,35,10,119.8,16.1,3
2020,table2020.csv,150,150,9,0,0,0,0,996,SAUDEL,2017,2020,21,0,35,10,118.8,16.0,3
2020,table2020.csv,150,210,7,0,0,0,0,990,SAUDEL,2017,2020,21,6,45,10,117.8,16.2,3
2020,table2020.csv,150,210,7,30,30,9,0,985,SAUDEL,2017,2020,21,12,55,10,117.4,15.8,4
2020,table2020.csv,150,210,7,30,30,9,0,985,SAUDEL,2017,2020,21,18,55,10,116.5,16.0,4
2020,table2020.csv,150,210,7,40,40,9,0,980,SAUDEL,2017,2020,22,0,60,10,116.3,16.8,4
2020,table2020.csv,180,210,7,45,45,9,0,980,SAUDEL,2017,2020,22,6,60,10,115.8,16.9,4
2020,table2020.csv,180,210,7,60,60,9,0,975,SAUDEL,2017,2020,22,12,65,10,115.9,17.1,5
2020,table2020.csv,180,210,7,60,60,9,0,975,SAUDEL,2017,2020,22,18,65,10,115.7,17.5,5
2020,table2020.csv,180,210,7,60,60,9,0,975,SAUDEL,2017,2020,23,0,65,10,115.3,17.5,5
2020,table2020.csv,150,200,7,60,60,9,0,975,SAUDEL,2017,2020,23,6,65,10,114.7,17.7,5
2020,table2020.csv,150,200,7,50,50,9,0,980,SAUDEL,2017,2020,23,12,60,10,114.2,17.9,4
2020,table2020.csv,180,180,9,40,40,9,0,985,SAUDEL,2017,2020,23,18,55,10,113.6,18.1,4
2020,table2020.csv,180,180,9,40,40,9,0,985,SAUDEL,2017,2020,24,0,55,10,113.1,18.2,4
2020,table2020.csv,180,180,9,30,30,9,0,985,SAUDEL,2017,2020,24,6,55,10,112.2,17.8,4
2020,table2020.csv,180,180,9,0,0,0,0,990,SAUDEL,2017,2020,24,12,50,10,111.1,17.7,4
2020,table2020.csv,150,150,9,0,0,0,0,990,SAUDEL,2017,2020,24,18,50,10,109.7,17.5,4
2020,table2020.csv,150,150,9,0,0,0,0,992,SAUDEL,2017,2020,25,0,45,10,109.0,17.5,3
2020,table2020.csv,100,100,9,0,0,0,0,1000,SAUDEL,2017,2020,25,6,35,10,108.2,17.5,3
2020,table2020.csv,0,0,0,0,0,0,0,1006,SAUDEL,2017,2020,25,12,0,10,107.6,17.5,2
2020,table2020.csv,0,0,0,0,0,0,0,1008,MOLAVE,2018,2020,22,0,0,10,137.5,9.4,2
2020,table2020.csv,0,0,0,0,0,0,0,1004,MOLAVE,2018,2020,22,6,0,10,137.1,9.6,2
2020,table2020.csv,0,0,0,0,0,0,0,1006,MOLAVE,2018,2020,22,12,0,10,136.5,9.8,2
2020,table2020.csv,0,0,0,0,0,0,0,1004,MOLAVE,2018,2020,22,18,0,10,135.5,10.0,2
2020,table2020.csv,0,0,0,0,0,0,0,1006,MOLAVE,2018,2020,23,0,0,10,134.8,10.0,2
2020,table2020.csv,0,0,0,0,0,0,0,1004,MOLAVE,2018,2020,23,6,0,10,134.2,10.5,2
2020,table2020.csv,0,0,0,0,0,0,0,1006,MOLAVE,2018,2020,23,12,0,10,133.6,11.1,2
2020,table2020.csv,0,0,0,0,0,0,0,1004,MOLAVE,2018,2020,23,18,0,10,132.3,12.0,2
2020,table2020.csv,0,0,0,0,0,0,0,1004,MOLAVE,2018,2020,24,0,0,10,131.1,12.6,2
2020,table2020.csv,90,120,1,0,0,0,0,1000,MOLAVE,2018,2020,24,6,35,10,129.7,13.1,3
2020,table2020.csv,90,120,1,0,0,0,0,998,MOLAVE,2018,2020,24,12,40,10,128.8,13.3,3
2020,table2020.csv,90,150,1,0,0,0,0,994,MOLAVE,2018,2020,24,18,45,10,127.4,13.4,3
2020,table2020.csv,90,150,1,0,0,0,0,992,MOLAVE,2018,2020,25,0,50,10,126.4,13.4,4
2020,table2020.csv,90,150,1,30,30,9,0,985,MOLAVE,2018,2020,25,6,60,10,124.7,13.4,4
2020,table2020.csv,90,150,1,40,40,9,0,975,MOLAVE,2018,2020,25,12,70,10,123.2,13.3,5
2020,table2020.csv,90,150,1,40,40,9,0,975,MOLAVE,2018,2020,25,18,70,10,121.8,13.1,5
2020,table2020.csv,150,150,9,40,40,9,0,975,MOLAVE,2018,2020,26,0,70,10,120.4,13.2,5
2020,table2020.csv,180,180,9,40,40,9,0,975,MOLAVE,2018,2020,26,6,65,10,118.8,13.4,5
2020,table2020.csv,210,210,9,60,60,9,0,965,MOLAVE,2018,2020,26,12,75,10,117.5,13.4,5
2020,table2020.csv,240,240,9,60,60,9,0,955,MOLAVE,2018,2020,26,18,80,10,116.0,13.4,5
2020,table2020.csv,240,240,9,60,60,9,0,950,MOLAVE,2018,2020,27,0,85,10,114.4,13.4,5
2020,table2020.csv,240,240,9,60,60,9,0,940,MOLAVE,2018,2020,27,6,90,10,113.2,13.5,5
2020,table2020.csv,240,240,9,60,90,2,0,940,MOLAVE,2018,2020,27,12,90,10,112.1,13.8,5
2020,table2020.csv,240,240,9,60,90,2,0,945,MOLAVE,2018,2020,27,18,85,10,110.9,14.2,5
2020,table2020.csv,240,240,9,60,90,2,0,955,MOLAVE,2018,2020,28,0,80,10,109.8,14.6,5
2020,table2020.csv,210,270,2,60,90,2,0,970,MOLAVE,2018,2020,28,6,70,10,108.7,15.2,5
2020,table2020.csv,210,270,2,0,0,0,0,992,MOLAVE,2018,2020,28,12,45,10,108.4,15.4,3
2020,table2020.csv,0,0,0,0,0,0,0,1000,MOLAVE,2018,2020,28,18,0,10,106.4,15.8,2
2020,table2020.csv,0,0,0,0,0,0,0,1004,MOLAVE,2018,2020,29,0,0,10,105.0,15.0,2
2020,table2020.csv,0,0,0,0,0,0,0,1008,GONI,2019,2020,26,12,0,10,141.7,14.1,2
2020,table2020.csv,0,0,0,0,0,0,0,1006,GONI,2019,2020,26,18,0,10,141.7,14.6,2
2020,table2020.csv,0,0,0,0,0,0,0,1008,GONI,2019,2020,27,0,0,10,141.6,15.1,2
2020,table2020.csv,0,0,0,0,0,0,0,1006,GONI,2019,2020,27,6,0,10,141.5,15.7,2
2020,table2020.csv,0,0,0,0,0,0,0,1008,GONI,2019,2020,27,12,0,10,141.1,16.0,2
2020,table2020.csv,0,0,0,0,0,0,0,1006,GONI,2019,2020,27,18,0,10,140.7,16.2,2
2020,table2020.csv,0,0,0,0,0,0,0,1008,GONI,2019,2020,28,0,0,10,140.0,16.4,2
2020,table2020.csv,0,0,0,0,0,0,0,1006,GONI,2019,2020,28,6,0,10,139.3,16.4,2
2020,table2020.csv,0,0,0,0,0,0,0,1008,GONI,2019,2020,28,12,0,10,138.6,16.5,2
2020,table2020.csv,90,120,1,0,0,0,0,1002,GONI,2019,2020,28,18,35,10,137.8,16.6,3
2020,table2020.csv,90,120,1,0,0,0,0,998,GONI,2019,2020,29,0,45,10,136.7,16.6,3
2020,table2020.csv,90,120,1,0,0,0,0,996,GONI,2019,2020,29,6,50,10,135.7,16.7,4
2020,table2020.csv,90,120,1,30,30,9,0,985,GONI,2019,2020,29,12,65,10,134.5,16.7,5
2020,table2020.csv,90,120,8,30,30,9,0,975,GONI,2019,2020,29,18,75,10,133.4,16.4,5
2020,table2020.csv,90,120,8,30,30,9,0,965,GONI,2019,2020,30,0,85,10,132.7,16.4,5
2020,table2020.csv,90,150,8,30,30,9,0,945,GONI,2019,2020,30,6,100,10,131.6,16.4,5
2020,table2020.csv,90,150,8,40,40,9,0,915,GONI,2019,2020,30,12,115,10,130.9,16.1,5
2020,table2020.csv,90,180,7,40,40,9,0,915,GONI,2019,2020,30,18,115,10,129.9,15.9,5
2020,table2020.csv,120,210,7,50,50,9,0,915,GONI,2019,2020,31,0,115,10,128.8,15.3,5
2020,table2020.csv,120,210,7,50,50,9,0,915,GONI,2019,2020,31,6,115,10,127.6,14.7,5
2020,table2020.csv,120,210,7,50,50,9,0,915,GONI,2019,2020,31,12,115,10,126.5,14.2,5
2020,table2020.csv,120,210,8,50,50,9,0,905,GONI,2019,2020,31,18,120,10,125.0,13.8,5
2020,table2020.csv,120,210,8,30,30,9,0,945,GONI,2019,2020,1,0,100,11,123.6,13.5,5
2020,table2020.csv,120,210,8,30,30,9,0,980,GONI,2019,2020,1,6,60,11,121.9,13.7,4
2020,table2020.csv,120,210,8,0,0,0,0,996,GONI,2019,2020,1,12,45,11,121.3,14.3,3
2020,table2020.csv,90,150,8,0,0,0,0,1000,GONI,2019,2020,1,18,35,11,119.5,14.5,3
2020,table2020.csv,90,150,8,0,0,0,0,1000,GONI,2019,2020,2,0,35,11,118.4,14.8,3
2020,table2020.csv,90,180,8,0,0,0,0,1000,GONI,2019,2020,2,6,35,11,117.6,15.1,3
2020,table2020.csv,90,180,7,0,0,0,0,1000,GONI,2019,2020,2,12,35,11,116.8,15.1,3
2020,table2020.csv,90,180,7,0,0,0,0,1002,GONI,2019,2020,2,18,35,11,116.0,15.1,3
2020,table2020.csv,90,180,7,0,0,0,0,1002,GONI,2019,2020,3,0,35,11,115.4,15.0,3
2020,table2020.csv,90,180,7,0,0,0,0,1002,GONI,2019,2020,3,6,35,11,115.2,14.8,3
2020,table2020.csv,90,180,7,0,0,0,0,1002,GONI,2019,2020,3,12,35,11,114.7,14.8,3
2020,table2020.csv,90,180,7,0,0,0,0,1002,GONI,2019,2020,3,18,35,11,114.0,14.6,3
2020,table2020.csv,90,180,7,0,0,0,0,1002,GONI,2019,2020,4,0,35,11,113.6,14.4,3
2020,table2020.csv,90,180,7,0,0,0,0,1000,GONI,2019,2020,4,6,40,11,113.3,14.3,3
2020,table2020.csv,90,180,7,0,0,0,0,1000,GONI,2019,2020,4,12,40,11,112.8,14.3,3
2020,table2020.csv,90,180,7,0,0,0,0,1000,GONI,2019,2020,4,18,40,11,112.2,14.4,3
2020,table2020.csv,120,180,7,0,0,0,0,1000,GONI,2019,2020,5,0,40,11,111.7,14.5,3
2020,table2020.csv,120,180,7,0,0,0,0,1002,GONI,2019,2020,5,6,35,11,111.4,13.9,3
2020,table2020.csv,0,0,0,0,0,0,0,1006,GONI,2019,2020,5,12,0,11,110.9,13.8,2
2020,table2020.csv,0,0,0,0,0,0,0,1008,GONI,2019,2020,5,18,0,11,110.1,14.0,2
2020,table2020.csv,0,0,0,0,0,0,0,1008,GONI,2019,2020,6,0,0,11,109.4,14.1,2
2020,table2020.csv,0,0,0,0,0,0,0,1008,GONI,2019,2020,6,6,0,11,107.2,14.7,2
2020,table2020.csv,0,0,0,0,0,0,0,1004,ATSANI,2020,2020,30,12,0,10,142.9,11.5,2
2020,table2020.csv,0,0,0,0,0,0,0,1002,ATSANI,2020,2020,30,18,0,10,141.9,12.5,2
2020,table2020.csv,0,0,0,0,0,0,0,1004,ATSANI,2020,2020,31,0,0,10,140.1,13.3,2
2020,table2020.csv,0,0,0,0,0,0,0,1002,ATSANI,2020,2020,31,6,0,10,138.8,13.9,2
2020,table2020.csv,0,0,0,0,0,0,0,1002,ATSANI,2020,2020,31,12,0,10,137.4,14.5,2
2020,table2020.csv,0,0,0,0,0,0,0,1002,ATSANI,2020,2020,31,18,0,10,136.0,14.9,2
2020,table2020.csv,0,0,0,0,0,0,0,1002,ATSANI,2020,2020,1,0,0,11,134.3,15.6,2
2020,table2020.csv,0,0,0,0,0,0,0,1002,ATSANI,2020,2020,1,6,0,11,132.5,16.0,2
2020,table2020.csv,0,0,0,0,0,0,0,1002,ATSANI,2020,2020,1,12,0,11,130.6,16.6,2
2020,table2020.csv,0,0,0,0,0,0,0,1002,ATSANI,2020,2020,1,18,0,11,129.1,17.9,2
2020,table2020.csv,0,0,0,0,0,0,0,1004,ATSANI,2020,2020,2,0,0,11,128.1,19.2,2
2020,table2020.csv,0,0,0,0,0,0,0,1002,ATSANI,2020,2020,2,6,0,11,127.0,19.6,2
2020,table2020.csv,0,0,0,0,0,0,0,1002,ATSANI,2020,2020,2,12,0,11,126.7,19.6,2
2020,table2020.csv,90,150,7,0,0,0,0,1000,ATSANI,2020,2020,2,18,35,11,127.1,19.8,3
2020,table2020.csv,120,150,7,0,0,0,0,998,ATSANI,2020,2020,3,0,40,11,127.6,20.1,3
2020,table2020.csv,120,150,7,0,0,0,0,998,ATSANI,2020,2020,3,6,40,11,127.9,20.0,3
2020,table2020.csv,120,150,7,0,0,0,0,998,ATSANI,2020,2020,3,12,40,11,128.5,19.8,3
2020,table2020.csv,120,150,7,0,0,0,0,998,ATSANI,2020,2020,3,18,40,11,128.8,19.7,3
2020,table2020.csv,120,180,7,0,0,0,0,994,ATSANI,2020,2020,4,0,45,11,129.2,19.8,3
2020,table2020.csv,120,180,7,0,0,0,0,994,ATSANI,2020,2020,4,6,45,11,129.0,20.3,3
2020,table2020.csv,120,180,7,0,0,0,0,992,ATSANI,2020,2020,4,12,50,11,128.7,20.2,4
2020,table2020.csv,120,180,7,0,0,0,0,992,ATSANI,2020,2020,4,18,50,11,127.7,20.0,4
2020,table2020.csv,90,180,7,0,0,0,0,992,ATSANI,2020,2020,5,0,50,11,126.7,19.9,4
2020,table2020.csv,90,180,7,0,0,0,0,992,ATSANI,2020,2020,5,6,50,11,125.5,20.1,4
2020,table2020.csv,90,180,7,0,0,0,0,994,ATSANI,2020,2020,5,12,50,11,124.2,20.5,4
2020,table2020.csv,90,150,7,0,0,0,0,994,ATSANI,2020,2020,5,18,50,11,123.0,20.6,4
2020,table2020.csv,90,120,8,0,0,0,0,996,ATSANI,2020,2020,6,0,50,11,121.9,21.1,4
2020,table2020.csv,90,90,9,0,0,0,0,996,ATSANI,2020,2020,6,6,50,11,120.9,21.3,4
2020,table2020.csv,60,60,9,0,0,0,0,998,ATSANI,2020,2020,6,12,50,11,120.2,21.7,4
2020,table2020.csv,60,60,9,0,0,0,0,1000,ATSANI,2020,2020,6,18,45,11,119.7,22.3,3
2020,table2020.csv,60,60,9,0,0,0,0,1004,ATSANI,2020,2020,7,0,35,11,119.5,22.6,3
2020,table2020.csv,0,0,0,0,0,0,0,1008,ATSANI,2020,2020,7,6,0,11,119.2,22.7,2
2020,table2020.csv,0,0,0,0,0,0,0,1008,ETAU,2021,2020,6,12,0,11,130.7,10.0,2
2020,table2020.csv,0,0,0,0,0,0,0,1006,ETAU,2021,2020,6,18,0,11,129.3,10.7,2
2020,table2020.csv,0,0,0,0,0,0,0,1008,ETAU,2021,2020,7,0,0,11,127.8,11.3,2
2020,table2020.csv,0,0,0,0,0,0,0,1006,ETAU,2021,2020,7,6,0,11,125.9,12.2,2
2020,table2020.csv,0,0,0,0,0,0,0,1004,ETAU,2021,2020,7,12,0,11,123.7,13.0,2
2020,table2020.csv,0,0,0,0,0,0,0,1004,ETAU,2021,2020,7,18,0,11,122.6,13.0,2
2020,table2020.csv,0,0,0,0,0,0,0,1006,ETAU,2021,2020,8,0,0,11,121.5,12.8,2
2020,table2020.csv,0,0,0,0,0,0,0,1004,ETAU,2021,2020,8,6,0,11,120.0,12.7,2
2020,table2020.csv,0,0,0,0,0,0,0,1002,ETAU,2021,2020,8,12,0,11,118.2,12.7,2
2020,table2020.csv,90,180,7,0,0,0,0,998,ETAU,2021,2020,8,18,35,11,115.4,12.9,3
2020,table2020.csv,90,180,7,0,0,0,0,996,ETAU,2021,2020,9,0,40,11,113.0,12.8,3
2020,table2020.csv,90,180,7,0,0,0,0,992,ETAU,2021,2020,9,6,45,11,112.0,12.5,3
2020,table2020.csv,90,180,7,0,0,0,0,996,ETAU,2021,2020,9,12,40,11,111.4,12.2,3
2020,table2020.csv,90,180,7,0,0,0,0,996,ETAU,2021,2020,9,18,40,11,110.8,12.2,3
2020,table2020.csv,90,180,8,0,0,0,0,998,ETAU,2021,2020,10,0,35,11,110.3,12.5,3
2020,table2020.csv,90,180,8,0,0,0,0,1000,ETAU,2021,2020,10,6,35,11,108.7,12.5,3
2020,table2020.csv,0,0,0,0,0,0,0,1004,ETAU,2021,2020,10,12,0,11,107.4,12.6,2
2020,table2020.csv,0,0,0,0,0,0,0,1006,ETAU,2021,2020,10,18,0,11,106.4,12.4,2
2020,table2020.csv,0,0,0,0,0,0,0,1008,VAMCO,2022,2020,8,0,0,11,135.2,8.2,2
2020,table2020.csv,0,0,0,0,0,0,0,1006,VAMCO,2022,2020,8,6,0,11,133.9,8.8,2
2020,table2020.csv,0,0,0,0,0,0,0,1008,VAMCO,2022,2020,8,12,0,11,133.2,9.4,2
2020,table2020.csv,0,0,0,0,0,0,0,1006,VAMCO,2022,2020,8,18,0,11,132.6,10.0,2
2020,table2020.csv,0,0,0,0,0,0,0,1006,VAMCO,2022,2020,9,0,0,11,131.6,10.9,2
2020,table2020.csv,0,0,0,0,0,0,0,1004,VAMCO,2022,2020,9,6,0,11,130.9,11.5,2
2020,table2020.csv,120,120,9,0,0,0,0,1004,VAMCO,2022,2020,9,12,35,11,130.4,11.9,3
2020,table2020.csv,150,150,9,0,0,0,0,1002,VAMCO,2022,2020,9,18,35,11,130.0,12.3,3
2020,table2020.csv,150,210,8,0,0,0,0,1000,VAMCO,2022,2020,10,0,40,11,128.9,13.4,3
2020,table2020.csv,150,210,8,0,0,0,0,994,VAMCO,2022,2020,10,6,45,11,128.1,14.3,3
2020,table2020.csv,150,240,8,0,0,0,0,992,VAMCO,2022,2020,10,12,50,11,126.6,14.5,4
2020,table2020.csv,150,240,8,40,40,9,0,990,VAMCO,2022,2020,10,18,55,11,125.7,14.5,4
2020,table2020.csv,150,240,8,60,60,9,0,975,VAMCO,2022,2020,11,0,65,11,124.6,14.6,5
2020,table2020.csv,150,240,8,60,60,9,0,970,VAMCO,2022,2020,11,6,70,11,123.5,14.4,5
2020,table2020.csv,150,270,1,60,60,9,0,965,VAMCO,2022,2020,11,12,75,11,122.8,14.8,5
2020,table2020.csv,150,270,1,60,60,9,0,970,VAMCO,2022,2020,11,18,70,11,121.3,15.1,5
2020,table2020.csv,150,270,1,40,40,9,0,985,VAMCO,2022,2020,12,0,55,11,119.6,15.2,4
2020,table2020.csv,150,240,1,40,40,9,0,980,VAMCO,2022,2020,12,6,60,11,118.5,15.2,4
2020,table2020.csv,150,210,1,40,40,9,0,980,VAMCO,2022,2020,12,12,60,11,117.3,15.1,4
2020,table2020.csv,150,210,1,40,40,9,0,980,VAMCO,2022,2020,12,18,60,11,116.3,15.2,4
2020,table2020.csv,150,180,1,50,50,9,0,980,VAMCO,2022,2020,13,0,60,11,115.5,15.4,4
2020,table2020.csv,150,180,1,50,50,9,0,980,VAMCO,2022,2020,13,6,60,11,114.4,15.4,4
2020,table2020.csv,150,180,1,60,60,9,0,965,VAMCO,2022,2020,13,12,75,11,113.4,15.5,5
2020,table2020.csv,150,180,1,60,60,9,0,960,VAMCO,2022,2020,13,18,80,11,112.4,15.6,5
2020,table2020.csv,150,180,1,60,60,9,0,955,VAMCO,2022,2020,14,0,85,11,111.4,15.8,5
2020,table2020.csv,150,180,1,60,60,9,0,975,VAMCO,2022,2020,14,6,70,11,110.3,15.9,5
2020,table2020.csv,150,180,1,60,60,9,0,980,VAMCO,2022,2020,14,12,65,11,109.4,16.4,5
2020,table2020.csv,150,180,1,50,50,9,0,980,VAMCO,2022,2020,14,18,65,11,108.6,16.7,5
2020,table2020.csv,90,150,1,40,40,9,0,990,VAMCO,2022,2020,15,0,55,11,107.9,17.1,4
2020,table2020.csv,60,120,1,0,0,0,0,1000,VAMCO,2022,2020,15,6,35,11,106.6,17.9,3
2020,table2020.csv,0,0,0,0,0,0,0,1008,VAMCO,2022,2020,15,12,0,11,105.9,18.1,2
2020,table2020.csv,0,0,0,0,0,0,0,1012,VAMCO,2022,2020,15,18,0,11,104.3,18.7,2
2020,table2020.csv,0,0,0,0,0,0,0,1014,VAMCO,2022,2020,16,0,0,11,103.6,19.2,2
2020,table2020.csv,0,0,0,0,0,0,0,1014,VAMCO,2022,2020,16,6,0,11,103.0,20.1,2
2020,table2020.csv,0,0,0,0,0,0,0,1004,KROVANH,2023,2020,18,0,0,12,127.2,7.2,2
2020,table2020.csv,0,0,0,0,0,0,0,1002,KROVANH,2023,2020,18,6,0,12,126.1,8.2,2
2020,table2020.csv,0,0,0,0,0,0,0,1004,KROVANH,2023,2020,18,12,0,12,124.2,9.4,2
2020,table2020.csv,0,0,0,0,0,0,0,1004,KROVANH,2023,2020,18,18,0,12,122.3,8.6,2
2020,table2020.csv,0,0,0,0,0,0,0,1004,KROVANH,2023,2020,19,0,0,12,120.9,8.6,2
2020,table2020.csv,0,0,0,0,0,0,0,1004,KROVANH,2023,2020,19,6,0,12,119.3,9.2,2
2020,table2020.csv,0,0,0,0,0,0,0,1004,KROVANH,2023,2020,19,12,0,12,117.7,9.9,2
2020,table2020.csv,0,0,0,0,0,0,0,1004,KROVANH,2023,2020,19,18,0,12,116.1,9.2,2
2020,table2020.csv,120,240,7,0,0,0,0,1002,KROVANH,2023,2020,20,0,35,12,115.7,9.6,3
2020,table2020.csv,120,240,7,0,0,0,0,1000,KROVANH,2023,2020,20,6,35,12,115.2,10.0,3
2020,table2020.csv,120,240,7,0,0,0,0,1002,KROVANH,2023,2020,20,12,35,12,114.5,9.8,3
2020,table2020.csv,120,240,7,0,0,0,0,1002,KROVANH,2023,2020,20,18,35,12,114.1,9.4,3
2020,table2020.csv,120,240,7,0,0,0,0,1002,KROVANH,2023,2020,21,0,35,12,113.5,9.0,3
2020,table2020.csv,120,240,7,0,0,0,0,1002,KROVANH,2023,2020,21,6,35,12,112.8,8.8,3
2020,table2020.csv,120,240,7,0,0,0,0,1002,KROVANH,2023,2020,21,12,35,12,112.1,8.6,3
2020,table2020.csv,120,240,7,0,0,0,0,1002,KROVANH,2023,2020,21,18,35,12,111.4,8.1,3
2020,table2020.csv,120,240,7,0,0,0,0,1002,KROVANH,2023,2020,22,0,35,12,111.1,7.3,3
2020,table2020.csv,0,0,0,0,0,0,0,1004,KROVANH,2023,2020,22,6,0,12,110.6,7.7,2
2020,table2020.csv,0,0,0,0,0,0,0,1004,KROVANH,2023,2020,22,12,0,12,110.2,8.1,2
2020,table2020.csv,0,0,0,0,0,0,0,1004,KROVANH,2023,2020,22,18,0,12,109.4,8.0,2
2020,table2020.csv,0,0,0,0,0,0,0,1006,KROVANH,2023,2020,23,0,0,12,109.1,8.1,2
2020,table2020.csv,0,0,0,0,0,0,0,1006,KROVANH,2023,2020,23,6,0,12,107.8,8.6,2
2020,table2020.csv,0,0,0,0,0,0,0,1006,KROVANH,2023,2020,23,12,0,12,106.2,8.0,2
2020,table2020.csv,0,0,0,0,0,0,0,1006,KROVANH,2023,2020,23,18,0,12,105.2,7.7,2
2020,table2020.csv,0,0,0,0,0,0,0,1006,KROVANH,2023,2020,24,0,0,12,103.9,7.5,2
2020,table2020.csv,0,0,0,0,0,0,0,1004,KROVANH,2023,2020,24,6,0,12,102.8,7.6,2
2020,table2020.csv,0,0,0,0,0,0,0,1006,KROVANH,2023,2020,24,12,0,12,101.7,8.2,2
2020,table2020.csv,0,0,0,0,0,0,0,1008,KROVANH,2023,2020,24,18,0,12,100.6,9.0,2
2020,table2020.csv,0,0,0,0,0,0,0,1008,KROVANH,2023,2020,25,0,0,12,99.6,9.9,2
2021,table2021.csv,0,0,0,0,0,0,0,1004,DUJUAN,2101,2021,16,6,0,2,136.9,6.9,2
2021,table2021.csv,0,0,0,0,0,0,0,1006,DUJUAN,2101,2021,16,12,0,2,136.2,6.9,2
2021,table2021.csv,0,0,0,0,0,0,0,1004,DUJUAN,2101,2021,16,18,0,2,135.1,6.8,2
2021,table2021.csv,0,0,0,0,0,0,0,1004,DUJUAN,2101,2021,17,0,0,2,134.2,6.6,2
2021,table2021.csv,0,0,0,0,0,0,0,1002,DUJUAN,2101,2021,17,6,0,2,133.7,6.5,2
2021,table2021.csv,0,0,0,0,0,0,0,1004,DUJUAN,2101,2021,17,12,0,2,133.2,6.5,2
2021,table2021.csv,0,0,0,0,0,0,0,1002,DUJUAN,2101,2021,17,18,0,2,132.7,6.7,2
2021,table2021.csv,120,210,7,0,0,0,0,1000,DUJUAN,2101,2021,18,0,35,2,132.6,7.0,3
2021,table2021.csv,120,210,7,0,0,0,0,998,DUJUAN,2101,2021,18,6,35,2,132.1,7.3,3
2021,table2021.csv,120,210,7,0,0,0,0,996,DUJUAN,2101,2021,18,12,40,2,131.9,7.2,3
2021,table2021.csv,120,210,7,0,0,0,0,996,DUJUAN,2101,2021,18,18,40,2,131.6,7.1,3
2021,table2021.csv,120,210,7,0,0,0,0,996,DUJUAN,2101,2021,19,0,40,2,131.1,6.9,3
2021,table2021.csv,120,210,7,0,0,0,0,996,DUJUAN,2101,2021,19,6,40,2,130.4,6.7,3
2021,table2021.csv,120,300,7,0,0,0,0,998,DUJUAN,2101,2021,19,12,40,2,130.5,6.1,3
2021,table2021.csv,120,300,7,0,0,0,0,998,DUJUAN,2101,2021,19,18,40,2,130.9,6.1,3
2021,table2021.csv,120,400,7,0,0,0,0,998,DUJUAN,2101,2021,20,0,40,2,131.3,6.3,3
2021,table2021.csv,120,400,7,0,0,0,0,998,DUJUAN,2101,2021,20,6,40,2,131.1,6.9,3
2021,table2021.csv,120,400,7,0,0,0,0,1000,DUJUAN,2101,2021,20,12,35,2,130.4,7.3,3
2021,table2021.csv,180,350,7,0,0,0,0,1000,DUJUAN,2101,2021,20,18,35,2,129.7,7.8,3
2021,table2021.csv,180,350,7,0,0,0,0,1000,DUJUAN,2101,2021,21,0,35,2,129.1,8.3,3
2021,table2021.csv,180,350,7,0,0,0,0,1000,DUJUAN,2101,2021,21,6,35,2,128.4,9.0,3
2021,table2021.csv,0,0,0,0,0,0,0,1004,DUJUAN,2101,2021,21,12,0,2,126.9,10.1,2
2021,table2021.csv,0,0,0,0,0,0,0,1006,DUJUAN,2101,2021,21,18,0,2,126.0,11.5,2
2021,table2021.csv,0,0,0,0,0,0,0,1008,DUJUAN,2101,2021,22,0,0,2,125.0,12.3,2
2021,table2021.csv,0,0,0,0,0,0,0,1006,DUJUAN,2101,2021,22,6,0,2,124.1,13.3,2
2021,table2021.csv,0,0,0,0,0,0,0,1008,DUJUAN,2101,2021,22,12,0,2,123.3,14.1,2
2021,table2021.csv,0,0,0,0,0,0,0,1008,DUJUAN,2101,2021,22,18,0,2,122.6,14.6,2
2021,table2021.csv,0,0,0,0,0,0,0,1010,DUJUAN,2101,2021,23,0,0,2,122.2,15.2,2
2021,table2021.csv,0,0,0,0,0,0,0,1006,SURIGAE,2102,2021,12,18,0,4,138.0,7.6,2
2021,table2021.csv,0,0,0,0,0,0,0,1006,SURIGAE,2102,2021,13,0,0,4,137.8,7.6,2
2021,table2021.csv,0,0,0,0,0,0,0,1004,SURIGAE,2102,2021,13,6,0,4,137.6,7.7,2
2021,table2021.csv,0,0,0,0,0,0,0,1004,SURIGAE,2102,2021,13,12,0,4,137.4,7.8,2
2021,table2021.csv,150,150,9,0,0,0,0,1002,SURIGAE,2102,2021,13,18,35,4,137.2,7.9,3
2021,table2021.csv,150,150,9,0,0,0,0,1000,SURIGAE,2102,2021,14,0,40,4,137.0,8.1,3
2021,table2021.csv,150,150,9,0,0,0,0,998,SURIGAE,2102,2021,14,6,40,4,136.9,8.3,3
2021,table2021.csv,150,150,9,0,0,0,0,994,SURIGAE,2102,2021,14,12,45,4,136.7,8.4,3
2021,table2021.csv,150,150,9,0,0,0,0,994,SURIGAE,2102,2021,14,18,45,4,136.5,8.5,3
2021,table2021.csv,150,150,9,0,0,0,0,990,SURIGAE,2102,2021,15,0,50,4,136.3,8.6,4
2021,table2021.csv,150,150,9,30,30,9,0,985,SURIGAE,2102,2021,15,6,55,4,136.1,8.6,4
2021,table2021.csv,150,150,9,40,40,9,0,975,SURIGAE,2102,2021,15,12,65,4,135.8,8.6,5
2021,table2021.csv,210,210,9,50,50,9,0,970,SURIGAE,2102,2021,15,18,70,4,135.3,8.7,5
2021,table2021.csv,210,210,9,60,60,9,0,965,SURIGAE,2102,2021,16,0,75,4,134.6,8.9,5
2021,table2021.csv,240,240,9,60,60,9,0,955,SURIGAE,2102,2021,16,6,80,4,133.8,9.2,5
2021,table2021.csv,240,240,9,80,80,9,0,950,SURIGAE,2102,2021,16,12,85,4,133.1,9.5,5
2021,table2021.csv,240,240,9,100,100,9,0,940,SURIGAE,2102,2021,16,18,90,4,132.1,10.0,5
2021,table2021.csv,240,240,9,120,120,9,0,935,SURIGAE,2102,2021,17,0,95,4,131.1,10.7,5
2021,table2021.csv,240,240,9,120,120,9,0,925,SURIGAE,2102,2021,17,6,100,4,130.1,11.4,5
2021,table2021.csv,240,240,9,120,120,9,0,905,SURIGAE,2102,2021,17,12,110,4,129.2,12.1,5
2021,table2021.csv,240,240,9,120,120,9,0,895,SURIGAE,2102,2021,17,18,120,4,128.4,12.6,5
2021,table2021.csv,240,240,9,120,120,9,0,895,SURIGAE,2102,2021,18,0,120,4,127.7,13.1,5
2021,table2021.csv,240,240,9,120,120,9,0,900,SURIGAE,2102,2021,18,6,115,4,127.1,13.4,5
2021,table2021.csv,240,240,9,90,90,9,0,910,SURIGAE,2102,2021,18,12,105,4,126.8,13.6,5
2021,table2021.csv,240,240,9,90,90,9,0,910,SURIGAE,2102,2021,18,18,105,4,126.5,13.9,5
2021,table2021.csv,240,240,9,90,90,9,0,910,SURIGAE,2102,2021,19,0,105,4,126.3,14.2,5
2021,table2021.csv,240,240,9,90,90,9,0,920,SURIGAE,2102,2021,19,6,100,4,126.3,14.6,5
2021,table2021.csv,210,240,8,90,90,9,0,920,SURIGAE,2102,2021,19,12,100,4,126.3,14.9,5
2021,table2021.csv,210,240,8,90,90,9,0,930,SURIGAE,2102,2021,19,18,95,4,126.3,15.2,5
2021,table2021.csv,210,240,8,90,90,9,0,935,SURIGAE,2102,2021,20,0,90,4,126.1,15.5,5
2021,table2021.csv,210,240,8,90,90,9,0,935,SURIGAE,2102,2021,20,6,90,4,126.0,15.9,5
2021,table2021.csv,210,240,8,90,90,9,0,935,SURIGAE,2102,2021,20,12,90,4,125.9,16.4,5
2021,table2021.csv,210,240,8,90,90,9,0,935,SURIGAE,2102,2021,20,18,90,4,125.5,17.0,5
2021,table2021.csv,210,210,9,90,90,9,0,935,SURIGAE,2102,2021,21,0,90,4,125.2,17.5,5
2021,table2021.csv,210,210,9,90,90,9,0,935,SURIGAE,2102,2021,21,6,90,4,125.0,18.2,5
2021,table2021.csv,210,210,9,90,90,9,0,935,SURIGAE,2102,2021,21,12,90,4,124.8,18.8,5
2021,table2021.csv,210,210,9,90,90,9,0,945,SURIGAE,2102,2021,21,18,85,4,124.8,19.3,5
2021,table2021.csv,210,210,9,90,90,9,0,945,SURIGAE,2102,2021,22,0,85,4,124.9,19.7,5
2021,table2021.csv,210,210,9,90,90,9,0,945,SURIGAE,2102,2021,22,6,85,4,125.4,20.3,5
2021,table2021.csv,180,180,9,90,90,9,0,950,SURIGAE,2102,2021,22,12,80,4,126.2,20.9,5
2021,table2021.csv,180,180,9,90,90,9,0,960,SURIGAE,2102,2021,22,18,75,4,127.2,21.6,5
2021,table2021.csv,180,180,9,90,90,9,0,970,SURIGAE,2102,2021,23,0,65,4,128.5,22.8,5
2021,table2021.csv,180,180,9,90,90,9,0,975,SURIGAE,2102,2021,23,6,60,4,128.9,23.1,4
2021,table2021.csv,180,180,9,90,90,9,0,980,SURIGAE,2102,2021,23,12,55,4,129.8,23.4,4
2021,table2021.csv,180,180,9,0,0,0,0,985,SURIGAE,2102,2021,23,18,50,4,130.5,23.4,4
2021,table2021.csv,180,180,9,0,0,0,0,985,SURIGAE,2102,2021,24,0,50,4,131.2,23.0,4
2021,table2021.csv,210,210,9,0,0,0,0,990,SURIGAE,2102,2021,24,6,45,4,131.8,22.7,3
2021,table2021.csv,210,210,9,0,0,0,0,994,SURIGAE,2102,2021,24,12,40,4,132.8,22.2,3
2021,table2021.csv,210,210,9,0,0,0,0,996,SURIGAE,2102,2021,24,18,35,4,134.1,21.7,3
2021,table2021.csv,0,0,0,0,0,0,0,996,SURIGAE,2102,2021,25,0,0,4,136.2,21.8,6
2021,table2021.csv,0,0,0,0,0,0,0,992,SURIGAE,2102,2021,25,6,0,4,138.2,22.3,6
2021,table2021.csv,0,0,0,0,0,0,0,992,SURIGAE,2102,2021,25,12,0,4,141.0,23.9,6
2021,table2021.csv,0,0,0,0,0,0,0,990,SURIGAE,2102,2021,25,18,0,4,144.9,25.7,6
2021,table2021.csv,0,0,0,0,0,0,0,988,SURIGAE,2102,2021,26,0,0,4,149.4,28.9,6
2021,table2021.csv,0,0,0,0,0,0,0,982,SURIGAE,2102,2021,26,6,0,4,153.5,33.5,6
2021,table2021.csv,0,0,0,0,0,0,0,970,SURIGAE,2102,2021,26,12,0,4,156.5,37.1,6
2021,table2021.csv,0,0,0,0,0,0,0,950,SURIGAE,2102,2021,26,18,0,4,157.7,40.1,6
2021,table2021.csv,0,0,0,0,0,0,0,944,SURIGAE,2102,2021,27,0,0,4,159.3,42.5,6
2021,table2021.csv,0,0,0,0,0,0,0,948,SURIGAE,2102,2021,27,6,0,4,161.1,44.0,6
2021,table2021.csv,0,0,0,0,0,0,0,952,SURIGAE,2102,2021,27,12,0,4,162.3,45.8,6
2021,table2021.csv,0,0,0,0,0,0,0,956,SURIGAE,2102,2021,27,18,0,4,164.1,46.0,6
2021,table2021.csv,0,0,0,0,0,0,0,964,SURIGAE,2102,2021,28,0,0,4,165.8,46.4,6
2021,table2021.csv,0,0,0,0,0,0,0,968,SURIGAE,2102,2021,28,6,0,4,167.2,46.8,6
2021,table2021.csv,0,0,0,0,0,0,0,972,SURIGAE,2102,2021,28,12,0,4,168.7,47.2,6
2021,table2021.csv,0,0,0,0,0,0,0,976,SURIGAE,2102,2021,28,18,0,4,169.1,47.5,6
2021,table2021.csv,0,0,0,0,0,0,0,980,SURIGAE,2102,2021,29,0,0,4,169.9,47.4,6
2021,table2021.csv,0,0,0,0,0,0,0,984,SURIGAE,2102,2021,29,6,0,4,170.4,47.3,6
2021,table2021.csv,0,0,0,0,0,0,0,988,SURIGAE,2102,2021,29,12,0,4,171.1,47.2,6
2021,table2021.csv,0,0,0,0,0,0,0,990,SURIGAE,2102,2021,29,18,0,4,172.2,46.7,6
2021,table2021.csv,0,0,0,0,0,0,0,992,SURIGAE,2102,2021,30,0,0,4,173.5,46.2,6
2021,table2021.csv,0,0,0,0,0,0,0,994,SURIGAE,2102,2021,30,6,0,4,176.3,45.2,6
2021,table2021.csv,0,0,0,0,0,0,0,998,SURIGAE,2102,2021,30,12,0,4,179.8,44.6,6
2021,table2021.csv,0,0,0,0,0,0,0,998,SURIGAE,2102,2021,30,18,0,4,184.1,44.6,6
2021,table2021.csv,0,0,0,0,0,0,0,1004,CHOI-WAN,2103,2021,29,0,0,5,137.1,6.4,2
2021,table2021.csv,0,0,0,0,0,0,0,1004,CHOI-WAN,2103,2021,29,6,0,5,135.8,6.0,2
2021,table2021.csv,0,0,0,0,0,0,0,1004,CHOI-WAN,2103,2021,29,12,0,5,135.1,5.8,2
2021,table2021.csv,0,0,0,0,0,0,0,1004,CHOI-WAN,2103,2021,29,18,0,5,134.3,5.8,2
2021,table2021.csv,0,0,0,0,0,0,0,1004,CHOI-WAN,2103,2021,30,0,0,5,133.5,5.9,2
2021,table2021.csv,0,0,0,0,0,0,0,1002,CHOI-WAN,2103,2021,30,6,0,5,132.9,6.0,2
2021,table2021.csv,0,0,0,0,0,0,0,1002,CHOI-WAN,2103,2021,30,12,0,5,132.5,6.6,2
2021,table2021.csv,60,150,4,0,0,0,0,1000,CHOI-WAN,2103,2021,30,18,35,5,131.6,7.2,3
2021,table2021.csv,60,150,4,0,0,0,0,1000,CHOI-WAN,2103,2021,31,0,35,5,131.1,8.1,3
2021,table2021.csv,60,150,4,0,0,0,0,1000,CHOI-WAN,2103,2021,31,6,35,5,130.0,9.1,3
2021,table2021.csv,60,150,5,0,0,0,0,1000,CHOI-WAN,2103,2021,31,12,35,5,129.1,9.5,3
2021,table2021.csv,60,150,5,0,0,0,0,998,CHOI-WAN,2103,2021,31,18,40,5,128.3,9.7,3
2021,table2021.csv,60,150,5,0,0,0,0,998,CHOI-WAN,2103,2021,1,0,40,6,127.3,10.0,3
2021,table2021.csv,60,150,5,0,0,0,0,998,CHOI-WAN,2103,2021,1,6,35,6,126.8,11.1,3
2021,table2021.csv,60,150,5,0,0,0,0,998,CHOI-WAN,2103,2021,1,12,35,6,125.6,11.7,3
2021,table2021.csv,60,90,5,0,0,0,0,1000,CHOI-WAN,2103,2021,1,18,35,6,123.6,11.8,3
2021,table2021.csv,60,90,5,0,0,0,0,1000,CHOI-WAN,2103,2021,2,0,35,6,122.3,12.6,3
2021,table2021.csv,60,90,5,0,0,0,0,1000,CHOI-WAN,2103,2021,2,6,35,6,121.7,13.2,3
2021,table2021.csv,60,90,5,0,0,0,0,1000,CHOI-WAN,2103,2021,2,12,35,6,120.7,13.5,3
2021,table2021.csv,60,90,5,0,0,0,0,1000,CHOI-WAN,2103,2021,2,18,35,6,119.5,14.9,3
2021,table2021.csv,60,90,5,0,0,0,0,998,CHOI-WAN,2103,2021,3,0,40,6,118.9,16.7,3
2021,table2021.csv,60,90,5,0,0,0,0,998,CHOI-WAN,2103,2021,3,6,40,6,118.0,17.6,3
2021,table2021.csv,60,90,4,0,0,0,0,998,CHOI-WAN,2103,2021,3,12,40,6,118.2,18.6,3
2021,table2021.csv,60,90,4,0,0,0,0,1000,CHOI-WAN,2103,2021,3,18,40,6,118.4,19.5,3
2021,table2021.csv,60,90,4,0,0,0,0,1000,CHOI-WAN,2103,2021,4,0,40,6,118.6,20.2,3
2021,table2021.csv,60,90,4,0,0,0,0,1002,CHOI-WAN,2103,2021,4,6,35,6,119.5,20.9,3
2021,table2021.csv,60,90,4,0,0,0,0,1002,CHOI-WAN,2103,2021,4,12,35,6,121.1,21.8,3
2021,table2021.csv,60,90,4,0,0,0,0,1002,CHOI-WAN,2103,2021,4,18,35,6,122.5,23.1,3
2021,table2021.csv,120,120,9,0,0,0,0,1002,CHOI-WAN,2103,2021,5,0,35,6,123.7,24.7,3
2021,table2021.csv,0,0,0,0,0,0,0,1000,CHOI-WAN,2103,2021,5,6,0,6,126.2,26.9,6
2021,table2021.csv,0,0,0,0,0,0,0,1002,CHOI-WAN,2103,2021,5,12,0,6,128.9,28.3,6
2021,table2021.csv,0,0,0,0,0,0,0,1004,CHOI-WAN,2103,2021,5,18,0,6,131.7,29.8,6
2021,table2021.csv,0,0,0,0,0,0,0,1008,CHOI-WAN,2103,2021,6,0,0,6,136.3,32.2,6
2021,table2021.csv,0,0,0,0,0,0,0,1000,KOGUMA,2104,2021,11,0,0,6,113.5,17.7,2
2021,table2021.csv,0,0,0,0,0,0,0,1000,KOGUMA,2104,2021,11,6,0,6,112.8,17.4,2
2021,table2021.csv,0,0,0,0,0,0,0,1000,KOGUMA,2104,2021,11,12,0,6,112.0,17.7,2
2021,table2021.csv,210,210,9,0,0,0,0,998,KOGUMA,2104,2021,11,18,35,6,110.6,18.3,3
2021,table2021.csv,210,210,9,0,0,0,0,998,KOGUMA,2104,2021,12,0,35,6,109.7,18.7,3
2021,table2021.csv,180,210,4,0,0,0,0,996,KOGUMA,2104,2021,12,6,35,6,108.9,19.4,3
2021,table2021.csv,150,210,4,0,0,0,0,996,KOGUMA,2104,2021,12,12,35,6,107.3,19.8,3
2021,table2021.csv,150,210,4,0,0,0,0,996,KOGUMA,2104,2021,12,18,35,6,106.5,19.7,3
2021,table2021.csv,150,210,4,0,0,0,0,996,KOGUMA,2104,2021,13,0,35,6,105.4,19.6,3
2021,table2021.csv,0,0,0,0,0,0,0,1000,KOGUMA,2104,2021,13,6,0,6,104.0,20.0,2
2021,table2021.csv,0,0,0,0,0,0,0,998,KOGUMA,2104,2021,13,12,0,6,101.9,20.7,2
2021,table2021.csv,0,0,0,0,0,0,0,1010,CHAMPI,2105,2021,20,0,0,6,150.9,9.9,2
2021,table2021.csv,0,0,0,0,0,0,0,1008,CHAMPI,2105,2021,20,6,0,6,150.3,10.1,2
2021,table2021.csv,0,0,0,0,0,0,0,1010,CHAMPI,2105,2021,20,12,0,6,149.5,10.6,2
2021,table2021.csv,0,0,0,0,0,0,0,1008,CHAMPI,2105,2021,20,18,0,6,148.3,11.1,2
2021,table2021.csv,0,0,0,0,0,0,0,1010,CHAMPI,2105,2021,21,0,0,6,147.8,11.6,2
2021,table2021.csv,0,0,0,0,0,0,0,1008,CHAMPI,2105,2021,21,6,0,6,147.1,11.8,2
2021,table2021.csv,0,0,0,0,0,0,0,1010,CHAMPI,2105,2021,21,12,0,6,145.8,12.1,2
2021,table2021.csv,0,0,0,0,0,0,0,1010,CHAMPI,2105,2021,21,18,0,6,144.8,12.6,2
2021,table2021.csv,0,0,0,0,0,0,0,1010,CHAMPI,2105,2021,22,0,0,6,143.6,13.4,2
2021,table2021.csv,0,0,0,0,0,0,0,1008,CHAMPI,2105,2021,22,6,0,6,142.6,14.3,2
2021,table2021.csv,0,0,0,0,0,0,0,1008,CHAMPI,2105,2021,22,12,0,6,141.9,14.6,2
2021,table2021.csv,0,0,0,0,0,0,0,1006,CHAMPI,2105,2021,22,18,0,6,141.3,15.3,2
2021,table2021.csv,40,80,2,0,0,0,0,1002,CHAMPI,2105,2021,23,0,35,6,141.3,16.1,3
2021,table2021.csv,80,120,2,0,0,0,0,1000,CHAMPI,2105,2021,23,6,40,6,141.1,17.1,3
2021,table2021.csv,120,150,2,0,0,0,0,998,CHAMPI,2105,2021,23,12,45,6,140.7,17.7,3
2021,table2021.csv,120,150,2,0,0,0,0,998,CHAMPI,2105,2021,23,18,45,6,140.2,17.9,3
2021,table2021.csv,120,150,2,0,0,0,0,992,CHAMPI,2105,2021,24,0,50,6,140.1,18.5,4
2021,table2021.csv,120,150,2,0,0,0,0,992,CHAMPI,2105,2021,24,6,50,6,139.8,19.0,4
2021,table2021.csv,120,150,2,0,0,0,0,992,CHAMPI,2105,2021,24,12,50,6,139.7,19.6,4
2021,table2021.csv,150,150,9,25,25,9,0,990,CHAMPI,2105,2021,24,18,55,6,139.6,20.2,4
2021,table2021.csv,120,150,2,25,25,9,0,985,CHAMPI,2105,2021,25,0,60,6,139.0,21.0,4
2021,table2021.csv,90,150,2,25,25,9,0,980,CHAMPI,2105,2021,25,6,65,6,139.1,21.9,5
2021,table2021.csv,90,150,2,25,25,9,0,980,CHAMPI,2105,2021,25,12,65,6,139.2,22.8,5
2021,table2021.csv,90,120,2,25,25,9,0,985,CHAMPI,2105,2021,25,18,60,6,139.3,23.6,4
2021,table2021.csv,90,120,2,25,25,9,0,985,CHAMPI,2105,2021,26,0,60,6,139.8,24.8,4
2021,table2021.csv,90,120,2,25,25,9,0,985,CHAMPI,2105,2021,26,6,60,6,140.0,25.8,4
2021,table2021.csv,90,120,2,0,0,0,0,992,CHAMPI,2105,2021,26,12,50,6,140.2,26.9,4
2021,table2021.csv,90,120,2,0,0,0,0,994,CHAMPI,2105,2021,26,18,45,6,140.8,28.3,3
2021,table2021.csv,90,120,2,0,0,0,0,996,CHAMPI,2105,2021,27,0,40,6,141.4,29.9,3
2021,table2021.csv,90,120,2,0,0,0,0,998,CHAMPI,2105,2021,27,6,35,6,142.3,31.8,3
2021,table2021.csv,90,120,2,0,0,0,0,998,CHAMPI,2105,2021,27,12,35,6,143.8,34.0,3
2021,table2021.csv,0,0,0,0,0,0,0,996,CHAMPI,2105,2021,27,18,0,6,145.3,36.4,6
2021,table2021.csv,0,0,0,0,0,0,0,994,CHAMPI,2105,2021,28,0,0,6,148.8,38.2,6
2021,table2021.csv,0,0,0,0,0,0,0,994,CHAMPI,2105,2021,28,6,0,6,152.0,39.5,6
2021,table2021.csv,0,0,0,0,0,0,0,994,CHAMPI,2105,2021,28,12,0,6,155.1,40.4,6
2021,table2021.csv,0,0,0,0,0,0,0,996,CHAMPI,2105,2021,28,18,0,6,159.7,41.1,6
2021,table2021.csv,0,0,0,0,0,0,0,1006,IN-FA,2106,2021,15,18,0,7,135.1,16.6,2
2021,table2021.csv,0,0,0,0,0,0,0,1006,IN-FA,2106,2021,16,0,0,7,135.3,16.9,2
2021,table2021.csv,0,0,0,0,0,0,0,1004,IN-FA,2106,2021,16,6,0,7,135.4,17.5,2
2021,table2021.csv,0,0,0,0,0,0,0,1004,IN-FA,2106,2021,16,12,0,7,135.3,18.5,2
2021,table2021.csv,0,0,0,0,0,0,0,1004,IN-FA,2106,2021,16,18,0,7,135.3,19.5,2
2021,table2021.csv,0,0,0,0,0,0,0,1002,IN-FA,2106,2021,17,0,0,7,134.3,20.7,2
2021,table2021.csv,0,0,0,0,0,0,0,1000,IN-FA,2106,2021,17,6,0,7,133.9,21.2,2
2021,table2021.csv,150,240,4,0,0,0,0,998,IN-FA,2106,2021,17,12,35,7,133.5,21.6,3
2021,table2021.csv,150,300,4,0,0,0,0,998,IN-FA,2106,2021,17,18,35,7,133.0,22.1,3
2021,table2021.csv,150,300,4,0,0,0,0,998,IN-FA,2106,2021,18,0,35,7,132.5,22.6,3
2021,table2021.csv,180,325,4,0,0,0,0,996,IN-FA,2106,2021,18,6,40,7,132.2,22.9,3
2021,table2021.csv,180,325,3,0,0,0,0,996,IN-FA,2106,2021,18,12,40,7,132.1,23.4,3
2021,table2021.csv,180,325,3,0,0,0,0,992,IN-FA,2106,2021,18,18,45,7,132.1,23.7,3
2021,table2021.csv,180,325,3,0,0,0,0,990,IN-FA,2106,2021,19,0,50,7,131.9,23.9,4
2021,table2021.csv,180,325,3,0,0,0,0,990,IN-FA,2106,2021,19,6,50,7,131.7,24.0,4
2021,table2021.csv,210,325,3,0,0,0,0,990,IN-FA,2106,2021,19,12,50,7,131.6,24.0,4
2021,table2021.csv,210,325,3,0,0,0,0,990,IN-FA,2106,2021,19,18,50,7,131.2,24.2,4
2021,table2021.csv,210,325,1,80,120,1,0,985,IN-FA,2106,2021,20,0,55,7,130.8,24.5,4
2021,table2021.csv,210,325,2,80,120,1,0,985,IN-FA,2106,2021,20,3,55,7,130.3,24.6,4
2021,table2021.csv,210,325,1,80,120,1,0,980,IN-FA,2106,2021,20,6,60,7,129.8,24.7,4
2021,table2021.csv,210,325,1,80,120,1,0,980,IN-FA,2106,2021,20,9,60,7,129.4,24.7,4
2021,table2021.csv,210,325,8,90,90,9,0,975,IN-FA,2106,2021,20,12,65,7,129.0,24.6,5
2021,table2021.csv,210,325,8,90,90,9,0,975,IN-FA,2106,2021,20,15,65,7,128.4,24.4,5
2021,table2021.csv,210,325,8,90,90,9,0,970,IN-FA,2106,2021,20,18,70,7,128.2,24.2,5
2021,table2021.csv,210,325,8,90,90,9,0,970,IN-FA,2106,2021,20,21,70,7,128.0,24.2,5
2021,table2021.csv,210,325,8,70,70,9,0,965,IN-FA,2106,2021,21,0,75,7,127.9,24.2,5
2021,table2021.csv,210,325,8,70,70,9,0,965,IN-FA,2106,2021,21,3,75,7,127.6,24.2,5
2021,table2021.csv,210,325,8,70,70,9,0,965,IN-FA,2106,2021,21,6,75,7,127.2,24.2,5
2021,table2021.csv,210,325,8,70,70,9,0,965,IN-FA,2106,2021,21,9,75,7,126.9,24.2,5
2021,table2021.csv,210,325,8,70,70,9,0,955,IN-FA,2106,2021,21,12,80,7,126.6,24.0,5
2021,table2021.csv,240,325,8,70,70,9,0,955,IN-FA,2106,2021,21,15,80,7,126.4,23.8,5
2021,table2021.csv,240,325,8,70,70,9,0,950,IN-FA,2106,2021,21,18,85,7,126.2,23.7,5
2021,table2021.csv,240,325,8,70,70,9,0,950,IN-FA,2106,2021,21,21,85,7,126.0,23.5,5
2021,table2021.csv,270,270,9,70,70,9,0,950,IN-FA,2106,2021,22,0,85,7,126.0,23.3,5
2021,table2021.csv,270,270,9,70,70,9,0,950,IN-FA,2106,2021,22,3,85,7,125.9,23.4,5
2021,table2021.csv,270,270,9,70,70,9,0,950,IN-FA,2106,2021,22,6,85,7,125.8,23.5,5
2021,table2021.csv,270,270,9,70,70,9,0,950,IN-FA,2106,2021,22,9,85,7,125.8,23.5,5
2021,table2021.csv,270,270,9,70,70,9,0,955,IN-FA,2106,2021,22,12,80,7,125.8,23.6,5
2021,table2021.csv,270,270,9,70,70,9,0,955,IN-FA,2106,2021,22,15,80,7,125.7,23.7,5
2021,table2021.csv,270,270,9,70,70,9,0,960,IN-FA,2106,2021,22,18,75,7,125.5,23.7,5
2021,table2021.csv,270,270,9,70,70,9,0,960,IN-FA,2106,2021,22,21,75,7,125.5,23.8,5
2021,table2021.csv,270,270,9,70,70,9,0,960,IN-FA,2106,2021,23,0,75,7,125.4,24.3,5
2021,table2021.csv,270,325,8,70,70,9,0,960,IN-FA,2106,2021,23,3,75,7,125.3,24.5,5
2021,table2021.csv,270,325,8,70,70,9,0,960,IN-FA,2106,2021,23,6,75,7,125.1,24.6,5
2021,table2021.csv,270,325,8,70,70,9,0,960,IN-FA,2106,2021,23,9,75,7,125.1,24.7,5
2021,table2021.csv,270,325,8,70,90,1,0,960,IN-FA,2106,2021,23,12,75,7,125.1,24.8,5
2021,table2021.csv,270,325,8,70,90,1,0,965,IN-FA,2106,2021,23,15,70,7,125.1,25.2,5
2021,table2021.csv,300,325,8,70,120,2,0,965,IN-FA,2106,2021,23,18,70,7,125.0,25.5,5
2021,table2021.csv,300,325,8,70,120,2,0,965,IN-FA,2106,2021,23,21,70,7,124.9,26.0,5
2021,table2021.csv,325,325,9,80,120,2,0,960,IN-FA,2106,2021,24,0,75,7,124.7,26.5,5
2021,table2021.csv,325,325,9,80,150,2,0,960,IN-FA,2106,2021,24,3,75,7,124.5,26.8,5
2021,table2021.csv,325,325,9,80,150,2,0,960,IN-FA,2106,2021,24,6,75,7,124.4,27.2,5
2021,table2021.csv,325,325,9,80,150,2,0,960,IN-FA,2106,2021,24,9,75,7,124.2,27.6,5
2021,table2021.csv,240,325,2,80,120,2,0,960,IN-FA,2106,2021,24,12,75,7,124.1,28.1,5
2021,table2021.csv,240,325,2,80,80,9,0,960,IN-FA,2106,2021,24,18,75,7,123.7,28.7,5
2021,table2021.csv,240,325,2,80,80,9,0,970,IN-FA,2106,2021,25,0,65,7,123.1,29.7,5
2021,table2021.csv,240,325,2,80,80,9,0,970,IN-FA,2106,2021,25,6,65,7,122.5,30.0,5
2021,table2021.csv,240,325,2,60,60,9,0,975,IN-FA,2106,2021,25,12,60,7,122.1,30.1,4
2021,table2021.csv,210,300,2,40,40,9,0,980,IN-FA,2106,2021,25,18,55,7,121.6,30.3,4
2021,table2021.csv,140,200,2,0,0,0,0,985,IN-FA,2106,2021,26,0,50,7,121.1,30.6,4
2021,table2021.csv,100,200,2,0,0,0,0,985,IN-FA,2106,2021,26,6,50,7,121.0,30.9,4
2021,table2021.csv,100,200,2,0,0,0,0,985,IN-FA,2106,2021,26,12,45,7,120.4,30.7,3
2021,table2021.csv,100,200,2,0,0,0,0,985,IN-FA,2106,2021,26,18,40,7,119.9,31.0,3
2021,table2021.csv,100,200,2,0,0,0,0,985,IN-FA,2106,2021,27,0,40,7,119.5,31.2,3
2021,table2021.csv,100,200,2,0,0,0,0,985,IN-FA,2106,2021,27,6,35,7,119.1,31.3,3
2021,table2021.csv,100,200,2,0,0,0,0,985,IN-FA,2106,2021,27,12,35,7,118.9,31.6,3
2021,table2021.csv,0,0,0,0,0,0,0,990,IN-FA,2106,2021,27,18,0,7,117.9,32.2,2
2021,table2021.csv,0,0,0,0,0,0,0,990,IN-FA,2106,2021,28,0,0,7,117.3,32.5,2
2021,table2021.csv,0,0,0,0,0,0,0,990,IN-FA,2106,2021,28,6,0,7,117.0,32.7,2
2021,table2021.csv,0,0,0,0,0,0,0,990,IN-FA,2106,2021,28,12,0,7,116.9,33.3,2
2021,table2021.csv,0,0,0,0,0,0,0,990,IN-FA,2106,2021,28,18,0,7,116.9,33.8,2
2021,table2021.csv,0,0,0,0,0,0,0,990,IN-FA,2106,2021,29,0,0,7,117.1,35.1,2
2021,table2021.csv,0,0,0,0,0,0,0,992,IN-FA,2106,2021,29,6,0,7,117.2,35.7,2
2021,table2021.csv,0,0,0,0,0,0,0,992,IN-FA,2106,2021,29,12,0,7,118.1,37.1,2
2021,table2021.csv,0,0,0,0,0,0,0,992,IN-FA,2106,2021,29,18,0,7,118.5,38.1,6
2021,table2021.csv,0,0,0,0,0,0,0,992,IN-FA,2106,2021,30,0,0,7,119.0,38.5,6
2021,table2021.csv,0,0,0,0,0,0,0,992,IN-FA,2106,2021,30,6,0,7,119.4,38.9,6
2021,table2021.csv,0,0,0,0,0,0,0,994,IN-FA,2106,2021,30,12,0,7,119.8,39.1,6
2021,table2021.csv,0,0,0,0,0,0,0,994,IN-FA,2106,2021,30,18,0,7,120.4,39.6,6
2021,table2021.csv,0,0,0,0,0,0,0,994,IN-FA,2106,2021,31,0,0,7,121.0,40.2,6
2021,table2021.csv,0,0,0,0,0,0,0,994,IN-FA,2106,2021,31,6,0,7,121.5,40.9,6
2021,table2021.csv,0,0,0,0,0,0,0,1004,CEMPAKA,2107,2021,17,0,0,7,117.1,18.9,2
2021,table2021.csv,0,0,0,0,0,0,0,1002,CEMPAKA,2107,2021,17,6,0,7,116.8,19.4,2
2021,table2021.csv,0,0,0,0,0,0,0,1002,CEMPAKA,2107,2021,17,12,0,7,116.3,19.7,2
2021,table2021.csv,0,0,0,0,0,0,0,1002,CEMPAKA,2107,2021,17,18,0,7,115.8,19.9,2
2021,table2021.csv,0,0,0,0,0,0,0,1002,CEMPAKA,2107,2021,18,0,0,7,115.4,20.3,2
2021,table2021.csv,0,0,0,0,0,0,0,1000,CEMPAKA,2107,2021,18,6,0,7,114.8,20.7,2
2021,table2021.csv,0,0,0,0,0,0,0,1000,CEMPAKA,2107,2021,18,12,0,7,114.1,20.9,2
2021,table2021.csv,120,120,9,0,0,0,0,998,CEMPAKA,2107,2021,18,18,35,7,113.6,20.9,3
2021,table2021.csv,120,120,9,0,0,0,0,994,CEMPAKA,2107,2021,19,0,45,7,113.2,20.9,3
2021,table2021.csv,120,120,9,0,0,0,0,992,CEMPAKA,2107,2021,19,6,50,7,112.9,21.0,4
2021,table2021.csv,120,120,9,30,30,9,0,990,CEMPAKA,2107,2021,19,12,55,7,112.7,21.1,4
2021,table2021.csv,120,120,9,30,30,9,0,985,CEMPAKA,2107,2021,19,18,65,7,112.5,21.2,5
2021,table2021.csv,120,120,9,30,30,9,0,980,CEMPAKA,2107,2021,20,0,70,7,112.4,21.3,5
2021,table2021.csv,90,120,2,30,30,9,0,980,CEMPAKA,2107,2021,20,6,70,7,112.3,21.4,5
2021,table2021.csv,90,120,2,30,30,9,0,990,CEMPAKA,2107,2021,20,12,60,7,112.1,21.6,4
2021,table2021.csv,90,90,9,0,0,0,0,992,CEMPAKA,2107,2021,20,18,50,7,111.5,21.8,4
2021,table2021.csv,90,90,9,0,0,0,0,996,CEMPAKA,2107,2021,21,0,40,7,111.0,21.9,3
2021,table2021.csv,90,90,9,0,0,0,0,998,CEMPAKA,2107,2021,21,6,35,7,110.5,22.1,3
2021,table2021.csv,90,90,9,0,0,0,0,998,CEMPAKA,2107,2021,21,12,35,7,110.0,22.2,3
2021,table2021.csv,90,90,9,0,0,0,0,998,CEMPAKA,2107,2021,21,18,35,7,109.5,22.3,3
2021,table2021.csv,0,0,0,0,0,0,0,1000,CEMPAKA,2107,2021,22,0,0,7,108.8,22.2,2
2021,table2021.csv,0,0,0,0,0,0,0,1000,CEMPAKA,2107,2021,22,6,0,7,108.3,22.0,2
2021,table2021.csv,0,0,0,0,0,0,0,998,CEMPAKA,2107,2021,22,12,0,7,107.7,21.7,2
2021,table2021.csv,0,0,0,0,0,0,0,998,CEMPAKA,2107,2021,22,18,0,7,107.3,21.4,2
2021,table2021.csv,0,0,0,0,0,0,0,998,CEMPAKA,2107,2021,23,0,0,7,107.1,21.0,2
2021,table2021.csv,0,0,0,0,0,0,0,996,CEMPAKA,2107,2021,23,6,0,7,107.0,20.6,2
2021,table2021.csv,0,0,0,0,0,0,0,996,CEMPAKA,2107,2021,23,12,0,7,107.1,20.1,2
2021,table2021.csv,0,0,0,0,0,0,0,996,CEMPAKA,2107,2021,23,18,0,7,107.0,19.6,2
2021,table2021.csv,0,0,0,0,0,0,0,996,CEMPAKA,2107,2021,24,0,0,7,106.8,19.3,2
2021,table2021.csv,0,0,0,0,0,0,0,996,CEMPAKA,2107,2021,24,6,0,7,106.6,18.9,2
2021,table2021.csv,0,0,0,0,0,0,0,996,CEMPAKA,2107,2021,24,12,0,7,106.6,18.5,2
2021,table2021.csv,0,0,0,0,0,0,0,998,CEMPAKA,2107,2021,24,18,0,7,106.7,18.2,2
2021,table2021.csv,0,0,0,0,0,0,0,998,CEMPAKA,2107,2021,25,0,0,7,107.1,18.1,2
2021,table2021.csv,0,0,0,0,0,0,0,1002,NEPARTAK,2108,2021,22,12,0,7,146.1,21.5,2
2021,table2021.csv,0,0,0,0,0,0,0,1000,NEPARTAK,2108,2021,22,18,0,7,147.0,21.8,2
2021,table2021.csv,0,0,0,0,0,0,0,1002,NEPARTAK,2108,2021,23,0,0,7,147.9,22.4,2
2021,table2021.csv,0,0,0,0,0,0,0,1000,NEPARTAK,2108,2021,23,6,0,7,148.5,23.4,2
2021,table2021.csv,150,270,2,0,0,0,0,998,NEPARTAK,2108,2021,23,12,35,7,148.8,24.2,3
2021,table2021.csv,150,270,2,0,0,0,0,998,NEPARTAK,2108,2021,23,18,35,7,149.3,25.1,3
2021,table2021.csv,210,325,3,0,0,0,0,996,NEPARTAK,2108,2021,24,0,35,7,149.7,25.4,3
2021,table2021.csv,210,325,3,0,0,0,0,996,NEPARTAK,2108,2021,24,6,35,7,150.1,26.1,3
2021,table2021.csv,210,350,3,0,0,0,0,994,NEPARTAK,2108,2021,24,12,40,7,150.6,27.6,3
2021,table2021.csv,210,350,3,0,0,0,0,994,NEPARTAK,2108,2021,24,18,40,7,150.6,28.4,3
2021,table2021.csv,210,375,3,0,0,0,0,994,NEPARTAK,2108,2021,25,0,40,7,150.7,29.6,3
2021,table2021.csv,210,375,3,0,0,0,0,992,NEPARTAK,2108,2021,25,6,40,7,150.4,30.2,3
2021,table2021.csv,210,375,2,0,0,0,0,992,NEPARTAK,2108,2021,25,12,40,7,149.8,31.1,3
2021,table2021.csv,210,325,2,0,0,0,0,992,NEPARTAK,2108,2021,25,18,40,7,149.3,32.8,3
2021,table2021.csv,210,325,2,0,0,0,0,992,NEPARTAK,2108,2021,26,0,40,7,147.7,33.9,3
2021,table2021.csv,210,325,2,0,0,0,0,992,NEPARTAK,2108,2021,26,6,40,7,145.5,34.5,3
2021,table2021.csv,210,270,1,0,0,0,0,992,NEPARTAK,2108,2021,26,12,40,7,143.7,34.4,3
2021,table2021.csv,210,270,1,0,0,0,0,990,NEPARTAK,2108,2021,26,18,40,7,142.9,34.3,3
2021,table2021.csv,210,210,9,0,0,0,0,990,NEPARTAK,2108,2021,27,0,40,7,142.6,34.9,3
2021,table2021.csv,210,210,9,0,0,0,0,990,NEPARTAK,2108,2021,27,6,40,7,142.4,35.7,3
2021,table2021.csv,150,150,9,0,0,0,0,992,NEPARTAK,2108,2021,27,12,35,7,142.4,36.6,3
2021,table2021.csv,150,150,9,0,0,0,0,994,NEPARTAK,2108,2021,27,18,35,7,142.2,37.8,3
2021,table2021.csv,150,150,9,0,0,0,1,994,NEPARTAK,2108,2021,27,20,35,7,141.7,38.2,3
2021,table2021.csv,120,150,1,0,0,0,0,994,NEPARTAK,2108,2021,28,0,35,7,141.4,39.2,3
2021,table2021.csv,0,0,0,0,0,0,0,998,NEPARTAK,2108,2021,28,6,0,7,139.8,40.4,6
2021,table2021.csv,0,0,0,0,0,0,0,998,NEPARTAK,2108,2021,28,12,0,7,138.1,40.6,6
2021,table2021.csv,0,0,0,0,0,0,0,998,NEPARTAK,2108,2021,28,18,0,7,137.6,40.7,6
2021,table2021.csv,0,0,0,0,0,0,0,998,NEPARTAK,2108,2021,29,0,0,7,136.9,40.7,6
2021,table2021.csv,0,0,0,0,0,0,0,998,NEPARTAK,2108,2021,29,6,0,7,136.6,40.7,6
2021,table2021.csv,0,0,0,0,0,0,0,998,NEPARTAK,2108,2021,29,12,0,7,136.3,40.8,6
2021,table2021.csv,0,0,0,0,0,0,0,998,NEPARTAK,2108,2021,29,18,0,7,136.2,40.8,6
2021,table2021.csv,0,0,0,0,0,0,0,1000,NEPARTAK,2108,2021,30,0,0,7,135.9,40.8,6
2021,table2021.csv,0,0,0,0,0,0,0,1000,NEPARTAK,2108,2021,30,6,0,7,135.7,40.8,6
2021,table2021.csv,0,0,0,0,0,0,0,1000,NEPARTAK,2108,2021,30,12,0,7,135.4,40.8,6
2021,table2021.csv,0,0,0,0,0,0,0,1000,NEPARTAK,2108,2021,30,18,0,7,135.2,40.8,6
2021,table2021.csv,0,0,0,0,0,0,0,1002,NEPARTAK,2108,2021,31,0,0,7,135.0,40.7,6
2021,table2021.csv,0,0,0,0,0,0,0,1002,NEPARTAK,2108,2021,31,6,0,7,133.9,40.9,6
2021,table2021.csv,0,0,0,0,0,0,0,996,LUPIT,2109,2021,2,12,0,8,111.8,21.1,2
2021,table2021.csv,0,0,0,0,0,0,0,996,LUPIT,2109,2021,2,18,0,8,112.4,21.3,2
2021,table2021.csv,0,0,0,0,0,0,0,996,LUPIT,2109,2021,3,0,0,8,113.3,21.5,2
2021,table2021.csv,0,0,0,0,0,0,0,996,LUPIT,2109,2021,3,6,0,8,113.4,21.5,2
2021,table2021.csv,0,0,0,0,0,0,0,996,LUPIT,2109,2021,3,12,0,8,114.1,21.2,2
2021,table2021.csv,0,0,0,0,0,0,0,996,LUPIT,2109,2021,3,18,0,8,114.7,21.0,2
2021,table2021.csv,150,210,4,0,0,0,0,994,LUPIT,2109,2021,4,0,35,8,115.4,21.2,3
2021,table2021.csv,150,210,4,0,0,0,0,992,LUPIT,2109,2021,4,6,35,8,115.5,21.5,3
2021,table2021.csv,150,210,4,0,0,0,0,990,LUPIT,2109,2021,4,12,40,8,116.1,21.7,3
2021,table2021.csv,150,210,4,0,0,0,0,990,LUPIT,2109,2021,4,18,40,8,116.6,22.3,3
2021,table2021.csv,150,210,4,0,0,0,0,990,LUPIT,2109,2021,5,0,40,8,117.0,23.3,3
2021,table2021.csv,150,150,9,0,0,0,0,990,LUPIT,2109,2021,5,6,40,8,116.9,23.5,3
2021,table2021.csv,150,150,9,0,0,0,0,992,LUPIT,2109,2021,5,12,40,8,117.2,23.9,3
2021,table2021.csv,150,150,9,0,0,0,0,992,LUPIT,2109,2021,5,18,40,8,117.5,24.0,3
2021,table2021.csv,150,270,5,0,0,0,0,992,LUPIT,2109,2021,6,0,40,8,118.1,24.2,3
2021,table2021.csv,150,270,5,0,0,0,0,992,LUPIT,2109,2021,6,6,40,8,118.8,24.7,3
2021,table2021.csv,150,270,4,0,0,0,0,994,LUPIT,2109,2021,6,12,35,8,119.6,24.9,3
2021,table2021.csv,150,270,4,0,0,0,0,994,LUPIT,2109,2021,6,18,35,8,120.0,25.1,3
2021,table2021.csv,150,270,4,0,0,0,0,994,LUPIT,2109,2021,7,0,35,8,120.7,25.1,3
2021,table2021.csv,150,270,4,0,0,0,0,994,LUPIT,2109,2021,7,6,35,8,122.9,26.1,3
2021,table2021.csv,150,270,4,0,0,0,0,994,LUPIT,2109,2021,7,12,35,8,124.5,27.5,3
2021,table2021.csv,150,270,4,0,0,0,0,992,LUPIT,2109,2021,7,18,40,8,125.8,28.3,3
2021,table2021.csv,150,270,3,0,0,0,0,990,LUPIT,2109,2021,8,0,40,8,127.0,29.3,3
2021,table2021.csv,150,270,3,0,0,0,0,990,LUPIT,2109,2021,8,6,40,8,129.0,30.0,3
2021,table2021.csv,180,325,3,0,0,0,1,988,LUPIT,2109,2021,8,11,40,8,130.4,31.3,3
2021,table2021.csv,180,325,3,0,0,0,0,988,LUPIT,2109,2021,8,12,40,8,130.9,31.5,3
2021,table2021.csv,180,325,3,0,0,0,0,984,LUPIT,2109,2021,8,18,45,8,132.3,33.9,3
2021,table2021.csv,180,325,3,0,0,0,1,984,LUPIT,2109,2021,8,20,45,8,132.5,34.4,3
2021,table2021.csv,0,0,0,0,0,0,0,982,LUPIT,2109,2021,9,0,0,8,133.8,35.4,6
2021,table2021.csv,0,0,0,0,0,0,0,982,LUPIT,2109,2021,9,6,0,8,135.0,36.6,6
2021,table2021.csv,0,0,0,0,0,0,0,984,LUPIT,2109,2021,9,12,0,8,136.3,37.9,6
2021,table2021.csv,0,0,0,0,0,0,0,984,LUPIT,2109,2021,9,18,0,8,138.2,39.1,6
2021,table2021.csv,0,0,0,0,0,0,0,988,LUPIT,2109,2021,10,0,0,8,140.9,39.8,6
2021,table2021.csv,0,0,0,0,0,0,0,988,LUPIT,2109,2021,10,6,0,8,143.3,40.7,6
2021,table2021.csv,0,0,0,0,0,0,0,988,LUPIT,2109,2021,10,12,0,8,145.7,40.9,6
2021,table2021.csv,0,0,0,0,0,0,0,988,LUPIT,2109,2021,10,18,0,8,148.2,41.4,6
2021,table2021.csv,0,0,0,0,0,0,0,988,LUPIT,2109,2021,11,0,0,8,150.8,42.1,6
2021,table2021.csv,0,0,0,0,0,0,0,984,LUPIT,2109,2021,11,6,0,8,153.4,42.5,6
2021,table2021.csv,0,0,0,0,0,0,0,984,LUPIT,2109,2021,11,12,0,8,155.7,42.9,6
2021,table2021.csv,0,0,0,0,0,0,0,984,LUPIT,2109,2021,11,18,0,8,157.7,43.2,6
2021,table2021.csv,0,0,0,0,0,0,0,984,LUPIT,2109,2021,12,0,0,8,159.4,43.4,6
2021,table2021.csv,0,0,0,0,0,0,0,986,LUPIT,2109,2021,12,6,0,8,161.7,43.7,6
2021,table2021.csv,0,0,0,0,0,0,0,988,LUPIT,2109,2021,12,12,0,8,163.9,44.4,6
2021,table2021.csv,0,0,0,0,0,0,0,988,LUPIT,2109,2021,12,18,0,8,165.1,44.8,6
2021,table2021.csv,0,0,0,0,0,0,0,986,LUPIT,2109,2021,13,0,0,8,165.5,44.9,6
2021,table2021.csv,0,0,0,0,0,0,0,988,LUPIT,2109,2021,13,6,0,8,166.1,45.0,6
2021,table2021.csv,0,0,0,0,0,0,0,992,LUPIT,2109,2021,13,12,0,8,167.5,44.7,6
2021,table2021.csv,0,0,0,0,0,0,0,996,LUPIT,2109,2021,13,18,0,8,170.4,44.8,6
2021,table2021.csv,0,0,0,0,0,0,0,1000,LUPIT,2109,2021,14,0,0,8,172.5,45.1,6
2021,table2021.csv,0,0,0,0,0,0,0,1002,LUPIT,2109,2021,14,6,0,8,173.5,45.6,6
2021,table2021.csv,0,0,0,0,0,0,0,1006,LUPIT,2109,2021,14,12,0,8,173.8,46.0,6
2021,table2021.csv,0,0,0,0,0,0,0,1006,LUPIT,2109,2021,14,18,0,8,174.1,46.4,6
2021,table2021.csv,0,0,0,0,0,0,0,1008,LUPIT,2109,2021,15,0,0,8,174.6,46.5,6
2021,table2021.csv,0,0,0,0,0,0,0,1008,LUPIT,2109,2021,15,6,0,8,174.9,46.9,6
2021,table2021.csv,0,0,0,0,0,0,0,1008,LUPIT,2109,2021,15,12,0,8,175.2,47.6,6
2021,table2021.csv,0,0,0,0,0,0,0,1006,LUPIT,2109,2021,15,18,0,8,175.2,47.6,6
2021,table2021.csv,0,0,0,0,0,0,0,998,MIRINAE,2110,2021,3,6,0,8,124.5,23.8,2
2021,table2021.csv,0,0,0,0,0,0,0,1000,MIRINAE,2110,2021,3,12,0,8,125.2,23.8,2
2021,table2021.csv,0,0,0,0,0,0,0,998,MIRINAE,2110,2021,3,18,0,8,125.7,24.0,2
2021,table2021.csv,0,0,0,0,0,0,0,1000,MIRINAE,2110,2021,4,0,0,8,125.6,24.4,2
2021,table2021.csv,0,0,0,0,0,0,0,998,MIRINAE,2110,2021,4,6,0,8,125.5,25.2,2
2021,table2021.csv,0,0,0,0,0,0,0,998,MIRINAE,2110,2021,4,12,0,8,126.9,25.5,2
2021,table2021.csv,0,0,0,0,0,0,0,996,MIRINAE,2110,2021,4,18,0,8,127.4,25.9,2
2021,table2021.csv,0,0,0,0,0,0,0,996,MIRINAE,2110,2021,5,0,0,8,127.4,26.0,2
2021,table2021.csv,120,150,3,0,0,0,0,992,MIRINAE,2110,2021,5,6,35,8,128.1,26.9,3
2021,table2021.csv,120,150,3,0,0,0,0,992,MIRINAE,2110,2021,5,12,40,8,128.6,26.9,3
2021,table2021.csv,120,240,3,0,0,0,0,992,MIRINAE,2110,2021,5,18,40,8,130.0,26.9,3
2021,table2021.csv,120,240,4,0,0,0,0,992,MIRINAE,2110,2021,6,0,40,8,131.0,26.9,3
2021,table2021.csv,120,240,4,0,0,0,0,990,MIRINAE,2110,2021,6,6,40,8,133.6,27.4,3
2021,table2021.csv,120,240,4,0,0,0,0,990,MIRINAE,2110,2021,6,12,40,8,134.8,27.7,3
2021,table2021.csv,120,240,4,0,0,0,0,990,MIRINAE,2110,2021,6,18,40,8,136.6,28.5,3
2021,table2021.csv,120,240,3,0,0,0,0,990,MIRINAE,2110,2021,7,0,40,8,137.6,29.4,3
2021,table2021.csv,120,240,3,0,0,0,0,985,MIRINAE,2110,2021,7,6,45,8,138.5,30.8,3
2021,table2021.csv,120,240,3,0,0,0,0,985,MIRINAE,2110,2021,7,12,45,8,138.9,31.9,3
2021,table2021.csv,120,240,3,0,0,0,0,980,MIRINAE,2110,2021,7,18,50,8,139.5,33.2,4
2021,table2021.csv,120,240,4,0,0,0,0,980,MIRINAE,2110,2021,8,0,50,8,140.7,34.2,4
2021,table2021.csv,120,240,4,0,0,0,0,980,MIRINAE,2110,2021,8,6,50,8,142.2,35.2,4
2021,table2021.csv,120,240,4,0,0,0,0,980,MIRINAE,2110,2021,8,12,50,8,143.6,36.1,4
2021,table2021.csv,120,240,4,0,0,0,0,985,MIRINAE,2110,2021,8,18,45,8,145.1,36.5,3
2021,table2021.csv,120,270,4,0,0,0,0,985,MIRINAE,2110,2021,9,0,45,8,147.5,37.7,3
2021,table2021.csv,120,270,4,0,0,0,0,985,MIRINAE,2110,2021,9,6,45,8,149.7,38.3,3
2021,table2021.csv,90,240,4,0,0,0,0,990,MIRINAE,2110,2021,9,12,40,8,152.3,38.4,3
2021,table2021.csv,90,240,4,0,0,0,0,992,MIRINAE,2110,2021,9,18,40,8,155.3,38.5,3
2021,table2021.csv,0,0,0,0,0,0,0,992,MIRINAE,2110,2021,10,0,0,8,158.0,39.0,6
2021,table2021.csv,0,0,0,0,0,0,0,992,MIRINAE,2110,2021,10,6,0,8,160.9,37.8,6
2021,table2021.csv,0,0,0,0,0,0,0,996,MIRINAE,2110,2021,10,12,0,8,164.2,37.5,6
2021,table2021.csv,0,0,0,0,0,0,0,996,MIRINAE,2110,2021,10,18,0,8,167.2,37.2,6
2021,table2021.csv,0,0,0,0,0,0,0,998,MIRINAE,2110,2021,11,0,0,8,169.3,37.2,6
2021,table2021.csv,0,0,0,0,0,0,0,1004,NIDA,2111,2021,3,12,0,8,144.4,20.8,2
2021,table2021.csv,0,0,0,0,0,0,0,1004,NIDA,2111,2021,3,18,0,8,146.0,22.9,2
2021,table2021.csv,90,210,3,0,0,0,0,1002,NIDA,2111,2021,4,0,35,8,146.6,25.1,3
2021,table2021.csv,90,240,3,0,0,0,0,1002,NIDA,2111,2021,4,6,35,8,147.2,27.1,3
2021,table2021.csv,90,270,3,0,0,0,0,1000,NIDA,2111,2021,4,12,40,8,147.1,28.8,3
2021,table2021.csv,90,270,3,0,0,0,0,1000,NIDA,2111,2021,4,18,40,8,147.4,30.3,3
2021,table2021.csv,90,240,3,0,0,0,0,998,NIDA,2111,2021,5,0,45,8,147.6,31.5,3
2021,table2021.csv,90,240,3,0,0,0,0,998,NIDA,2111,2021,5,6,45,8,147.7,32.7,3
2021,table2021.csv,90,240,3,0,0,0,0,998,NIDA,2111,2021,5,12,45,8,148.0,33.5,3
2021,table2021.csv,90,210,3,0,0,0,0,998,NIDA,2111,2021,5,18,45,8,148.6,34.5,3
2021,table2021.csv,90,180,3,0,0,0,0,996,NIDA,2111,2021,6,0,50,8,149.8,35.4,4
2021,table2021.csv,90,180,3,0,0,0,0,996,NIDA,2111,2021,6,6,50,8,151.4,36.4,4
2021,table2021.csv,90,180,3,0,0,0,0,996,NIDA,2111,2021,6,12,50,8,153.2,36.8,4
2021,table2021.csv,90,180,4,30,30,9,0,992,NIDA,2111,2021,6,18,55,8,155.5,37.8,4
2021,table2021.csv,90,180,4,30,30,9,0,992,NIDA,2111,2021,7,0,55,8,158.0,38.7,4
2021,table2021.csv,90,180,4,30,30,9,0,992,NIDA,2111,2021,7,6,55,8,160.0,39.0,4
2021,table2021.csv,90,180,4,0,0,0,0,996,NIDA,2111,2021,7,12,50,8,163.0,39.2,4
2021,table2021.csv,120,240,4,0,0,0,0,996,NIDA,2111,2021,7,18,50,8,166.7,39.8,4
2021,table2021.csv,0,0,0,0,0,0,0,998,NIDA,2111,2021,8,0,0,8,169.0,39.9,6
2021,table2021.csv,0,0,0,0,0,0,0,1000,NIDA,2111,2021,8,6,0,8,172.0,40.2,6
2021,table2021.csv,0,0,0,0,0,0,0,1000,NIDA,2111,2021,8,12,0,8,175.0,41.7,6
2021,table2021.csv,0,0,0,0,0,0,0,1008,OMAIS,2112,2021,18,12,0,8,138.4,15.4,2
2021,table2021.csv,0,0,0,0,0,0,0,1006,OMAIS,2112,2021,18,18,0,8,136.9,16.1,2
2021,table2021.csv,0,0,0,0,0,0,0,1008,OMAIS,2112,2021,19,0,0,8,135.5,16.7,2
2021,table2021.csv,0,0,0,0,0,0,0,1006,OMAIS,2112,2021,19,6,0,8,134.0,17.6,2
2021,table2021.csv,0,0,0,0,0,0,0,1008,OMAIS,2112,2021,19,12,0,8,133.2,18.2,2
2021,table2021.csv,0,0,0,0,0,0,0,1006,OMAIS,2112,2021,19,18,0,8,132.3,18.7,2
2021,table2021.csv,0,0,0,0,0,0,0,1008,OMAIS,2112,2021,20,0,0,8,131.5,18.9,2
2021,table2021.csv,0,0,0,0,0,0,0,1008,OMAIS,2112,2021,20,6,0,8,130.8,18.9,2
2021,table2021.csv,60,60,9,0,0,0,0,1004,OMAIS,2112,2021,20,12,35,8,130.2,19.1,3
2021,table2021.csv,60,60,9,0,0,0,0,1002,OMAIS,2112,2021,20,18,35,8,129.7,19.9,3
2021,table2021.csv,60,90,2,0,0,0,0,1000,OMAIS,2112,2021,21,0,40,8,128.4,21.5,3
2021,table2021.csv,60,90,2,0,0,0,0,1000,OMAIS,2112,2021,21,6,40,8,127.7,22.0,3
2021,table2021.csv,60,90,2,0,0,0,0,998,OMAIS,2112,2021,21,12,45,8,127.0,22.8,3
2021,table2021.csv,60,90,2,0,0,0,0,996,OMAIS,2112,2021,21,18,45,8,126.5,23.4,3
2021,table2021.csv,60,90,2,0,0,0,0,994,OMAIS,2112,2021,21,21,45,8,126.1,23.9,3
2021,table2021.csv,60,120,2,0,0,0,0,994,OMAIS,2112,2021,22,0,45,8,125.9,24.3,3
2021,table2021.csv,60,120,2,0,0,0,0,994,OMAIS,2112,2021,22,3,45,8,125.6,24.7,3
2021,table2021.csv,60,120,2,0,0,0,0,994,OMAIS,2112,2021,22,6,45,8,125.3,25.1,3
2021,table2021.csv,60,120,2,0,0,0,0,996,OMAIS,2112,2021,22,12,40,8,125.0,25.9,3
2021,table2021.csv,60,120,2,0,0,0,0,996,OMAIS,2112,2021,22,18,40,8,124.9,27.2,3
2021,table2021.csv,60,120,2,0,0,0,0,996,OMAIS,2112,2021,23,0,40,8,125.3,29.0,3
2021,table2021.csv,60,120,2,0,0,0,0,998,OMAIS,2112,2021,23,6,35,8,125.7,31.3,3
2021,table2021.csv,60,120,2,0,0,0,0,998,OMAIS,2112,2021,23,12,35,8,127.0,33.6,3
2021,table2021.csv,60,120,2,0,0,0,0,998,OMAIS,2112,2021,23,18,35,8,129.7,36.0,3
2021,table2021.csv,0,0,0,0,0,0,0,998,OMAIS,2112,2021,24,0,0,8,131.4,37.6,6
2021,table2021.csv,0,0,0,0,0,0,0,998,OMAIS,2112,2021,24,6,0,8,132.3,39.0,6
2021,table2021.csv,0,0,0,0,0,0,0,998,OMAIS,2112,2021,24,12,0,8,132.9,39.9,6
2021,table2021.csv,0,0,0,0,0,0,0,998,OMAIS,2112,2021,24,18,0,8,134.9,40.6,6
2021,table2021.csv,0,0,0,0,0,0,0,1000,OMAIS,2112,2021,25,0,0,8,136.4,41.2,6
2021,table2021.csv,0,0,0,0,0,0,0,1002,OMAIS,2112,2021,25,6,0,8,137.6,41.8,6
2021,table2021.csv,0,0,0,0,0,0,0,1004,OMAIS,2112,2021,25,12,0,8,138.6,42.4,6
2021,table2021.csv,0,0,0,0,0,0,0,1004,OMAIS,2112,2021,25,18,0,8,139.8,43.5,6
2021,table2021.csv,0,0,0,0,0,0,0,1006,OMAIS,2112,2021,26,0,0,8,141.4,44.9,6
2021,table2021.csv,0,0,0,0,0,0,0,1004,OMAIS,2112,2021,26,6,0,8,143.6,46.0,6
2021,table2021.csv,0,0,0,0,0,0,0,1002,OMAIS,2112,2021,26,12,0,8,144.9,46.8,6
2021,table2021.csv,0,0,0,0,0,0,0,1002,OMAIS,2112,2021,26,18,0,8,146.5,47.7,6
2021,table2021.csv,0,0,0,0,0,0,0,1000,OMAIS,2112,2021,27,0,0,8,148.2,47.8,6
2021,table2021.csv,0,0,0,0,0,0,0,1000,OMAIS,2112,2021,27,6,0,8,149.4,48.1,6
2021,table2021.csv,0,0,0,0,0,0,0,1000,OMAIS,2112,2021,27,12,0,8,152.4,48.3,6
2021,table2021.csv,0,0,0,0,0,0,0,1000,OMAIS,2112,2021,27,18,0,8,153.4,48.9,6
2021,table2021.csv,0,0,0,0,0,0,0,1000,OMAIS,2112,2021,28,0,0,8,155.5,49.8,6
2021,table2021.csv,0,0,0,0,0,0,0,998,OMAIS,2112,2021,28,6,0,8,157.0,50.2,6
2021,table2021.csv,0,0,0,0,0,0,0,998,OMAIS,2112,2021,28,12,0,8,157.9,50.6,6
2021,table2021.csv,0,0,0,0,0,0,0,996,OMAIS,2112,2021,28,18,0,8,158.8,50.7,6
2021,table2021.csv,0,0,0,0,0,0,0,996,OMAIS,2112,2021,29,0,0,8,159.6,51.0,6
2021,table2021.csv,0,0,0,0,0,0,0,996,OMAIS,2112,2021,29,6,0,8,159.8,51.0,6
2021,table2021.csv,0,0,0,0,0,0,0,998,OMAIS,2112,2021,29,12,0,8,161.4,51.0,6
2021,table2021.csv,0,0,0,0,0,0,0,998,OMAIS,2112,2021,29,18,0,8,162.1,51.0,6
2021,table2021.csv,0,0,0,0,0,0,0,998,OMAIS,2112,2021,30,0,0,8,164.7,51.0,6
2021,table2021.csv,0,0,0,0,0,0,0,998,OMAIS,2112,2021,30,6,0,8,166.0,50.8,6
2021,table2021.csv,0,0,0,0,0,0,0,1000,OMAIS,2112,2021,30,12,0,8,169.0,50.9,6
2021,table2021.csv,0,0,0,0,0,0,0,1000,OMAIS,2112,2021,30,18,0,8,171.6,51.3,6
2021,table2021.csv,0,0,0,0,0,0,0,1000,OMAIS,2112,2021,31,0,0,8,174.3,51.5,6
2021,table2021.csv,0,0,0,0,0,0,0,1002,OMAIS,2112,2021,31,6,0,8,176.7,51.7,6
2021,table2021.csv,0,0,0,0,0,0,0,1002,OMAIS,2112,2021,31,12,0,8,179.6,51.9,6
2021,table2021.csv,0,0,0,0,0,0,0,1006,CONSON,2113,2021,5,6,0,9,130.2,9.8,2
2021,table2021.csv,0,0,0,0,0,0,0,1006,CONSON,2113,2021,5,12,0,9,129.6,10.0,2
2021,table2021.csv,0,0,0,0,0,0,0,1004,CONSON,2113,2021,5,18,0,9,128.6,10.0,2
2021,table2021.csv,90,90,9,0,0,0,0,1002,CONSON,2113,2021,6,0,35,9,127.8,10.3,3
2021,table2021.csv,90,90,9,0,0,0,0,998,CONSON,2113,2021,6,6,45,9,126.8,10.8,3
2021,table2021.csv,90,90,9,0,0,0,0,994,CONSON,2113,2021,6,12,50,9,126.0,11.1,4
2021,table2021.csv,90,90,9,0,0,0,0,994,CONSON,2113,2021,6,18,50,9,124.9,11.7,4
2021,table2021.csv,90,90,9,0,0,0,0,998,CONSON,2113,2021,7,0,45,9,124.2,12.1,3
2021,table2021.csv,90,90,9,0,0,0,0,998,CONSON,2113,2021,7,6,45,9,123.6,12.4,3
2021,table2021.csv,90,90,9,0,0,0,0,998,CONSON,2113,2021,7,12,45,9,122.6,12.9,3
2021,table2021.csv,90,90,9,0,0,0,0,998,CONSON,2113,2021,7,18,45,9,122.1,13.2,3
2021,table2021.csv,90,90,9,0,0,0,0,998,CONSON,2113,2021,8,0,45,9,121.6,13.7,3
2021,table2021.csv,90,90,9,0,0,0,0,998,CONSON,2113,2021,8,6,45,9,120.7,14.2,3
2021,table2021.csv,90,90,9,0,0,0,0,998,CONSON,2113,2021,8,12,45,9,120.1,15.0,3
2021,table2021.csv,90,120,7,0,0,0,0,998,CONSON,2113,2021,8,18,45,9,119.1,15.4,3
2021,table2021.csv,90,180,7,0,0,0,0,994,CONSON,2113,2021,9,0,45,9,118.2,15.4,3
2021,table2021.csv,90,180,7,0,0,0,0,994,CONSON,2113,2021,9,6,45,9,117.0,15.8,3
2021,table2021.csv,90,180,7,0,0,0,0,992,CONSON,2113,2021,9,12,50,9,115.1,15.8,4
2021,table2021.csv,90,180,7,0,0,0,0,992,CONSON,2113,2021,9,18,50,9,114.1,15.9,4
2021,table2021.csv,90,150,7,0,0,0,0,992,CONSON,2113,2021,10,0,50,9,113.0,15.6,4
2021,table2021.csv,90,150,7,0,0,0,0,992,CONSON,2113,2021,10,6,50,9,112.2,15.6,4
2021,table2021.csv,90,150,7,0,0,0,0,992,CONSON,2113,2021,10,12,50,9,111.5,15.7,4
2021,table2021.csv,90,150,7,0,0,0,0,992,CONSON,2113,2021,10,18,50,9,110.8,15.7,4
2021,table2021.csv,90,90,9,0,0,0,0,992,CONSON,2113,2021,11,0,50,9,110.0,15.6,4
2021,table2021.csv,90,90,9,0,0,0,0,992,CONSON,2113,2021,11,6,50,9,109.8,15.6,4
2021,table2021.csv,60,60,9,0,0,0,0,994,CONSON,2113,2021,11,12,40,9,109.3,15.3,3
2021,table2021.csv,0,0,0,0,0,0,0,996,CONSON,2113,2021,11,18,0,9,109.2,15.1,2
2021,table2021.csv,0,0,0,0,0,0,0,996,CONSON,2113,2021,12,0,0,9,109.2,15.2,2
2021,table2021.csv,0,0,0,0,0,0,0,998,CONSON,2113,2021,12,6,0,9,109.1,15.3,2
2021,table2021.csv,0,0,0,0,0,0,0,1000,CONSON,2113,2021,12,12,0,9,109.1,15.3,2
2021,table2021.csv,0,0,0,0,0,0,0,1000,CONSON,2113,2021,12,18,0,9,109.0,15.6,2
2021,table2021.csv,0,0,0,0,0,0,0,1002,CONSON,2113,2021,13,0,0,9,108.8,15.8,2
2021,table2021.csv,0,0,0,0,0,0,0,1002,CONSON,2113,2021,13,6,0,9,108.5,16.1,2
2021,table2021.csv,0,0,0,0,0,0,0,1004,CONSON,2113,2021,13,12,0,9,107.8,15.9,2
2021,table2021.csv,0,0,0,0,0,0,0,1006,CHANTHU,2114,2021,5,6,0,9,140.5,12.4,2
2021,table2021.csv,0,0,0,0,0,0,0,1008,CHANTHU,2114,2021,5,12,0,9,139.9,13.0,2
2021,table2021.csv,0,0,0,0,0,0,0,1006,CHANTHU,2114,2021,5,18,0,9,139.5,13.4,2
2021,table2021.csv,0,0,0,0,0,0,0,1006,CHANTHU,2114,2021,6,0,0,9,139.0,13.5,2
2021,table2021.csv,0,0,0,0,0,0,0,1004,CHANTHU,2114,2021,6,6,0,9,138.6,13.9,2
2021,table2021.csv,60,60,9,0,0,0,0,1002,CHANTHU,2114,2021,6,12,35,9,138.0,14.6,3
2021,table2021.csv,60,60,9,0,0,0,0,1000,CHANTHU,2114,2021,6,18,35,9,137.4,15.3,3
2021,table2021.csv,60,60,9,0,0,0,0,994,CHANTHU,2114,2021,7,0,45,9,136.4,15.7,3
2021,table2021.csv,60,60,9,25,25,9,0,990,CHANTHU,2114,2021,7,6,55,9,135.6,16.1,4
2021,table2021.csv,60,60,9,30,30,9,0,980,CHANTHU,2114,2021,7,12,65,9,134.5,16.3,5
2021,table2021.csv,90,90,9,45,45,9,0,960,CHANTHU,2114,2021,7,18,80,9,133.5,16.3,5
2021,table2021.csv,90,90,9,45,45,9,0,950,CHANTHU,2114,2021,8,0,90,9,132.4,16.0,5
2021,table2021.csv,90,90,9,45,45,9,0,940,CHANTHU,2114,2021,8,6,95,9,131.4,15.7,5
2021,table2021.csv,90,90,9,45,45,9,0,940,CHANTHU,2114,2021,8,12,95,9,130.3,15.6,5
2021,table2021.csv,90,90,9,45,45,9,0,935,CHANTHU,2114,2021,8,18,100,9,129.1,15.4,5
2021,table2021.csv,90,90,9,45,45,9,0,935,CHANTHU,2114,2021,9,0,100,9,128.0,15.5,5
2021,table2021.csv,90,90,9,45,45,9,0,935,CHANTHU,2114,2021,9,6,100,9,127.1,15.8,5
2021,table2021.csv,90,90,9,45,45,9,0,935,CHANTHU,2114,2021,9,12,100,9,125.9,16.1,5
2021,table2021.csv,90,90,9,45,45,9,0,935,CHANTHU,2114,2021,9,18,100,9,124.9,16.6,5
2021,table2021.csv,90,120,2,45,45,9,0,930,CHANTHU,2114,2021,10,0,105,9,124.1,17.1,5
2021,table2021.csv,120,240,2,60,60,9,0,910,CHANTHU,2114,2021,10,6,115,9,123.5,17.8,5
2021,table2021.csv,150,350,2,60,60,9,0,910,CHANTHU,2114,2021,10,12,115,9,122.9,18.7,5
2021,table2021.csv,150,350,2,60,60,9,0,905,CHANTHU,2114,2021,10,18,115,9,122.3,19.5,5
2021,table2021.csv,150,350,2,60,60,9,0,905,CHANTHU,2114,2021,11,0,115,9,121.9,20.3,5
2021,table2021.csv,150,350,2,60,60,9,0,910,CHANTHU,2114,2021,11,6,110,9,121.5,21.0,5
2021,table2021.csv,150,350,2,60,60,9,0,920,CHANTHU,2114,2021,11,12,105,9,121.8,21.8,5
2021,table2021.csv,150,350,2,60,60,9,0,935,CHANTHU,2114,2021,11,18,100,9,122.0,22.8,5
2021,table2021.csv,150,350,2,60,60,9,0,935,CHANTHU,2114,2021,11,21,100,9,122.1,23.3,5
2021,table2021.csv,250,300,2,60,80,3,0,935,CHANTHU,2114,2021,12,0,100,9,122.3,23.8,5
2021,table2021.csv,300,300,9,60,80,3,0,940,CHANTHU,2114,2021,12,3,95,9,122.4,24.6,5
2021,table2021.csv,300,300,9,60,80,3,0,950,CHANTHU,2114,2021,12,6,90,9,122.3,25.2,5
2021,table2021.csv,300,300,9,60,80,3,0,955,CHANTHU,2114,2021,12,9,85,9,122.4,25.7,5
2021,table2021.csv,210,350,2,50,50,9,0,960,CHANTHU,2114,2021,12,12,80,9,122.6,26.2,5
2021,table2021.csv,210,350,2,50,50,9,0,955,CHANTHU,2114,2021,12,18,85,9,123.0,27.6,5
2021,table2021.csv,180,270,2,40,40,9,0,955,CHANTHU,2114,2021,13,0,85,9,123.5,29.1,5
2021,table2021.csv,180,270,2,40,40,9,0,960,CHANTHU,2114,2021,13,6,80,9,123.3,30.7,5
2021,table2021.csv,180,270,2,40,40,9,0,970,CHANTHU,2114,2021,13,12,75,9,123.2,30.9,5
2021,table2021.csv,180,270,2,40,40,9,0,975,CHANTHU,2114,2021,13,18,70,9,123.5,31.4,5
2021,table2021.csv,180,270,2,30,30,9,0,980,CHANTHU,2114,2021,14,0,65,9,123.8,31.3,5
2021,table2021.csv,180,270,2,30,30,9,0,985,CHANTHU,2114,2021,14,6,55,9,124.2,30.9,4
2021,table2021.csv,180,270,1,0,0,0,0,990,CHANTHU,2114,2021,14,12,50,9,124.7,30.5,4
2021,table2021.csv,180,270,1,0,0,0,0,992,CHANTHU,2114,2021,14,18,45,9,125.1,30.2,3
2021,table2021.csv,180,270,1,0,0,0,0,992,CHANTHU,2114,2021,15,0,45,9,125.7,30.3,3
2021,table2021.csv,180,270,1,0,0,0,0,992,CHANTHU,2114,2021,15,6,45,9,125.9,30.4,3
2021,table2021.csv,150,270,1,0,0,0,0,992,CHANTHU,2114,2021,15,12,45,9,125.7,30.2,3
2021,table2021.csv,150,270,1,0,0,0,0,990,CHANTHU,2114,2021,15,18,50,9,125.3,30.2,4
2021,table2021.csv,150,270,1,0,0,0,0,990,CHANTHU,2114,2021,16,0,50,9,125.0,30.4,4
2021,table2021.csv,150,270,1,0,0,0,0,990,CHANTHU,2114,2021,16,6,50,9,125.3,31.1,4
2021,table2021.csv,180,210,1,0,0,0,0,990,CHANTHU,2114,2021,16,12,50,9,125.8,31.7,4
2021,table2021.csv,180,210,1,0,0,0,0,990,CHANTHU,2114,2021,16,15,50,9,126.0,31.9,4
2021,table2021.csv,180,210,1,0,0,0,0,990,CHANTHU,2114,2021,16,18,50,9,126.4,32.3,4
2021,table2021.csv,180,210,1,0,0,0,0,990,CHANTHU,2114,2021,16,21,50,9,126.8,32.6,4
2021,table2021.csv,180,210,1,0,0,0,0,990,CHANTHU,2114,2021,17,0,50,9,127.5,32.9,4
2021,table2021.csv,180,210,1,0,0,0,0,990,CHANTHU,2114,2021,17,3,50,9,128.3,33.3,4
2021,table2021.csv,180,210,1,0,0,0,0,990,CHANTHU,2114,2021,17,6,50,9,129.2,33.5,4
2021,table2021.csv,180,210,1,0,0,0,1,990,CHANTHU,2114,2021,17,9,50,9,130.2,33.8,4
2021,table2021.csv,180,210,1,0,0,0,0,992,CHANTHU,2114,2021,17,12,45,9,131.6,33.8,3
2021,table2021.csv,180,210,1,0,0,0,1,994,CHANTHU,2114,2021,17,15,45,9,132.5,33.8,3
2021,table2021.csv,180,180,9,0,0,0,0,994,CHANTHU,2114,2021,17,18,45,9,134.1,33.8,3
2021,table2021.csv,180,180,9,0,0,0,1,996,CHANTHU,2114,2021,17,21,40,9,135.1,34.0,3
2021,table2021.csv,180,180,9,0,0,0,0,1000,CHANTHU,2114,2021,18,0,35,9,136.5,34.5,3
2021,table2021.csv,180,180,9,0,0,0,0,1000,CHANTHU,2114,2021,18,3,35,9,137.1,34.3,3
2021,table2021.csv,0,0,0,0,0,0,0,1002,CHANTHU,2114,2021,18,6,0,9,137.6,34.4,6
2021,table2021.csv,0,0,0,0,0,0,0,1004,CHANTHU,2114,2021,18,12,0,9,139.1,34.4,6
2021,table2021.csv,0,0,0,0,0,0,0,1006,CHANTHU,2114,2021,18,18,0,9,140.4,34.0,6
2021,table2021.csv,0,0,0,0,0,0,0,1008,CHANTHU,2114,2021,19,0,0,9,140.9,33.6,6
2021,table2021.csv,0,0,0,0,0,0,0,1008,CHANTHU,2114,2021,19,6,0,9,141.1,33.0,6
2021,table2021.csv,0,0,0,0,0,0,0,1010,CHANTHU,2114,2021,19,12,0,9,141.2,32.5,6
2021,table2021.csv,0,0,0,0,0,0,0,1010,CHANTHU,2114,2021,19,18,0,9,141.0,32.2,6
2021,table2021.csv,0,0,0,0,0,0,0,1010,CHANTHU,2114,2021,20,0,0,9,140.7,31.8,6
2021,table2021.csv,0,0,0,0,0,0,0,1006,DIANMU,2115,2021,22,0,0,9,115.0,11.9,2
2021,table2021.csv,0,0,0,0,0,0,0,1006,DIANMU,2115,2021,22,6,0,9,113.8,12.7,2
2021,table2021.csv,0,0,0,0,0,0,0,1004,DIANMU,2115,2021,22,12,0,9,113.5,12.7,2
2021,table2021.csv,0,0,0,0,0,0,0,1002,DIANMU,2115,2021,22,18,0,9,113.0,13.0,2
2021,table2021.csv,0,0,0,0,0,0,0,1002,DIANMU,2115,2021,23,0,0,9,111.6,14.0,2
2021,table2021.csv,90,160,8,0,0,0,0,1000,DIANMU,2115,2021,23,6,35,9,110.5,14.8,3
2021,table2021.csv,90,160,8,0,0,0,0,1000,DIANMU,2115,2021,23,12,35,9,109.3,15.3,3
2021,table2021.csv,0,0,0,0,0,0,0,1004,DIANMU,2115,2021,23,18,0,9,108.1,15.5,2
2021,table2021.csv,0,0,0,0,0,0,0,1004,DIANMU,2115,2021,24,0,0,9,106.1,15.9,2
2021,table2021.csv,0,0,0,0,0,0,0,1004,DIANMU,2115,2021,24,6,0,9,105.0,16.1,2
2021,table2021.csv,0,0,0,0,0,0,0,1004,DIANMU,2115,2021,24,12,0,9,104.8,16.2,2
2021,table2021.csv,0,0,0,0,0,0,0,1004,DIANMU,2115,2021,24,18,0,9,103.5,16.0,2
2021,table2021.csv,0,0,0,0,0,0,0,1004,DIANMU,2115,2021,25,0,0,9,102.5,16.0,2
2021,table2021.csv,0,0,0,0,0,0,0,1004,DIANMU,2115,2021,25,6,0,9,101.5,16.1,2
2021,table2021.csv,0,0,0,0,0,0,0,1002,DIANMU,2115,2021,25,12,0,9,101.0,16.2,2
2021,table2021.csv,0,0,0,0,0,0,0,1004,DIANMU,2115,2021,25,18,0,9,100.4,16.2,2
2021,table2021.csv,0,0,0,0,0,0,0,1004,DIANMU,2115,2021,26,0,0,9,99.3,16.1,2
2021,table2021.csv,0,0,0,0,0,0,0,1008,MINDULLE,2116,2021,22,12,0,9,148.6,11.2,2
2021,table2021.csv,0,0,0,0,0,0,0,1006,MINDULLE,2116,2021,22,18,0,9,147.7,12.0,2
2021,table2021.csv,0,0,0,0,0,0,0,1006,MINDULLE,2116,2021,23,0,0,9,146.2,12.7,2
2021,table2021.csv,0,0,0,0,0,0,0,1004,MINDULLE,2116,2021,23,6,0,9,144.5,13.3,2
2021,table2021.csv,60,180,1,0,0,0,0,1002,MINDULLE,2116,2021,23,12,35,9,143.3,13.6,3
2021,table2021.csv,60,180,1,0,0,0,0,1002,MINDULLE,2116,2021,23,18,35,9,142.0,14.1,3
2021,table2021.csv,90,150,1,0,0,0,0,998,MINDULLE,2116,2021,24,0,40,9,141.1,14.5,3
2021,table2021.csv,90,150,1,0,0,0,0,994,MINDULLE,2116,2021,24,6,45,9,140.3,15.2,3
2021,table2021.csv,120,180,1,0,0,0,0,992,MINDULLE,2116,2021,24,12,50,9,139.3,15.9,4
2021,table2021.csv,120,180,1,25,25,9,0,985,MINDULLE,2116,2021,24,18,60,9,138.6,16.6,4
2021,table2021.csv,120,180,1,30,30,9,0,975,MINDULLE,2116,2021,25,0,70,9,138.1,17.1,5
2021,table2021.csv,120,180,1,45,45,9,0,960,MINDULLE,2116,2021,25,6,80,9,137.7,17.7,5
2021,table2021.csv,150,210,1,50,50,9,0,955,MINDULLE,2116,2021,25,12,85,9,137.4,18.2,5
2021,table2021.csv,150,210,1,50,50,9,0,955,MINDULLE,2116,2021,25,18,85,9,137.0,18.5,5
2021,table2021.csv,180,240,2,70,70,9,0,935,MINDULLE,2116,2021,26,0,100,9,136.8,18.6,5
2021,table2021.csv,180,240,2,80,80,9,0,920,MINDULLE,2116,2021,26,6,105,9,136.7,18.8,5
2021,table2021.csv,210,270,3,80,80,9,0,920,MINDULLE,2116,2021,26,12,105,9,136.7,19.0,5
2021,table2021.csv,210,270,3,80,80,9,0,920,MINDULLE,2116,2021,26,18,105,9,136.7,19.4,5
2021,table2021.csv,240,325,3,80,80,9,0,935,MINDULLE,2116,2021,27,0,95,9,136.7,19.6,5
2021,table2021.csv,240,325,3,80,80,9,0,950,MINDULLE,2116,2021,27,6,85,9,136.6,19.9,5
2021,table2021.csv,240,325,3,100,100,9,0,950,MINDULLE,2116,2021,27,12,85,9,136.4,20.2,5
2021,table2021.csv,240,325,3,100,100,9,0,950,MINDULLE,2116,2021,27,18,85,9,136.3,20.5,5
2021,table2021.csv,270,325,3,100,100,9,0,950,MINDULLE,2116,2021,28,0,85,9,136.1,21.0,5
2021,table2021.csv,270,325,3,100,100,9,0,950,MINDULLE,2116,2021,28,6,85,9,135.7,21.6,5
2021,table2021.csv,300,325,3,120,120,9,0,950,MINDULLE,2116,2021,28,12,85,9,135.4,21.9,5
2021,table2021.csv,300,325,3,120,120,9,0,945,MINDULLE,2116,2021,28,18,85,9,135.5,22.6,5
2021,table2021.csv,325,375,3,120,120,9,0,945,MINDULLE,2116,2021,29,0,85,9,135.4,23.4,5
2021,table2021.csv,325,375,3,120,120,9,0,935,MINDULLE,2116,2021,29,6,90,9,135.4,24.3,5
2021,table2021.csv,325,375,2,120,120,9,0,935,MINDULLE,2116,2021,29,12,90,9,135.6,25.0,5
2021,table2021.csv,325,375,2,120,120,9,0,935,MINDULLE,2116,2021,29,18,90,9,135.9,25.8,5
2021,table2021.csv,300,375,2,150,150,9,0,935,MINDULLE,2116,2021,30,0,90,9,136.4,26.6,5
2021,table2021.csv,300,375,2,150,150,9,0,945,MINDULLE,2116,2021,30,6,85,9,137.2,28.0,5
2021,table2021.csv,300,400,2,150,150,9,0,945,MINDULLE,2116,2021,30,12,85,9,138.1,29.1,5
2021,table2021.csv,300,400,2,150,150,9,0,945,MINDULLE,2116,2021,30,15,85,9,138.6,29.8,5
2021,table2021.csv,300,400,2,150,150,9,0,945,MINDULLE,2116,2021,30,18,85,9,139.2,30.4,5
2021,table2021.csv,300,400,2,150,150,9,0,945,MINDULLE,2116,2021,30,21,85,9,140.0,31.1,5
2021,table2021.csv,325,375,2,150,180,8,0,950,MINDULLE,2116,2021,1,0,80,10,140.7,31.9,5
2021,table2021.csv,325,375,2,150,180,8,0,950,MINDULLE,2116,2021,1,3,80,10,141.4,32.8,5
2021,table2021.csv,325,375,2,150,180,8,0,960,MINDULLE,2116,2021,1,6,75,10,142.2,33.7,5
2021,table2021.csv,325,375,2,150,210,2,0,960,MINDULLE,2116,2021,1,9,75,10,142.8,34.7,5
2021,table2021.csv,325,400,2,180,210,2,0,965,MINDULLE,2116,2021,1,12,70,10,143.9,35.6,5
2021,table2021.csv,325,450,2,150,180,2,0,970,MINDULLE,2116,2021,1,18,65,10,145.6,37.2,5
2021,table2021.csv,0,0,0,0,0,0,0,976,MINDULLE,2116,2021,2,0,0,10,147.8,39.4,6
2021,table2021.csv,0,0,0,0,0,0,0,976,MINDULLE,2116,2021,2,6,0,10,150.1,41.6,6
2021,table2021.csv,0,0,0,0,0,0,0,976,MINDULLE,2116,2021,2,12,0,10,152.6,43.8,6
2021,table2021.csv,0,0,0,0,0,0,0,980,MINDULLE,2116,2021,2,18,0,10,155.5,46.0,6
2021,table2021.csv,0,0,0,0,0,0,0,978,MINDULLE,2116,2021,3,0,0,10,157.9,48.8,6
2021,table2021.csv,0,0,0,0,0,0,0,976,MINDULLE,2116,2021,3,6,0,10,160.1,51.2,6
2021,table2021.csv,0,0,0,0,0,0,0,968,MINDULLE,2116,2021,3,12,0,10,162.2,53.6,6
2021,table2021.csv,0,0,0,0,0,0,0,964,MINDULLE,2116,2021,3,18,0,10,164.3,55.6,6
2021,table2021.csv,0,0,0,0,0,0,0,964,MINDULLE,2116,2021,4,0,0,10,166.1,57.1,6
2021,table2021.csv,0,0,0,0,0,0,0,964,MINDULLE,2116,2021,4,6,0,10,168.5,58.3,6
2021,table2021.csv,0,0,0,0,0,0,0,964,MINDULLE,2116,2021,4,12,0,10,169.8,58.9,6
2021,table2021.csv,0,0,0,0,0,0,0,968,MINDULLE,2116,2021,4,18,0,10,171.3,59.3,6
2021,table2021.csv,0,0,0,0,0,0,0,972,MINDULLE,2116,2021,5,0,0,10,173.4,59.6,6
2021,table2021.csv,0,0,0,0,0,0,0,976,MINDULLE,2116,2021,5,6,0,10,175.4,59.9,6
2021,table2021.csv,0,0,0,0,0,0,0,980,MINDULLE,2116,2021,5,12,0,10,177.9,60.4,6
2021,table2021.csv,0,0,0,0,0,0,0,1004,LIONROCK,2117,2021,5,0,0,10,119.0,11.6,2
2021,table2021.csv,0,0,0,0,0,0,0,1002,LIONROCK,2117,2021,5,6,0,10,117.7,12.4,2
2021,table2021.csv,0,0,0,0,0,0,0,1002,LIONROCK,2117,2021,5,12,0,10,116.3,13.3,2
2021,table2021.csv,0,0,0,0,0,0,0,1002,LIONROCK,2117,2021,5,18,0,10,115.2,14.1,2
2021,table2021.csv,0,0,0,0,0,0,0,1000,LIONROCK,2117,2021,6,0,0,10,114.4,14.6,2
2021,table2021.csv,0,0,0,0,0,0,0,1000,LIONROCK,2117,2021,6,6,0,10,113.8,15.1,2
2021,table2021.csv,0,0,0,0,0,0,0,998,LIONROCK,2117,2021,6,12,0,10,113.2,15.6,2
2021,table2021.csv,0,0,0,0,0,0,0,998,LIONROCK,2117,2021,6,18,0,10,112.7,16.0,2
2021,table2021.csv,0,0,0,0,0,0,0,998,LIONROCK,2117,2021,7,0,0,10,112.1,16.6,2
2021,table2021.csv,0,0,0,0,0,0,0,996,LIONROCK,2117,2021,7,6,0,10,111.8,16.9,2
2021,table2021.csv,0,0,0,0,0,0,0,996,LIONROCK,2117,2021,7,12,0,10,111.4,17.2,2
2021,table2021.csv,270,400,2,0,0,0,0,994,LIONROCK,2117,2021,7,18,35,10,110.9,17.3,3
2021,table2021.csv,270,400,2,0,0,0,0,994,LIONROCK,2117,2021,8,0,35,10,110.8,17.6,3
2021,table2021.csv,270,400,2,0,0,0,0,994,LIONROCK,2117,2021,8,6,35,10,110.7,18.5,3
2021,table2021.csv,270,400,2,0,0,0,0,994,LIONROCK,2117,2021,8,12,35,10,110.6,19.0,3
2021,table2021.csv,270,400,2,0,0,0,0,994,LIONROCK,2117,2021,8,18,35,10,110.2,19.4,3
2021,table2021.csv,270,325,2,0,0,0,0,994,LIONROCK,2117,2021,9,0,35,10,110.1,19.7,3
2021,table2021.csv,270,325,2,0,0,0,0,994,LIONROCK,2117,2021,9,6,35,10,109.9,20.0,3
2021,table2021.csv,270,325,2,0,0,0,0,994,LIONROCK,2117,2021,9,12,35,10,109.6,20.3,3
2021,table2021.csv,240,325,2,0,0,0,0,996,LIONROCK,2117,2021,9,18,35,10,108.7,20.7,3
2021,table2021.csv,150,270,2,0,0,0,0,998,LIONROCK,2117,2021,10,0,35,10,107.9,20.9,3
2021,table2021.csv,0,0,0,0,0,0,0,1000,LIONROCK,2117,2021,10,6,0,10,106.9,20.8,2
2021,table2021.csv,0,0,0,0,0,0,0,1002,LIONROCK,2117,2021,10,12,0,10,106.3,20.7,2
2021,table2021.csv,0,0,0,0,0,0,0,1004,LIONROCK,2117,2021,10,18,0,10,105.4,20.6,2
2021,table2021.csv,0,0,0,0,0,0,0,1002,KOMPASU,2118,2021,7,0,0,10,136.5,13.7,2
2021,table2021.csv,0,0,0,0,0,0,0,1002,KOMPASU,2118,2021,7,6,0,10,135.7,13.7,2
2021,table2021.csv,0,0,0,0,0,0,0,1002,KOMPASU,2118,2021,7,12,0,10,134.8,13.8,2
2021,table2021.csv,0,0,0,0,0,0,0,1000,KOMPASU,2118,2021,7,18,0,10,134.2,14.0,2
2021,table2021.csv,475,475,9,0,0,0,0,996,KOMPASU,2118,2021,8,0,35,10,133.6,14.2,3
2021,table2021.csv,475,475,9,0,0,0,0,994,KOMPASU,2118,2021,8,6,35,10,132.8,14.6,3
2021,table2021.csv,475,475,9,0,0,0,0,994,KOMPASU,2118,2021,8,12,35,10,132.3,14.8,3
2021,table2021.csv,475,475,9,0,0,0,0,992,KOMPASU,2118,2021,8,18,40,10,131.7,15.2,3
2021,table2021.csv,550,550,9,0,0,0,0,992,KOMPASU,2118,2021,9,0,40,10,131.1,15.5,3
2021,table2021.csv,550,550,9,0,0,0,0,992,KOMPASU,2118,2021,9,6,40,10,130.5,15.9,3
2021,table2021.csv,600,600,9,0,0,0,0,990,KOMPASU,2118,2021,9,12,45,10,130.1,16.2,3
2021,table2021.csv,600,600,9,0,0,0,0,990,KOMPASU,2118,2021,9,18,45,10,129.4,16.7,3
2021,table2021.csv,600,600,9,0,0,0,0,990,KOMPASU,2118,2021,10,0,45,10,128.9,17.1,3
2021,table2021.csv,600,600,9,0,0,0,0,990,KOMPASU,2118,2021,10,6,45,10,127.9,17.7,3
2021,table2021.csv,600,600,9,0,0,0,0,985,KOMPASU,2118,2021,10,12,45,10,126.9,18.2,3
2021,table2021.csv,600,600,9,0,0,0,0,980,KOMPASU,2118,2021,10,18,50,10,125.8,18.4,4
2021,table2021.csv,600,600,9,0,0,0,0,980,KOMPASU,2118,2021,11,0,50,10,124.7,18.6,4
2021,table2021.csv,500,600,8,0,0,0,0,980,KOMPASU,2118,2021,11,6,50,10,123.0,18.8,4
2021,table2021.csv,400,550,8,0,0,0,0,980,KOMPASU,2118,2021,11,12,50,10,121.7,18.9,4
2021,table2021.csv,400,550,8,45,45,9,0,975,KOMPASU,2118,2021,11,18,55,10,120.5,18.8,4
2021,table2021.csv,400,550,8,45,45,9,0,975,KOMPASU,2118,2021,12,0,55,10,118.9,18.7,4
2021,table2021.csv,350,550,8,45,45,9,0,975,KOMPASU,2118,2021,12,6,55,10,117.8,18.9,4
2021,table2021.csv,350,550,1,45,45,9,0,975,KOMPASU,2118,2021,12,12,55,10,116.1,19.0,4
2021,table2021.csv,350,500,1,45,45,9,0,975,KOMPASU,2118,2021,12,18,55,10,114.5,19.2,4
2021,table2021.csv,300,400,1,45,45,9,0,975,KOMPASU,2118,2021,13,0,55,10,113.0,19.2,4
2021,table2021.csv,300,400,1,45,45,9,0,975,KOMPASU,2118,2021,13,6,55,10,111.0,19.2,4
2021,table2021.csv,200,300,1,0,0,0,0,985,KOMPASU,2118,2021,13,12,45,10,109.3,18.7,3
2021,table2021.csv,150,250,1,0,0,0,0,992,KOMPASU,2118,2021,13,18,40,10,108.5,18.7,3
2021,table2021.csv,120,150,1,0,0,0,0,998,KOMPASU,2118,2021,14,0,35,10,107.8,19.4,3
2021,table2021.csv,90,120,1,0,0,0,0,1000,KOMPASU,2118,2021,14,6,35,10,106.7,19.6,3
2021,table2021.csv,0,0,0,0,0,0,0,1004,KOMPASU,2118,2021,14,12,0,10,105.6,19.2,2
2021,table2021.csv,0,0,0,0,0,0,0,1010,NAMTHEUN,2119,2021,8,18,0,10,166.0,16.6,2
2021,table2021.csv,0,0,0,0,0,0,0,1010,NAMTHEUN,2119,2021,9,0,0,10,164.6,16.8,2
2021,table2021.csv,0,0,0,0,0,0,0,1006,NAMTHEUN,2119,2021,9,6,0,10,163.4,16.7,2
2021,table2021.csv,0,0,0,0,0,0,0,1004,NAMTHEUN,2119,2021,9,12,0,10,162.1,16.9,2
2021,table2021.csv,0,0,0,0,0,0,0,1002,NAMTHEUN,2119,2021,9,18,0,10,161.0,16.9,2
2021,table2021.csv,90,150,1,0,0,0,0,1000,NAMTHEUN,2119,2021,10,0,35,10,160.4,17.0,3
2021,table2021.csv,120,210,1,0,0,0,0,998,NAMTHEUN,2119,2021,10,6,40,10,159.9,17.1,3
2021,table2021.csv,120,210,1,0,0,0,0,998,NAMTHEUN,2119,2021,10,12,40,10,159.5,17.4,3
2021,table2021.csv,120,210,1,0,0,0,0,998,NAMTHEUN,2119,2021,10,18,40,10,158.8,17.7,3
2021,table2021.csv,120,300,8,0,0,0,0,998,NAMTHEUN,2119,2021,11,0,40,10,157.3,18.1,3
2021,table2021.csv,120,300,8,0,0,0,0,998,NAMTHEUN,2119,2021,11,6,40,10,156.0,18.6,3
2021,table2021.csv,120,300,8,0,0,0,0,998,NAMTHEUN,2119,2021,11,12,40,10,155.0,18.8,3
2021,table2021.csv,120,300,8,0,0,0,0,998,NAMTHEUN,2119,2021,11,18,40,10,153.8,19.2,3
2021,table2021.csv,120,300,8,0,0,0,0,998,NAMTHEUN,2119,2021,12,0,40,10,153.1,19.5,3
2021,table2021.csv,120,300,8,0,0,0,0,998,NAMTHEUN,2119,2021,12,6,40,10,152.1,19.6,3
2021,table2021.csv,120,300,8,0,0,0,0,998,NAMTHEUN,2119,2021,12,12,40,10,151.9,20.1,3
2021,table2021.csv,120,300,8,0,0,0,0,998,NAMTHEUN,2119,2021,12,18,40,10,151.9,20.9,3
2021,table2021.csv,120,300,1,0,0,0,0,998,NAMTHEUN,2119,2021,13,0,40,10,152.4,21.7,3
2021,table2021.csv,120,300,1,0,0,0,0,998,NAMTHEUN,2119,2021,13,6,40,10,152.9,22.4,3
2021,table2021.csv,120,300,1,0,0,0,0,998,NAMTHEUN,2119,2021,13,12,40,10,153.8,22.8,3
2021,table2021.csv,120,300,1,0,0,0,0,998,NAMTHEUN,2119,2021,13,18,40,10,155.0,23.4,3
2021,table2021.csv,120,240,2,0,0,0,0,998,NAMTHEUN,2119,2021,14,0,40,10,156.0,23.9,3
2021,table2021.csv,120,240,2,0,0,0,0,998,NAMTHEUN,2119,2021,14,6,40,10,157.4,24.3,3
2021,table2021.csv,120,240,2,0,0,0,0,998,NAMTHEUN,2119,2021,14,12,40,10,158.3,24.5,3
2021,table2021.csv,120,240,2,0,0,0,0,998,NAMTHEUN,2119,2021,14,18,40,10,159.3,25.2,3
2021,table2021.csv,90,210,2,0,0,0,0,998,NAMTHEUN,2119,2021,15,0,45,10,160.0,25.9,3
2021,table2021.csv,90,210,2,0,0,0,0,998,NAMTHEUN,2119,2021,15,6,45,10,160.7,26.5,3
2021,table2021.csv,90,210,2,0,0,0,0,998,NAMTHEUN,2119,2021,15,12,45,10,161.8,27.0,3
2021,table2021.csv,90,210,2,0,0,0,0,998,NAMTHEUN,2119,2021,15,18,45,10,162.8,28.0,3
2021,table2021.csv,90,210,2,0,0,0,0,996,NAMTHEUN,2119,2021,16,0,50,10,164.3,29.2,4
2021,table2021.csv,90,210,2,0,0,0,0,996,NAMTHEUN,2119,2021,16,6,50,10,165.1,30.7,4
2021,table2021.csv,90,150,3,0,0,0,0,998,NAMTHEUN,2119,2021,16,12,45,10,165.9,31.9,3
2021,table2021.csv,90,150,3,0,0,0,0,1000,NAMTHEUN,2119,2021,16,18,40,10,166.6,32.7,3
2021,table2021.csv,0,0,0,0,0,0,0,1002,NAMTHEUN,2119,2021,17,0,0,10,167.2,33.7,6
2021,table2021.csv,0,0,0,0,0,0,0,1002,NAMTHEUN,2119,2021,17,6,0,10,167.3,35.0,6
2021,table2021.csv,0,0,0,0,0,0,0,1004,NAMTHEUN,2119,2021,17,12,0,10,167.0,36.1,6
2021,table2021.csv,0,0,0,0,0,0,0,1004,NAMTHEUN,2119,2021,17,18,0,10,167.4,38.0,6
2021,table2021.csv,0,0,0,0,0,0,0,1004,NAMTHEUN,2119,2021,18,0,0,10,168.4,39.8,6
2021,table2021.csv,0,0,0,0,0,0,0,1002,NAMTHEUN,2119,2021,18,6,0,10,171.0,41.7,6
2021,table2021.csv,0,0,0,0,0,0,0,1000,NAMTHEUN,2119,2021,18,12,0,10,174.5,43.3,6
2021,table2021.csv,0,0,0,0,0,0,0,1000,NAMTHEUN,2119,2021,18,18,0,10,179.6,44.5,6
2021,table2021.csv,0,0,0,0,0,0,0,1000,NAMTHEUN,2119,2021,19,0,0,10,183.7,45.2,6
2021,table2021.csv,0,0,0,0,0,0,0,1008,MALOU,2120,2021,23,6,0,10,141.5,11.3,2
2021,table2021.csv,0,0,0,0,0,0,0,1008,MALOU,2120,2021,23,12,0,10,140.9,11.4,2
2021,table2021.csv,0,0,0,0,0,0,0,1006,MALOU,2120,2021,23,18,0,10,140.6,11.4,2
2021,table2021.csv,0,0,0,0,0,0,0,1008,MALOU,2120,2021,24,0,0,10,140.4,12.0,2
2021,table2021.csv,0,0,0,0,0,0,0,1006,MALOU,2120,2021,24,6,0,10,140.2,12.6,2
2021,table2021.csv,0,0,0,0,0,0,0,1006,MALOU,2120,2021,24,12,0,10,139.7,14.1,2
2021,table2021.csv,120,240,1,0,0,0,0,1002,MALOU,2120,2021,24,18,35,10,139.0,15.4,3
2021,table2021.csv,120,240,1,0,0,0,0,1002,MALOU,2120,2021,25,0,35,10,139.0,16.1,3
2021,table2021.csv,120,240,1,0,0,0,0,1000,MALOU,2120,2021,25,6,35,10,138.5,17.6,3
2021,table2021.csv,180,240,2,0,0,0,0,1000,MALOU,2120,2021,25,12,35,10,138.6,18.6,3
2021,table2021.csv,180,240,2,0,0,0,0,998,MALOU,2120,2021,25,18,40,10,138.9,19.0,3
2021,table2021.csv,180,240,2,0,0,0,0,994,MALOU,2120,2021,26,0,45,10,139.0,19.1,3
2021,table2021.csv,180,240,2,0,0,0,0,992,MALOU,2120,2021,26,6,50,10,139.3,19.4,4
2021,table2021.csv,180,240,2,0,0,0,0,992,MALOU,2120,2021,26,12,50,10,139.3,20.4,4
2021,table2021.csv,180,240,2,60,60,9,0,985,MALOU,2120,2021,26,18,55,10,139.3,20.7,4
2021,table2021.csv,210,240,2,60,90,7,0,980,MALOU,2120,2021,27,0,60,10,139.3,20.8,4
2021,table2021.csv,210,240,2,60,90,7,0,980,MALOU,2120,2021,27,6,60,10,139.4,21.3,4
2021,table2021.csv,210,240,2,60,90,7,0,970,MALOU,2120,2021,27,12,70,10,139.7,21.9,5
2021,table2021.csv,240,270,2,90,90,9,0,965,MALOU,2120,2021,27,18,75,10,140.0,22.7,5
2021,table2021.csv,240,270,2,90,90,9,0,965,MALOU,2120,2021,27,21,75,10,140.4,23.2,5
2021,table2021.csv,240,270,2,90,90,9,0,965,MALOU,2120,2021,28,0,75,10,140.7,23.6,5
2021,table2021.csv,240,270,2,90,90,9,0,965,MALOU,2120,2021,28,3,75,10,141.1,24.2,5
2021,table2021.csv,240,270,2,90,90,9,0,965,MALOU,2120,2021,28,6,75,10,141.5,24.9,5
2021,table2021.csv,240,270,2,90,90,9,0,965,MALOU,2120,2021,28,9,75,10,142.0,25.4,5
2021,table2021.csv,180,270,2,90,90,9,0,970,MALOU,2120,2021,28,12,70,10,142.5,26.3,5
2021,table2021.csv,180,270,2,90,90,9,0,970,MALOU,2120,2021,28,15,70,10,142.9,27.1,5
2021,table2021.csv,180,270,2,90,90,9,0,970,MALOU,2120,2021,28,18,70,10,143.4,28.0,5
2021,table2021.csv,180,270,2,90,90,9,0,970,MALOU,2120,2021,28,21,70,10,144.0,29.0,5
2021,table2021.csv,180,270,2,90,90,9,0,970,MALOU,2120,2021,29,0,70,10,144.6,29.7,5
2021,table2021.csv,180,270,2,90,90,9,0,975,MALOU,2120,2021,29,6,65,10,146.9,32.2,5
2021,table2021.csv,0,0,0,0,0,0,0,980,MALOU,2120,2021,29,12,0,10,149.9,33.7,6
2021,table2021.csv,0,0,0,0,0,0,0,990,MALOU,2120,2021,29,18,0,10,153.1,35.9,6
2021,table2021.csv,0,0,0,0,0,0,0,992,MALOU,2120,2021,30,0,0,10,157.9,38.3,6
2021,table2021.csv,0,0,0,0,0,0,0,992,MALOU,2120,2021,30,6,0,10,164.0,41.4,6
2021,table2021.csv,0,0,0,0,0,0,0,984,MALOU,2120,2021,30,12,0,10,169.0,44.3,6
2021,table2021.csv,0,0,0,0,0,0,0,978,MALOU,2120,2021,30,18,0,10,172.1,44.7,6
2021,table2021.csv,0,0,0,0,0,0,0,974,MALOU,2120,2021,31,0,0,10,175.0,44.1,6
2021,table2021.csv,0,0,0,0,0,0,0,978,MALOU,2120,2021,31,6,0,10,178.0,43.1,6
2021,table2021.csv,0,0,0,0,0,0,0,984,MALOU,2120,2021,31,12,0,10,181.8,42.1,6
2021,table2021.csv,0,0,0,0,0,0,0,1004,NYATOH,2121,2021,28,18,0,11,144.0,11.7,2
2021,table2021.csv,0,0,0,0,0,0,0,1006,NYATOH,2121,2021,29,0,0,11,142.8,11.8,2
2021,table2021.csv,0,0,0,0,0,0,0,1004,NYATOH,2121,2021,29,6,0,11,141.8,12.0,2
2021,table2021.csv,0,0,0,0,0,0,0,1006,NYATOH,2121,2021,29,12,0,11,141.0,12.2,2
2021,table2021.csv,0,0,0,0,0,0,0,1002,NYATOH,2121,2021,29,18,0,11,140.0,12.3,2
2021,table2021.csv,90,120,1,0,0,0,0,1000,NYATOH,2121,2021,30,0,35,11,139.0,12.5,3
2021,table2021.csv,90,120,1,0,0,0,0,998,NYATOH,2121,2021,30,6,35,11,138.1,12.9,3
2021,table2021.csv,120,150,1,0,0,0,0,996,NYATOH,2121,2021,30,12,40,11,137.3,13.2,3
2021,table2021.csv,120,150,1,0,0,0,0,992,NYATOH,2121,2021,30,18,45,11,136.5,13.5,3
2021,table2021.csv,120,150,1,0,0,0,0,990,NYATOH,2121,2021,1,0,50,12,136.2,13.8,4
2021,table2021.csv,120,150,1,30,30,9,0,985,NYATOH,2121,2021,1,6,55,12,135.7,14.2,4
2021,table2021.csv,120,210,1,45,45,9,0,975,NYATOH,2121,2021,1,12,65,12,135.6,15.0,5
2021,table2021.csv,120,210,1,50,50,9,0,970,NYATOH,2121,2021,1,18,70,12,135.5,15.8,5
2021,table2021.csv,150,240,2,50,50,9,0,970,NYATOH,2121,2021,2,0,70,12,135.5,16.5,5
2021,table2021.csv,150,240,2,75,75,9,0,955,NYATOH,2121,2021,2,6,80,12,135.8,17.3,5
2021,table2021.csv,240,240,9,80,80,9,0,950,NYATOH,2121,2021,2,12,85,12,136.7,18.3,5
2021,table2021.csv,240,240,9,110,110,9,0,925,NYATOH,2121,2021,2,18,100,12,137.5,19.5,5
2021,table2021.csv,270,270,9,110,110,9,0,925,NYATOH,2121,2021,3,0,100,12,138.7,21.0,5
2021,table2021.csv,270,270,9,95,95,9,0,935,NYATOH,2121,2021,3,6,95,12,140.5,22.6,5
2021,table2021.csv,240,240,9,75,75,9,0,955,NYATOH,2121,2021,3,12,80,12,142.5,24.2,5
2021,table2021.csv,240,240,9,40,40,9,0,980,NYATOH,2121,2021,3,18,60,12,144.6,26.2,4
2021,table2021.csv,0,0,0,0,0,0,0,1000,NYATOH,2121,2021,4,0,0,12,146.5,28.4,6
2021,table2021.csv,0,0,0,0,0,0,0,1006,NYATOH,2121,2021,4,6,0,12,148.1,29.0,6
2021,table2021.csv,0,0,0,0,0,0,0,1002,RAI,2122,2021,11,18,0,12,144.8,5.8,2
2021,table2021.csv,0,0,0,0,0,0,0,1004,RAI,2122,2021,12,0,0,12,144.4,5.8,2
2021,table2021.csv,0,0,0,0,0,0,0,1002,RAI,2122,2021,12,6,0,12,144.0,5.8,2
2021,table2021.csv,0,0,0,0,0,0,0,1004,RAI,2122,2021,12,12,0,12,143.5,5.8,2
2021,table2021.csv,0,0,0,0,0,0,0,1002,RAI,2122,2021,12,18,0,12,143.0,5.8,2
2021,table2021.csv,0,0,0,0,0,0,0,1000,RAI,2122,2021,13,0,0,12,142.0,5.8,2
2021,table2021.csv,90,190,8,0,0,0,0,998,RAI,2122,2021,13,6,35,12,141.0,6.0,3
2021,table2021.csv,90,190,8,0,0,0,0,996,RAI,2122,2021,13,12,40,12,139.7,6.4,3
2021,table2021.csv,90,190,8,0,0,0,0,992,RAI,2122,2021,13,18,45,12,138.4,6.8,3
2021,table2021.csv,90,190,8,0,0,0,0,990,RAI,2122,2021,14,0,50,12,137.1,7.2,4
2021,table2021.csv,90,190,8,30,30,9,0,985,RAI,2122,2021,14,6,55,12,135.8,7.8,4
2021,table2021.csv,90,190,8,40,40,9,0,980,RAI,2122,2021,14,12,60,12,134.5,8.4,4
2021,table2021.csv,90,190,8,50,50,9,0,970,RAI,2122,2021,14,18,70,12,133.4,8.6,5
2021,table2021.csv,150,240,1,60,60,9,0,965,RAI,2122,2021,15,0,75,12,132.3,8.7,5
2021,table2021.csv,150,240,1,75,75,9,0,955,RAI,2122,2021,15,6,80,12,131.2,8.9,5
2021,table2021.csv,150,240,1,75,75,9,0,955,RAI,2122,2021,15,12,80,12,130.1,9.1,5
2021,table2021.csv,150,240,1,80,80,9,0,950,RAI,2122,2021,15,18,85,12,128.9,9.4,5
2021,table2021.csv,150,240,1,90,90,9,0,925,RAI,2122,2021,16,0,100,12,127.6,9.7,5
2021,table2021.csv,150,240,1,90,90,9,0,915,RAI,2122,2021,16,6,105,12,126.0,9.9,5
2021,table2021.csv,150,240,1,90,90,9,0,935,RAI,2122,2021,16,12,95,12,124.3,10.0,5
2021,table2021.csv,150,240,1,80,80,9,0,950,RAI,2122,2021,16,18,85,12,122.6,10.0,5
2021,table2021.csv,150,240,1,75,75,9,0,955,RAI,2122,2021,17,0,80,12,121.2,10.0,5
2021,table2021.csv,150,240,1,75,75,9,0,955,RAI,2122,2021,17,6,80,12,119.9,10.3,5
2021,table2021.csv,150,300,8,75,75,9,0,955,RAI,2122,2021,17,12,80,12,118.6,10.4,5
2021,table2021.csv,150,300,8,75,75,9,0,955,RAI,2122,2021,17,18,80,12,117.4,10.6,5
2021,table2021.csv,150,300,8,80,80,9,0,950,RAI,2122,2021,18,0,85,12,116.0,10.8,5
2021,table2021.csv,150,300,8,90,90,9,0,935,RAI,2122,2021,18,6,95,12,114.6,11.2,5
2021,table2021.csv,150,300,8,90,90,9,0,925,RAI,2122,2021,18,12,100,12,113.4,11.8,5
2021,table2021.csv,150,300,8,90,90,9,0,915,RAI,2122,2021,18,18,105,12,112.2,12.5,5
2021,table2021.csv,150,300,8,90,90,9,0,915,RAI,2122,2021,19,0,105,12,111.4,13.1,5
2021,table2021.csv,150,240,8,90,90,9,0,925,RAI,2122,2021,19,6,100,12,110.6,13.9,5
2021,table2021.csv,150,240,8,90,90,9,0,940,RAI,2122,2021,19,12,90,12,110.6,14.9,5
2021,table2021.csv,150,240,8,75,75,9,0,955,RAI,2122,2021,19,18,80,12,110.7,16.1,5
2021,table2021.csv,150,240,8,50,50,9,0,970,RAI,2122,2021,20,0,70,12,110.9,17.2,5
2021,table2021.csv,150,240,8,30,30,9,0,985,RAI,2122,2021,20,6,55,12,111.4,18.1,4
2021,table2021.csv,150,240,8,0,0,0,0,1000,RAI,2122,2021,20,12,35,12,111.9,19.0,3
2021,table2021.csv,0,0,0,0,0,0,0,1006,RAI,2122,2021,20,18,0,12,112.8,19.9,2
2021,table2021.csv,0,0,0,0,0,0,0,1008,RAI,2122,2021,21,0,0,12,114.0,20.8,2
2021,table2021.csv,0,0,0,0,0,0,0,1008,RAI,2122,2021,21,6,0,12,115.3,21.3,2
2022,table2022.csv,0,0,0,0,0,0,0,1004,MALAKAS,2201,2022,6,6,0,4,150.2,3.4,2
2022,table2022.csv,0,0,0,0,0,0,0,1006,MALAKAS,2201,2022,6,12,0,4,149.6,3.5,2
2022,table2022.csv,0,0,0,0,0,0,0,1004,MALAKAS,2201,2022,6,18,0,4,149.1,3.5,2
2022,table2022.csv,0,0,0,0,0,0,0,1006,MALAKAS,2201,2022,7,0,0,4,148.4,3.8,2
2022,table2022.csv,0,0,0,0,0,0,0,1004,MALAKAS,2201,2022,7,6,0,4,147.7,4.0,2
2022,table2022.csv,0,0,0,0,0,0,0,1004,MALAKAS,2201,2022,7,12,0,4,147.1,4.1,2
2022,table2022.csv,0,0,0,0,0,0,0,1002,MALAKAS,2201,2022,7,18,0,4,146.3,4.5,2
2022,table2022.csv,180,180,9,0,0,0,0,1000,MALAKAS,2201,2022,8,0,35,4,145.9,5.1,3
2022,table2022.csv,180,180,9,0,0,0,0,998,MALAKAS,2201,2022,8,6,35,4,145.7,5.6,3
2022,table2022.csv,180,180,9,0,0,0,0,998,MALAKAS,2201,2022,8,12,35,4,145.2,6.4,3
2022,table2022.csv,200,240,8,0,0,0,0,996,MALAKAS,2201,2022,8,18,40,4,144.9,6.7,3
2022,table2022.csv,200,240,8,0,0,0,0,996,MALAKAS,2201,2022,9,0,40,4,144.6,7.1,3
2022,table2022.csv,200,240,8,0,0,0,0,996,MALAKAS,2201,2022,9,6,40,4,143.6,7.5,3
2022,table2022.csv,200,240,8,0,0,0,0,996,MALAKAS,2201,2022,9,12,40,4,142.4,8.2,3
2022,table2022.csv,200,240,8,0,0,0,0,996,MALAKAS,2201,2022,9,18,40,4,141.2,9.4,3
2022,table2022.csv,240,300,8,0,0,0,0,994,MALAKAS,2201,2022,10,0,45,4,139.6,10.6,3
2022,table2022.csv,240,300,8,0,0,0,0,992,MALAKAS,2201,2022,10,6,45,4,138.6,11.1,3
2022,table2022.csv,270,325,1,0,0,0,0,990,MALAKAS,2201,2022,10,12,50,4,138.0,11.5,4
2022,table2022.csv,270,325,1,0,0,0,0,990,MALAKAS,2201,2022,10,18,50,4,137.1,11.8,4
2022,table2022.csv,270,325,1,0,0,0,0,990,MALAKAS,2201,2022,11,0,50,4,136.4,12.2,4
2022,table2022.csv,270,325,1,0,0,0,0,990,MALAKAS,2201,2022,11,6,50,4,136.2,13.1,4
2022,table2022.csv,350,350,9,30,30,9,0,985,MALAKAS,2201,2022,11,12,55,4,135.9,14.1,4
2022,table2022.csv,350,350,9,40,40,9,0,980,MALAKAS,2201,2022,11,18,60,4,135.6,14.8,4
2022,table2022.csv,350,350,9,50,50,9,0,975,MALAKAS,2201,2022,12,0,65,4,135.0,15.4,5
2022,table2022.csv,350,350,9,55,55,9,0,970,MALAKAS,2201,2022,12,6,70,4,135.1,15.8,5
2022,table2022.csv,350,350,9,70,70,9,0,955,MALAKAS,2201,2022,12,12,80,4,135.4,16.1,5
2022,table2022.csv,350,350,9,70,70,9,0,955,MALAKAS,2201,2022,12,18,80,4,135.9,16.7,5
2022,table2022.csv,270,425,2,70,70,9,0,955,MALAKAS,2201,2022,13,0,80,4,136.4,17.3,5
2022,table2022.csv,270,425,2,80,80,9,0,950,MALAKAS,2201,2022,13,6,85,4,137.0,17.8,5
2022,table2022.csv,270,425,2,80,80,9,0,950,MALAKAS,2201,2022,13,12,85,4,137.6,18.8,5
2022,table2022.csv,240,425,2,90,90,9,0,945,MALAKAS,2201,2022,13,18,90,4,137.5,19.8,5
2022,table2022.csv,240,425,2,80,100,2,0,945,MALAKAS,2201,2022,14,0,90,4,138.0,20.6,5
2022,table2022.csv,240,500,2,80,100,2,0,945,MALAKAS,2201,2022,14,6,90,4,138.5,21.7,5
2022,table2022.csv,240,500,2,80,100,2,0,950,MALAKAS,2201,2022,14,12,85,4,139.0,22.6,5
2022,table2022.csv,240,500,2,80,100,2,0,950,MALAKAS,2201,2022,14,15,85,4,139.5,23.2,5
2022,table2022.csv,240,500,2,80,100,2,0,955,MALAKAS,2201,2022,14,18,80,4,140.0,24.3,5
2022,table2022.csv,240,500,2,80,100,2,0,955,MALAKAS,2201,2022,14,21,80,4,140.3,25.3,5
2022,table2022.csv,270,500,2,80,100,2,0,960,MALAKAS,2201,2022,15,0,75,4,140.6,26.3,5
2022,table2022.csv,270,500,2,80,100,2,0,965,MALAKAS,2201,2022,15,3,70,4,141.1,27.1,5
2022,table2022.csv,300,500,2,80,100,2,0,970,MALAKAS,2201,2022,15,6,65,4,141.9,27.7,5
2022,table2022.csv,300,500,2,80,100,2,0,970,MALAKAS,2201,2022,15,9,65,4,142.6,29.3,5
2022,table2022.csv,0,0,0,0,0,0,0,972,MALAKAS,2201,2022,15,12,0,4,143.7,30.0,6
2022,table2022.csv,0,0,0,0,0,0,0,972,MALAKAS,2201,2022,15,18,0,4,146.0,32.0,6
2022,table2022.csv,0,0,0,0,0,0,0,976,MALAKAS,2201,2022,16,0,0,4,149.3,34.7,6
2022,table2022.csv,0,0,0,0,0,0,0,976,MALAKAS,2201,2022,16,6,0,4,152.1,37.8,6
2022,table2022.csv,0,0,0,0,0,0,0,976,MALAKAS,2201,2022,16,12,0,4,155.2,41.5,6
2022,table2022.csv,0,0,0,0,0,0,0,972,MALAKAS,2201,2022,16,18,0,4,158.7,44.9,6
2022,table2022.csv,0,0,0,0,0,0,0,966,MALAKAS,2201,2022,17,0,0,4,160.7,46.4,6
2022,table2022.csv,0,0,0,0,0,0,0,966,MALAKAS,2201,2022,17,6,0,4,165.8,48.9,6
2022,table2022.csv,0,0,0,0,0,0,0,968,MALAKAS,2201,2022,17,12,0,4,172.3,50.9,6
2022,table2022.csv,0,0,0,0,0,0,0,968,MALAKAS,2201,2022,17,18,0,4,178.7,52.6,6
2022,table2022.csv,0,0,0,0,0,0,0,970,MALAKAS,2201,2022,18,0,0,4,183.5,53.1,6
2022,table2022.csv,0,0,0,0,0,0,0,1002,MEGI,2202,2022,8,18,0,4,127.4,10.3,2
2022,table2022.csv,0,0,0,0,0,0,0,1002,MEGI,2202,2022,9,0,0,4,127.4,10.8,2
2022,table2022.csv,0,0,0,0,0,0,0,1000,MEGI,2202,2022,9,6,0,4,126.9,10.9,2
2022,table2022.csv,0,0,0,0,0,0,0,1002,MEGI,2202,2022,9,12,0,4,126.3,11.2,2
2022,table2022.csv,90,120,6,0,0,0,0,998,MEGI,2202,2022,9,18,35,4,125.9,10.8,3
2022,table2022.csv,90,120,6,0,0,0,0,996,MEGI,2202,2022,10,0,40,4,125.7,10.8,3
2022,table2022.csv,90,120,6,0,0,0,0,998,MEGI,2202,2022,10,6,35,4,125.4,10.9,3
2022,table2022.csv,90,120,6,0,0,0,0,1000,MEGI,2202,2022,10,12,35,4,125.2,11.0,3
2022,table2022.csv,90,120,6,0,0,0,0,1000,MEGI,2202,2022,10,18,35,4,125.1,11.2,3
2022,table2022.csv,0,0,0,0,0,0,0,1002,MEGI,2202,2022,11,0,0,4,125.0,11.4,2
2022,table2022.csv,0,0,0,0,0,0,0,1000,MEGI,2202,2022,11,6,0,4,125.0,11.4,2
2022,table2022.csv,0,0,0,0,0,0,0,1002,MEGI,2202,2022,11,12,0,4,125.0,11.4,2
2022,table2022.csv,0,0,0,0,0,0,0,1002,MEGI,2202,2022,11,18,0,4,125.0,11.4,2
2022,table2022.csv,0,0,0,0,0,0,0,1004,MEGI,2202,2022,12,0,0,4,125.0,11.4,2
2022,table2022.csv,0,0,0,0,0,0,0,998,CHABA,2203,2022,28,18,0,6,116.5,14.6,2
2022,table2022.csv,0,0,0,0,0,0,0,998,CHABA,2203,2022,29,0,0,6,116.3,15.0,2
2022,table2022.csv,0,0,0,0,0,0,0,998,CHABA,2203,2022,29,6,0,6,116.2,15.5,2
2022,table2022.csv,0,0,0,0,0,0,0,998,CHABA,2203,2022,29,12,0,6,116.0,15.6,2
2022,table2022.csv,0,0,0,0,0,0,0,998,CHABA,2203,2022,29,18,0,6,115.7,15.6,2
2022,table2022.csv,180,240,2,0,0,0,0,994,CHABA,2203,2022,30,0,35,6,115.5,15.8,3
2022,table2022.csv,180,240,2,0,0,0,0,992,CHABA,2203,2022,30,6,40,6,115.6,16.1,3
2022,table2022.csv,180,240,2,0,0,0,0,990,CHABA,2203,2022,30,12,45,6,115.2,17.0,3
2022,table2022.csv,180,240,2,0,0,0,0,985,CHABA,2203,2022,30,18,50,6,114.6,17.5,4
2022,table2022.csv,180,300,3,60,60,9,0,980,CHABA,2203,2022,1,0,55,7,114.1,18.3,4
2022,table2022.csv,180,300,3,60,60,9,0,980,CHABA,2203,2022,1,6,55,7,113.1,18.9,4
2022,table2022.csv,180,350,3,60,60,9,0,975,CHABA,2203,2022,1,12,60,7,112.6,19.5,4
2022,table2022.csv,180,350,3,60,60,9,0,970,CHABA,2203,2022,1,18,65,7,112.0,20.2,5
2022,table2022.csv,180,350,3,60,60,9,0,965,CHABA,2203,2022,2,0,70,7,111.7,20.6,5
2022,table2022.csv,180,350,3,60,60,9,0,965,CHABA,2203,2022,2,6,70,7,111.2,21.2,5
2022,table2022.csv,120,350,3,0,0,0,0,980,CHABA,2203,2022,2,12,50,7,110.8,21.9,4
2022,table2022.csv,90,350,3,0,0,0,0,985,CHABA,2203,2022,2,18,45,7,110.4,22.8,3
2022,table2022.csv,90,240,3,0,0,0,0,990,CHABA,2203,2022,3,0,35,7,110.6,23.6,3
2022,table2022.csv,0,0,0,0,0,0,0,994,CHABA,2203,2022,3,6,0,7,110.6,24.4,2
2022,table2022.csv,0,0,0,0,0,0,0,994,CHABA,2203,2022,3,12,0,7,110.8,24.8,2
2022,table2022.csv,0,0,0,0,0,0,0,996,CHABA,2203,2022,3,18,0,7,111.2,25.3,2
2022,table2022.csv,0,0,0,0,0,0,0,996,CHABA,2203,2022,4,0,0,7,111.7,26.1,2
2022,table2022.csv,0,0,0,0,0,0,0,996,CHABA,2203,2022,4,6,0,7,112.0,27.1,2
2022,table2022.csv,0,0,0,0,0,0,0,996,CHABA,2203,2022,4,12,0,7,112.6,27.7,2
2022,table2022.csv,0,0,0,0,0,0,0,996,CHABA,2203,2022,4,18,0,7,113.4,28.6,2
2022,table2022.csv,0,0,0,0,0,0,0,996,CHABA,2203,2022,5,0,0,7,113.9,29.8,2
2022,table2022.csv,0,0,0,0,0,0,0,996,CHABA,2203,2022,5,6,0,7,114.5,30.8,2
2022,table2022.csv,0,0,0,0,0,0,0,996,CHABA,2203,2022,5,12,0,7,115.1,31.8,2
2022,table2022.csv,0,0,0,0,0,0,0,994,CHABA,2203,2022,5,18,0,7,115.6,32.8,6
2022,table2022.csv,0,0,0,0,0,0,0,996,CHABA,2203,2022,6,0,0,7,116.9,34.2,6
2022,table2022.csv,0,0,0,0,0,0,0,996,CHABA,2203,2022,6,6,0,7,117.9,35.4,6
2022,table2022.csv,0,0,0,0,0,0,0,996,CHABA,2203,2022,6,12,0,7,119.5,37.1,6
2022,table2022.csv,0,0,0,0,0,0,0,996,CHABA,2203,2022,6,18,0,7,120.8,38.7,6
2022,table2022.csv,0,0,0,0,0,0,0,998,CHABA,2203,2022,7,0,0,7,121.9,38.8,6
2022,table2022.csv,0,0,0,0,0,0,0,998,CHABA,2203,2022,7,6,0,7,122.8,38.8,6
2022,table2022.csv,0,0,0,0,0,0,0,1000,CHABA,2203,2022,7,12,0,7,124.0,39.0,6
2022,table2022.csv,0,0,0,0,0,0,0,1000,CHABA,2203,2022,7,18,0,7,124.8,39.1,6
2022,table2022.csv,0,0,0,0,0,0,0,1004,AERE,2204,2022,30,12,0,6,131.0,19.1,2
2022,table2022.csv,90,180,2,0,0,0,0,1000,AERE,2204,2022,30,18,35,6,130.9,19.6,3
2022,table2022.csv,90,180,2,0,0,0,0,998,AERE,2204,2022,1,0,40,7,131.0,20.1,3
2022,table2022.csv,90,180,2,0,0,0,0,998,AERE,2204,2022,1,6,40,7,131.3,20.9,3
2022,table2022.csv,90,180,2,0,0,0,0,998,AERE,2204,2022,1,12,40,7,131.7,22.2,3
2022,table2022.csv,90,180,2,0,0,0,0,998,AERE,2204,2022,1,18,40,7,131.3,23.5,3
2022,table2022.csv,90,180,2,0,0,0,0,998,AERE,2204,2022,2,0,40,7,130.4,24.7,3
2022,table2022.csv,100,210,2,0,0,0,0,994,AERE,2204,2022,2,6,45,7,129.5,25.9,3
2022,table2022.csv,100,210,2,0,0,0,0,994,AERE,2204,2022,2,12,45,7,128.1,26.3,3
2022,table2022.csv,100,210,2,0,0,0,1,994,AERE,2204,2022,2,14,45,7,127.9,26.4,3
2022,table2022.csv,100,180,2,0,0,0,0,996,AERE,2204,2022,2,18,40,7,127.5,27.2,3
2022,table2022.csv,90,120,2,0,0,0,0,998,AERE,2204,2022,3,0,35,7,127.2,27.8,3
2022,table2022.csv,90,120,2,0,0,0,0,998,AERE,2204,2022,3,6,35,7,126.9,28.1,3
2022,table2022.csv,90,120,2,0,0,0,0,998,AERE,2204,2022,3,12,35,7,126.6,28.4,3
2022,table2022.csv,90,120,2,0,0,0,0,998,AERE,2204,2022,3,18,35,7,126.8,29.3,3
2022,table2022.csv,90,120,2,0,0,0,0,998,AERE,2204,2022,4,0,35,7,127.4,30.0,3
2022,table2022.csv,60,100,2,0,0,0,0,998,AERE,2204,2022,4,6,35,7,127.9,30.8,3
2022,table2022.csv,60,100,2,0,0,0,0,998,AERE,2204,2022,4,12,35,7,128.8,31.6,3
2022,table2022.csv,60,100,2,0,0,0,0,1000,AERE,2204,2022,4,18,35,7,129.3,32.6,3
2022,table2022.csv,60,100,2,0,0,0,1,1000,AERE,2204,2022,4,20,35,7,129.7,33.0,3
2022,table2022.csv,0,0,0,0,0,0,0,1002,AERE,2204,2022,5,0,0,7,131.0,33.0,6
2022,table2022.csv,0,0,0,0,0,0,0,1004,AERE,2204,2022,5,6,0,7,133.3,34.3,6
2022,table2022.csv,0,0,0,0,0,0,0,1006,AERE,2204,2022,5,12,0,7,135.1,34.7,6
2022,table2022.csv,0,0,0,0,0,0,0,1002,AERE,2204,2022,5,18,0,7,138.8,34.0,6
2022,table2022.csv,0,0,0,0,0,0,0,1002,AERE,2204,2022,6,0,0,7,140.9,34.4,6
2022,table2022.csv,0,0,0,0,0,0,0,1002,AERE,2204,2022,6,6,0,7,142.0,34.1,6
2022,table2022.csv,0,0,0,0,0,0,0,1000,AERE,2204,2022,6,12,0,7,142.8,34.1,6
2022,table2022.csv,0,0,0,0,0,0,0,1000,AERE,2204,2022,6,18,0,7,143.9,33.9,6
2022,table2022.csv,0,0,0,0,0,0,0,998,AERE,2204,2022,7,0,0,7,145.2,33.8,6
2022,table2022.csv,0,0,0,0,0,0,0,996,AERE,2204,2022,7,6,0,7,145.7,34.1,6
2022,table2022.csv,0,0,0,0,0,0,0,996,AERE,2204,2022,7,12,0,7,146.1,34.3,6
2022,table2022.csv,0,0,0,0,0,0,0,996,AERE,2204,2022,7,18,0,7,146.0,34.7,6
2022,table2022.csv,0,0,0,0,0,0,0,996,AERE,2204,2022,8,0,0,7,144.8,34.5,6
2022,table2022.csv,0,0,0,0,0,0,0,996,AERE,2204,2022,8,6,0,7,144.8,34.5,6
2022,table2022.csv,0,0,0,0,0,0,0,996,AERE,2204,2022,8,12,0,7,144.4,34.5,6
2022,table2022.csv,0,0,0,0,0,0,0,996,AERE,2204,2022,8,18,0,7,144.5,34.8,6
2022,table2022.csv,0,0,0,0,0,0,0,998,AERE,2204,2022,9,0,0,7,144.8,35.9,6
2022,table2022.csv,0,0,0,0,0,0,0,998,AERE,2204,2022,9,6,0,7,144.7,37.5,6
2022,table2022.csv,0,0,0,0,0,0,0,1000,AERE,2204,2022,9,12,0,7,143.7,39.2,6
2022,table2022.csv,0,0,0,0,0,0,0,1000,AERE,2204,2022,9,18,0,7,143.3,39.8,6
2022,table2022.csv,0,0,0,0,0,0,0,1002,AERE,2204,2022,10,0,0,7,143.2,40.8,6
2022,table2022.csv,0,0,0,0,0,0,0,1004,AERE,2204,2022,10,6,0,7,142.7,41.2,6
2022,table2022.csv,0,0,0,0,0,0,0,1008,AERE,2204,2022,10,12,0,7,143.0,41.5,6
2022,table2022.csv,0,0,0,0,0,0,0,1006,SONGDA,2205,2022,26,12,0,7,143.3,14.9,2
2022,table2022.csv,0,0,0,0,0,0,0,1004,SONGDA,2205,2022,26,18,0,7,143.0,15.0,2
2022,table2022.csv,0,0,0,0,0,0,0,1004,SONGDA,2205,2022,27,0,0,7,142.6,15.3,2
2022,table2022.csv,0,0,0,0,0,0,0,1004,SONGDA,2205,2022,27,6,0,7,141.9,16.0,2
2022,table2022.csv,0,0,0,0,0,0,0,1004,SONGDA,2205,2022,27,12,0,7,141.0,17.4,2
2022,table2022.csv,0,0,0,0,0,0,0,1002,SONGDA,2205,2022,27,18,0,7,140.8,18.4,2
2022,table2022.csv,0,0,0,0,0,0,0,1002,SONGDA,2205,2022,28,0,0,7,140.3,19.4,2
2022,table2022.csv,0,0,0,0,0,0,0,1002,SONGDA,2205,2022,28,6,0,7,139.9,20.6,2
2022,table2022.csv,150,350,8,0,0,0,0,1002,SONGDA,2205,2022,28,12,35,7,139.0,22.5,3
2022,table2022.csv,150,350,8,0,0,0,0,1002,SONGDA,2205,2022,28,18,35,7,137.7,25.3,3
2022,table2022.csv,150,300,1,0,0,0,0,1002,SONGDA,2205,2022,29,0,35,7,135.0,28.0,3
2022,table2022.csv,150,300,1,0,0,0,0,1002,SONGDA,2205,2022,29,6,35,7,132.1,29.1,3
2022,table2022.csv,150,240,1,0,0,0,0,1000,SONGDA,2205,2022,29,12,40,7,129.9,30.1,3
2022,table2022.csv,150,240,1,0,0,0,0,1000,SONGDA,2205,2022,29,18,35,7,128.5,30.7,3
2022,table2022.csv,90,180,1,0,0,0,0,1000,SONGDA,2205,2022,30,0,35,7,126.2,31.4,3
2022,table2022.csv,90,180,1,0,0,0,0,998,SONGDA,2205,2022,30,6,35,7,124.9,32.0,3
2022,table2022.csv,90,150,1,0,0,0,0,998,SONGDA,2205,2022,30,12,35,7,124.2,32.8,3
2022,table2022.csv,90,150,1,0,0,0,0,998,SONGDA,2205,2022,30,18,35,7,123.3,33.4,3
2022,table2022.csv,90,150,1,0,0,0,0,996,SONGDA,2205,2022,31,0,35,7,123.1,33.5,3
2022,table2022.csv,90,150,1,0,0,0,0,996,SONGDA,2205,2022,31,6,35,7,123.2,33.9,3
2022,table2022.csv,90,150,1,0,0,0,0,996,SONGDA,2205,2022,31,12,35,7,123.1,34.5,3
2022,table2022.csv,0,0,0,0,0,0,0,998,SONGDA,2205,2022,31,18,0,7,123.1,34.9,2
2022,table2022.csv,0,0,0,0,0,0,0,1000,SONGDA,2205,2022,1,0,0,8,123.2,35.2,2
2022,table2022.csv,0,0,0,0,0,0,0,1000,SONGDA,2205,2022,1,6,0,8,123.3,35.3,2
2022,table2022.csv,0,0,0,0,0,0,0,1002,TRASES,2206,2022,29,12,0,7,128.7,20.3,2
2022,table2022.csv,0,0,0,0,0,0,0,1002,TRASES,2206,2022,29,18,0,7,127.9,20.6,2
2022,table2022.csv,0,0,0,0,0,0,0,1000,TRASES,2206,2022,30,0,0,7,127.2,21.1,2
2022,table2022.csv,0,0,0,0,0,0,0,998,TRASES,2206,2022,30,6,0,7,127.2,21.7,2
2022,table2022.csv,0,0,0,0,0,0,0,998,TRASES,2206,2022,30,12,0,7,127.7,22.6,2
2022,table2022.csv,0,0,0,0,0,0,0,998,TRASES,2206,2022,30,18,0,7,127.9,23.7,2
2022,table2022.csv,150,210,2,0,0,0,0,998,TRASES,2206,2022,31,0,35,7,127.9,25.7,3
2022,table2022.csv,150,210,2,0,0,0,0,998,TRASES,2206,2022,31,6,35,7,127.6,27.1,3
2022,table2022.csv,150,210,2,0,0,0,0,998,TRASES,2206,2022,31,12,35,7,127.4,28.2,3
2022,table2022.csv,150,210,2,0,0,0,0,998,TRASES,2206,2022,31,18,35,7,127.3,30.0,3
2022,table2022.csv,150,210,2,0,0,0,0,998,TRASES,2206,2022,1,0,35,8,126.9,32.7,3
2022,table2022.csv,120,180,2,0,0,0,0,1000,TRASES,2206,2022,1,6,35,8,126.4,34.5,3
2022,table2022.csv,0,0,0,0,0,0,0,1004,TRASES,2206,2022,1,12,0,8,126.4,36.3,2
2022,table2022.csv,0,0,0,0,0,0,0,1004,TRASES,2206,2022,1,18,0,8,125.8,37.9,2
2022,table2022.csv,0,0,0,0,0,0,0,1002,MULAN,2207,2022,8,0,0,8,110.1,16.3,2
2022,table2022.csv,0,0,0,0,0,0,0,1000,MULAN,2207,2022,8,6,0,8,111.1,15.3,2
2022,table2022.csv,0,0,0,0,0,0,0,1000,MULAN,2207,2022,8,12,0,8,111.5,15.3,2
2022,table2022.csv,0,0,0,0,0,0,0,998,MULAN,2207,2022,8,18,0,8,112.0,15.5,2
2022,table2022.csv,0,0,0,0,0,0,0,998,MULAN,2207,2022,9,0,0,8,112.8,16.0,2
2022,table2022.csv,210,325,1,0,0,0,0,996,MULAN,2207,2022,9,6,35,8,113.5,17.3,3
2022,table2022.csv,210,325,1,0,0,0,0,994,MULAN,2207,2022,9,12,35,8,112.8,18.3,3
2022,table2022.csv,210,325,1,0,0,0,0,994,MULAN,2207,2022,9,18,35,8,112.1,19.0,3
2022,table2022.csv,210,300,1,0,0,0,0,996,MULAN,2207,2022,10,0,35,8,111.2,19.8,3
2022,table2022.csv,210,300,1,0,0,0,0,996,MULAN,2207,2022,10,6,35,8,110.0,20.5,3
2022,table2022.csv,210,300,1,0,0,0,0,996,MULAN,2207,2022,10,12,35,8,109.2,20.7,3
2022,table2022.csv,210,300,1,0,0,0,0,996,MULAN,2207,2022,10,18,35,8,107.9,21.1,3
2022,table2022.csv,0,0,0,0,0,0,0,998,MULAN,2207,2022,11,0,0,8,106.0,21.4,2
2022,table2022.csv,0,0,0,0,0,0,0,1000,MULAN,2207,2022,11,6,0,8,104.1,21.5,2
2022,table2022.csv,0,0,0,0,0,0,0,1008,MEARI,2208,2022,8,18,0,8,148.8,23.9,2
2022,table2022.csv,0,0,0,0,0,0,0,1008,MEARI,2208,2022,9,0,0,8,146.3,24.1,2
2022,table2022.csv,0,0,0,0,0,0,0,1008,MEARI,2208,2022,9,6,0,8,144.5,24.6,2
2022,table2022.csv,0,0,0,0,0,0,0,1008,MEARI,2208,2022,9,12,0,8,142.8,24.9,2
2022,table2022.csv,0,0,0,0,0,0,0,1006,MEARI,2208,2022,9,18,0,8,141.6,25.1,2
2022,table2022.csv,0,0,0,0,0,0,0,1008,MEARI,2208,2022,10,0,0,8,140.3,26.0,2
2022,table2022.csv,0,0,0,0,0,0,0,1006,MEARI,2208,2022,10,6,0,8,139.5,26.9,2
2022,table2022.csv,0,0,0,0,0,0,0,1008,MEARI,2208,2022,10,12,0,8,138.5,27.6,2
2022,table2022.csv,0,0,0,0,0,0,0,1006,MEARI,2208,2022,10,18,0,8,137.6,28.2,2
2022,table2022.csv,0,0,0,0,0,0,0,1006,MEARI,2208,2022,11,0,0,8,136.3,28.8,2
2022,table2022.csv,0,0,0,0,0,0,0,1004,MEARI,2208,2022,11,6,0,8,135.9,28.8,2
2022,table2022.csv,90,180,3,0,0,0,0,1002,MEARI,2208,2022,11,12,35,8,135.6,28.8,3
2022,table2022.csv,90,180,3,0,0,0,0,1002,MEARI,2208,2022,11,18,35,8,135.9,29.6,3
2022,table2022.csv,90,180,3,0,0,0,0,1002,MEARI,2208,2022,12,0,35,8,136.2,30.5,3
2022,table2022.csv,90,180,3,0,0,0,0,1002,MEARI,2208,2022,12,6,35,8,136.4,30.8,3
2022,table2022.csv,90,180,3,0,0,0,0,1000,MEARI,2208,2022,12,12,40,8,136.7,31.9,3
2022,table2022.csv,90,180,3,0,0,0,0,1000,MEARI,2208,2022,12,18,40,8,136.7,32.8,3
2022,table2022.csv,90,180,3,0,0,0,0,998,MEARI,2208,2022,13,0,40,8,137.2,33.8,3
2022,table2022.csv,90,180,3,0,0,0,1,998,MEARI,2208,2022,13,5,40,8,138.0,34.5,3
2022,table2022.csv,90,180,3,0,0,0,0,998,MEARI,2208,2022,13,6,40,8,138.2,34.7,3
2022,table2022.csv,90,180,3,0,0,0,1,998,MEARI,2208,2022,13,8,40,8,138.7,35.0,3
2022,table2022.csv,90,180,3,0,0,0,0,998,MEARI,2208,2022,13,12,40,8,140.3,35.8,3
2022,table2022.csv,90,180,3,0,0,0,0,998,MEARI,2208,2022,13,18,40,8,142.6,37.4,3
2022,table2022.csv,90,180,3,0,0,0,0,998,MEARI,2208,2022,14,0,40,8,144.7,39.2,3
2022,table2022.csv,90,180,3,0,0,0,0,996,MEARI,2208,2022,14,6,40,8,146.9,41.0,3
2022,table2022.csv,0,0,0,0,0,0,0,994,MEARI,2208,2022,14,12,0,8,150.0,44.0,6
2022,table2022.csv,0,0,0,0,0,0,0,992,MEARI,2208,2022,14,18,0,8,151.5,46.8,6
2022,table2022.csv,0,0,0,0,0,0,0,988,MEARI,2208,2022,15,0,0,8,152.2,49.8,6
2022,table2022.csv,0,0,0,0,0,0,0,988,MEARI,2208,2022,15,6,0,8,152.6,51.9,6
2022,table2022.csv,0,0,0,0,0,0,0,988,MEARI,2208,2022,15,12,0,8,153.9,53.2,6
2022,table2022.csv,0,0,0,0,0,0,0,988,MEARI,2208,2022,15,18,0,8,155.1,55.0,6
2022,table2022.csv,0,0,0,0,0,0,0,990,MEARI,2208,2022,16,0,0,8,155.7,57.8,6
2022,table2022.csv,0,0,0,0,0,0,0,990,MEARI,2208,2022,16,6,0,8,157.4,59.1,6
2022,table2022.csv,0,0,0,0,0,0,0,992,MEARI,2208,2022,16,12,0,8,157.2,59.9,6
2022,table2022.csv,0,0,0,0,0,0,0,994,MEARI,2208,2022,16,18,0,8,156.0,60.1,6
2022,table2022.csv,0,0,0,0,0,0,0,1004,MA-ON,2209,2022,21,0,0,8,127.8,17.6,2
2022,table2022.csv,0,0,0,0,0,0,0,1000,MA-ON,2209,2022,21,6,0,8,127.2,17.2,2
2022,table2022.csv,0,0,0,0,0,0,0,1000,MA-ON,2209,2022,21,12,0,8,126.4,17.0,2
2022,table2022.csv,150,150,9,0,0,0,0,998,MA-ON,2209,2022,21,18,35,8,125.3,16.4,3
2022,table2022.csv,150,150,9,0,0,0,0,996,MA-ON,2209,2022,22,0,40,8,124.4,16.3,3
2022,table2022.csv,150,150,9,0,0,0,0,994,MA-ON,2209,2022,22,6,40,8,123.7,16.2,3
2022,table2022.csv,150,150,9,0,0,0,0,992,MA-ON,2209,2022,22,12,45,8,123.4,16.1,3
2022,table2022.csv,120,180,2,0,0,0,0,990,MA-ON,2209,2022,22,18,50,8,123.3,16.3,4
2022,table2022.csv,120,180,2,0,0,0,0,990,MA-ON,2209,2022,23,0,50,8,122.7,17.1,4
2022,table2022.csv,120,180,2,0,0,0,0,990,MA-ON,2209,2022,23,6,50,8,121.5,17.9,4
2022,table2022.csv,120,240,2,0,0,0,0,990,MA-ON,2209,2022,23,12,50,8,120.3,18.5,4
2022,table2022.csv,120,240,2,40,40,9,0,985,MA-ON,2209,2022,23,18,55,8,118.8,19.0,4
2022,table2022.csv,120,240,2,40,40,9,0,985,MA-ON,2209,2022,24,0,55,8,117.2,19.0,4
2022,table2022.csv,120,240,2,40,40,9,0,985,MA-ON,2209,2022,24,6,55,8,116.0,19.4,4
2022,table2022.csv,120,240,2,40,40,9,0,985,MA-ON,2209,2022,24,12,55,8,114.8,19.9,4
2022,table2022.csv,120,240,2,40,40,9,0,985,MA-ON,2209,2022,24,18,55,8,113.3,20.7,4
2022,table2022.csv,120,210,2,40,40,9,0,985,MA-ON,2209,2022,25,0,55,8,111.8,20.9,4
2022,table2022.csv,120,210,2,0,0,0,0,990,MA-ON,2209,2022,25,6,50,8,109.7,21.6,4
2022,table2022.csv,120,150,3,0,0,0,0,992,MA-ON,2209,2022,25,12,45,8,108.3,21.4,3
2022,table2022.csv,120,150,3,0,0,0,0,996,MA-ON,2209,2022,25,18,35,8,106.4,21.4,3
2022,table2022.csv,0,0,0,0,0,0,0,1000,MA-ON,2209,2022,26,0,0,8,104.4,21.4,2
2022,table2022.csv,0,0,0,0,0,0,0,1002,TOKAGE,2210,2022,21,6,0,8,151.0,22.0,2
2022,table2022.csv,0,0,0,0,0,0,0,1002,TOKAGE,2210,2022,21,12,0,8,151.2,22.3,2
2022,table2022.csv,0,0,0,0,0,0,0,1002,TOKAGE,2210,2022,21,18,0,8,151.5,22.9,2
2022,table2022.csv,90,150,2,0,0,0,0,1000,TOKAGE,2210,2022,22,0,35,8,151.6,24.0,3
2022,table2022.csv,90,150,2,0,0,0,0,998,TOKAGE,2210,2022,22,6,40,8,151.6,25.1,3
2022,table2022.csv,90,150,2,0,0,0,0,994,TOKAGE,2210,2022,22,12,45,8,151.5,26.1,3
2022,table2022.csv,90,150,2,0,0,0,0,992,TOKAGE,2210,2022,22,18,50,8,151.3,27.3,4
2022,table2022.csv,90,150,2,40,40,9,0,990,TOKAGE,2210,2022,23,0,55,8,150.5,28.7,4
2022,table2022.csv,90,150,2,40,40,9,0,980,TOKAGE,2210,2022,23,6,65,8,149.8,30.3,5
2022,table2022.csv,90,150,2,40,60,2,0,970,TOKAGE,2210,2022,23,12,75,8,149.1,31.6,5
2022,table2022.csv,90,150,2,40,60,2,0,970,TOKAGE,2210,2022,23,18,75,8,148.6,32.9,5
2022,table2022.csv,150,210,2,40,60,2,0,970,TOKAGE,2210,2022,24,0,75,8,148.6,34.2,5
2022,table2022.csv,150,210,2,40,60,2,0,970,TOKAGE,2210,2022,24,6,75,8,149.0,35.2,5
2022,table2022.csv,90,180,2,40,60,2,0,975,TOKAGE,2210,2022,24,12,70,8,149.5,36.2,5
2022,table2022.csv,90,180,2,40,60,2,0,975,TOKAGE,2210,2022,24,18,70,8,150.3,37.3,5
2022,table2022.csv,90,180,3,40,60,2,0,980,TOKAGE,2210,2022,25,0,65,8,151.4,38.6,5
2022,table2022.csv,90,180,3,20,40,2,0,990,TOKAGE,2210,2022,25,6,55,8,152.9,40.4,4
2022,table2022.csv,90,210,3,0,0,0,0,992,TOKAGE,2210,2022,25,12,50,8,155.0,42.8,4
2022,table2022.csv,0,0,0,0,0,0,0,996,TOKAGE,2210,2022,25,18,0,8,158.3,45.1,6
2022,table2022.csv,0,0,0,0,0,0,0,1002,TOKAGE,2210,2022,26,0,0,8,160.6,47.0,6
2022,table2022.csv,0,0,0,0,0,0,0,1006,TOKAGE,2210,2022,26,6,0,8,165.2,48.7,6
2022,table2022.csv,0,0,0,0,0,0,0,1010,TOKAGE,2210,2022,26,12,0,8,170.9,50.1,6
2022,table2022.csv,0,0,0,0,0,0,0,1012,TOKAGE,2210,2022,26,18,0,8,177.3,50.6,6
2022,table2022.csv,0,0,0,0,0,0,0,1014,TOKAGE,2210,2022,27,0,0,8,184.1,50.7,6
2022,table2022.csv,0,0,0,0,0,0,0,1008,HINNAMNOR,2211,2022,27,18,0,8,151.1,23.8,2
2022,table2022.csv,0,0,0,0,0,0,0,1008,HINNAMNOR,2211,2022,28,0,0,8,150.3,24.9,2
2022,table2022.csv,90,120,1,0,0,0,0,1004,HINNAMNOR,2211,2022,28,6,35,8,149.5,25.9,3
2022,table2022.csv,90,120,1,0,0,0,0,1002,HINNAMNOR,2211,2022,28,12,40,8,148.5,26.9,3
2022,table2022.csv,90,120,1,30,30,9,0,996,HINNAMNOR,2211,2022,28,18,55,8,146.9,27.2,4
2022,table2022.csv,90,120,1,30,30,9,0,980,HINNAMNOR,2211,2022,29,0,70,8,145.3,27.3,5
2022,table2022.csv,90,120,1,30,30,9,0,980,HINNAMNOR,2211,2022,29,3,70,8,144.4,27.4,5
2022,table2022.csv,90,120,1,40,40,9,0,975,HINNAMNOR,2211,2022,29,6,75,8,143.2,27.4,5
2022,table2022.csv,90,120,1,40,40,9,0,970,HINNAMNOR,2211,2022,29,9,80,8,142.3,27.4,5
2022,table2022.csv,90,120,1,40,40,9,0,965,HINNAMNOR,2211,2022,29,12,85,8,141.3,27.3,5
2022,table2022.csv,90,120,1,40,40,9,0,955,HINNAMNOR,2211,2022,29,15,85,8,140.3,27.2,5
2022,table2022.csv,90,120,1,50,50,9,0,950,HINNAMNOR,2211,2022,29,18,90,8,139.2,27.1,5
2022,table2022.csv,90,120,1,50,50,9,0,940,HINNAMNOR,2211,2022,30,0,95,8,137.3,26.8,5
2022,table2022.csv,90,120,1,50,50,9,0,935,HINNAMNOR,2211,2022,30,6,100,8,135.4,26.8,5
2022,table2022.csv,90,120,8,50,50,9,0,920,HINNAMNOR,2211,2022,30,12,105,8,133.6,26.6,5
2022,table2022.csv,90,120,8,50,50,9,0,920,HINNAMNOR,2211,2022,30,15,105,8,132.7,26.5,5
2022,table2022.csv,90,120,8,50,50,9,0,920,HINNAMNOR,2211,2022,30,18,105,8,131.9,26.3,5
2022,table2022.csv,90,120,8,50,50,9,0,920,HINNAMNOR,2211,2022,30,21,105,8,131.1,26.1,5
2022,table2022.csv,90,120,8,50,50,9,0,935,HINNAMNOR,2211,2022,31,0,100,8,130.3,25.9,5
2022,table2022.csv,90,120,8,50,50,9,0,935,HINNAMNOR,2211,2022,31,3,100,8,129.6,25.7,5
2022,table2022.csv,90,120,8,50,50,9,0,935,HINNAMNOR,2211,2022,31,6,100,8,129.0,25.4,5
2022,table2022.csv,90,120,8,50,50,9,0,935,HINNAMNOR,2211,2022,31,9,100,8,128.4,25.1,5
2022,table2022.csv,90,130,7,50,50,9,0,935,HINNAMNOR,2211,2022,31,12,100,8,127.7,24.7,5
2022,table2022.csv,90,130,7,50,50,9,0,935,HINNAMNOR,2211,2022,31,18,100,8,126.3,23.7,5
2022,table2022.csv,120,210,7,50,50,9,0,925,HINNAMNOR,2211,2022,1,0,100,9,125.7,22.6,5
2022,table2022.csv,120,240,7,50,50,9,0,925,HINNAMNOR,2211,2022,1,6,100,9,125.5,21.8,5
2022,table2022.csv,120,270,7,50,50,9,0,925,HINNAMNOR,2211,2022,1,12,100,9,125.5,21.3,5
2022,table2022.csv,180,300,7,50,50,9,0,935,HINNAMNOR,2211,2022,1,18,90,9,125.5,21.3,5
2022,table2022.csv,180,300,7,50,50,9,0,940,HINNAMNOR,2211,2022,2,0,80,9,125.5,21.5,5
2022,table2022.csv,180,300,7,50,50,9,0,945,HINNAMNOR,2211,2022,2,6,75,9,125.0,21.9,5
2022,table2022.csv,210,325,3,50,50,9,0,950,HINNAMNOR,2211,2022,2,12,75,9,124.6,22.1,5
2022,table2022.csv,210,325,3,50,50,9,0,955,HINNAMNOR,2211,2022,2,18,75,9,124.6,22.5,5
2022,table2022.csv,210,325,3,50,50,9,0,960,HINNAMNOR,2211,2022,2,21,75,9,124.6,22.7,5
2022,table2022.csv,300,350,3,60,80,2,0,960,HINNAMNOR,2211,2022,3,0,75,9,124.6,23.0,5
2022,table2022.csv,300,350,3,60,80,2,0,960,HINNAMNOR,2211,2022,3,3,75,9,124.6,23.3,5
2022,table2022.csv,300,350,3,60,80,2,0,960,HINNAMNOR,2211,2022,3,6,75,9,124.7,23.8,5
2022,table2022.csv,300,350,3,60,80,2,0,960,HINNAMNOR,2211,2022,3,9,75,9,124.8,24.0,5
2022,table2022.csv,350,350,9,90,140,2,0,950,HINNAMNOR,2211,2022,3,12,80,9,124.9,24.3,5
2022,table2022.csv,350,350,9,90,140,2,0,950,HINNAMNOR,2211,2022,3,15,80,9,124.7,24.8,5
2022,table2022.csv,350,350,9,90,140,2,0,950,HINNAMNOR,2211,2022,3,18,80,9,124.6,25.1,5
2022,table2022.csv,350,350,9,90,140,2,0,950,HINNAMNOR,2211,2022,3,21,80,9,124.6,25.5,5
2022,table2022.csv,350,350,9,90,140,2,0,945,HINNAMNOR,2211,2022,4,0,85,9,124.6,26.0,5
2022,table2022.csv,350,350,9,90,140,2,0,945,HINNAMNOR,2211,2022,4,3,85,9,124.5,26.3,5
2022,table2022.csv,325,375,5,90,140,2,0,940,HINNAMNOR,2211,2022,4,6,90,9,124.7,27.0,5
2022,table2022.csv,325,375,5,90,140,2,0,940,HINNAMNOR,2211,2022,4,9,90,9,124.4,27.5,5
2022,table2022.csv,325,375,5,90,140,2,0,940,HINNAMNOR,2211,2022,4,12,90,9,124.5,27.7,5
2022,table2022.csv,270,325,3,90,140,2,0,940,HINNAMNOR,2211,2022,4,18,90,9,124.7,28.6,5
2022,table2022.csv,270,325,3,90,120,2,0,945,HINNAMNOR,2211,2022,5,0,85,9,124.9,29.8,5
2022,table2022.csv,270,325,3,90,120,2,0,945,HINNAMNOR,2211,2022,5,3,85,9,125.1,30.2,5
2022,table2022.csv,270,350,2,90,120,2,0,950,HINNAMNOR,2211,2022,5,6,80,9,125.5,31.0,5
2022,table2022.csv,270,350,2,90,120,2,0,950,HINNAMNOR,2211,2022,5,9,80,9,126.0,31.6,5
2022,table2022.csv,270,350,2,120,120,9,0,955,HINNAMNOR,2211,2022,5,12,75,9,126.6,32.3,5
2022,table2022.csv,270,350,2,120,120,9,0,960,HINNAMNOR,2211,2022,5,15,75,9,127.2,33.3,5
2022,table2022.csv,270,350,2,120,120,9,0,965,HINNAMNOR,2211,2022,5,18,70,9,128.1,34.2,5
2022,table2022.csv,270,350,2,120,120,9,0,965,HINNAMNOR,2211,2022,5,21,70,9,129.1,35.1,5
2022,table2022.csv,270,350,2,80,80,9,0,970,HINNAMNOR,2211,2022,6,0,65,9,130.7,36.4,5
2022,table2022.csv,270,350,2,80,80,9,0,970,HINNAMNOR,2211,2022,6,3,65,9,131.9,37.8,5
2022,table2022.csv,270,350,2,80,80,9,0,975,HINNAMNOR,2211,2022,6,6,60,9,133.6,39.8,4
2022,table2022.csv,0,0,0,0,0,0,0,980,HINNAMNOR,2211,2022,6,12,0,9,137.0,44.0,6
2022,table2022.csv,0,0,0,0,0,0,0,982,HINNAMNOR,2211,2022,6,18,0,9,139.4,47.5,6
2022,table2022.csv,0,0,0,0,0,0,0,978,HINNAMNOR,2211,2022,7,0,0,9,138.4,52.6,6
2022,table2022.csv,0,0,0,0,0,0,0,968,HINNAMNOR,2211,2022,7,6,0,9,139.1,54.8,6
2022,table2022.csv,0,0,0,0,0,0,0,970,HINNAMNOR,2211,2022,7,12,0,9,139.1,55.8,6
2022,table2022.csv,0,0,0,0,0,0,0,972,HINNAMNOR,2211,2022,7,18,0,9,140.8,56.7,6
2022,table2022.csv,0,0,0,0,0,0,0,976,HINNAMNOR,2211,2022,8,0,0,9,142.9,58.0,6
2022,table2022.csv,0,0,0,0,0,0,0,978,HINNAMNOR,2211,2022,8,6,0,9,145.0,58.2,6
2022,table2022.csv,0,0,0,0,0,0,0,984,HINNAMNOR,2211,2022,8,12,0,9,147.0,58.9,6
2022,table2022.csv,0,0,0,0,0,0,0,990,HINNAMNOR,2211,2022,8,18,0,9,149.2,59.9,6
2022,table2022.csv,0,0,0,0,0,0,0,992,HINNAMNOR,2211,2022,9,0,0,9,149.9,61.7,6
2022,table2022.csv,0,0,0,0,0,0,0,1006,MUIFA,2212,2022,3,18,0,9,146.6,25.6,2
2022,table2022.csv,0,0,0,0,0,0,0,1008,MUIFA,2212,2022,4,0,0,9,146.0,25.8,2
2022,table2022.csv,0,0,0,0,0,0,0,1006,MUIFA,2212,2022,4,6,0,9,145.3,25.5,2
2022,table2022.csv,0,0,0,0,0,0,0,1006,MUIFA,2212,2022,4,12,0,9,144.5,25.3,2
2022,table2022.csv,0,0,0,0,0,0,0,1006,MUIFA,2212,2022,4,18,0,9,143.2,24.8,2
2022,table2022.csv,0,0,0,0,0,0,0,1006,MUIFA,2212,2022,5,0,0,9,141.7,24.4,2
2022,table2022.csv,0,0,0,0,0,0,0,1004,MUIFA,2212,2022,5,6,0,9,140.3,24.1,2
2022,table2022.csv,0,0,0,0,0,0,0,1006,MUIFA,2212,2022,5,12,0,9,139.3,24.0,2
2022,table2022.csv,0,0,0,0,0,0,0,1004,MUIFA,2212,2022,5,18,0,9,137.9,23.5,2
2022,table2022.csv,0,0,0,0,0,0,0,1006,MUIFA,2212,2022,6,0,0,9,137.4,22.6,2
2022,table2022.csv,0,0,0,0,0,0,0,1004,MUIFA,2212,2022,6,6,0,9,136.8,21.4,2
2022,table2022.csv,0,0,0,0,0,0,0,1006,MUIFA,2212,2022,6,12,0,9,136.5,19.6,2
2022,table2022.csv,0,0,0,0,0,0,0,1004,MUIFA,2212,2022,6,18,0,9,136.0,18.2,2
2022,table2022.csv,0,0,0,0,0,0,0,1004,MUIFA,2212,2022,7,0,0,9,135.7,17.2,2
2022,table2022.csv,0,0,0,0,0,0,0,1002,MUIFA,2212,2022,7,6,0,9,135.5,17.1,2
2022,table2022.csv,0,0,0,0,0,0,0,1004,MUIFA,2212,2022,7,12,0,9,134.8,17.0,2
2022,table2022.csv,90,120,6,0,0,0,0,1000,MUIFA,2212,2022,7,18,35,9,133.5,16.8,3
2022,table2022.csv,90,120,6,0,0,0,0,998,MUIFA,2212,2022,8,0,40,9,132.9,16.9,3
2022,table2022.csv,90,120,6,0,0,0,0,998,MUIFA,2212,2022,8,6,40,9,131.8,17.1,3
2022,table2022.csv,90,120,6,0,0,0,0,998,MUIFA,2212,2022,8,12,40,9,131.0,17.1,3
2022,table2022.csv,90,120,6,0,0,0,0,994,MUIFA,2212,2022,8,18,45,9,130.2,17.2,3
2022,table2022.csv,120,120,9,0,0,0,0,994,MUIFA,2212,2022,9,0,45,9,129.3,18.0,3
2022,table2022.csv,120,120,9,0,0,0,0,990,MUIFA,2212,2022,9,6,50,9,128.4,19.0,4
2022,table2022.csv,120,120,9,30,30,9,0,985,MUIFA,2212,2022,9,12,55,9,127.7,19.4,4
2022,table2022.csv,120,120,9,40,40,9,0,980,MUIFA,2212,2022,9,18,60,9,126.9,19.8,4
2022,table2022.csv,120,150,8,50,50,9,0,970,MUIFA,2212,2022,10,0,70,9,126.0,20.7,5
2022,table2022.csv,120,150,8,50,50,9,0,970,MUIFA,2212,2022,10,6,70,9,125.7,21.2,5
2022,table2022.csv,120,150,8,60,60,9,0,965,MUIFA,2212,2022,10,12,75,9,125.5,21.7,5
2022,table2022.csv,130,180,8,70,70,9,0,960,MUIFA,2212,2022,10,18,80,9,124.9,22.2,5
2022,table2022.csv,130,180,8,70,70,9,0,950,MUIFA,2212,2022,11,0,85,9,124.4,22.6,5
2022,table2022.csv,130,180,8,70,70,9,0,950,MUIFA,2212,2022,11,3,85,9,124.4,22.7,5
2022,table2022.csv,130,180,8,70,70,9,0,950,MUIFA,2212,2022,11,6,85,9,124.4,22.9,5
2022,table2022.csv,130,180,8,70,70,9,0,950,MUIFA,2212,2022,11,9,85,9,124.3,23.2,5
2022,table2022.csv,130,180,8,70,70,9,0,955,MUIFA,2212,2022,11,12,80,9,124.3,23.4,5
2022,table2022.csv,130,180,8,70,70,9,0,955,MUIFA,2212,2022,11,15,80,9,124.2,23.5,5
2022,table2022.csv,130,180,8,70,70,9,0,965,MUIFA,2212,2022,11,18,75,9,124.2,23.7,5
2022,table2022.csv,130,180,8,70,70,9,0,965,MUIFA,2212,2022,11,21,75,9,124.2,23.9,5
2022,table2022.csv,120,150,8,70,70,9,0,965,MUIFA,2212,2022,12,0,75,9,124.2,24.0,5
2022,table2022.csv,120,150,8,70,70,9,1,965,MUIFA,2212,2022,12,3,75,9,124.2,24.5,5
2022,table2022.csv,120,150,8,70,70,9,0,965,MUIFA,2212,2022,12,6,75,9,124.0,24.8,5
2022,table2022.csv,120,150,8,70,70,9,0,965,MUIFA,2212,2022,12,9,75,9,124.0,24.8,5
2022,table2022.csv,120,150,8,70,70,9,0,965,MUIFA,2212,2022,12,12,75,9,124.0,24.9,5
2022,table2022.csv,120,150,8,70,70,9,0,965,MUIFA,2212,2022,12,15,75,9,124.1,25.0,5
2022,table2022.csv,120,150,8,70,70,9,0,965,MUIFA,2212,2022,12,18,75,9,124.2,25.2,5
2022,table2022.csv,120,150,8,70,70,9,0,965,MUIFA,2212,2022,12,21,75,9,124.3,25.5,5
2022,table2022.csv,120,150,8,70,70,9,0,955,MUIFA,2212,2022,13,0,80,9,124.2,25.7,5
2022,table2022.csv,120,150,8,70,70,9,0,955,MUIFA,2212,2022,13,3,80,9,124.0,25.9,5
2022,table2022.csv,120,150,8,60,60,9,0,955,MUIFA,2212,2022,13,6,80,9,123.9,26.1,5
2022,table2022.csv,150,150,9,60,60,9,0,955,MUIFA,2212,2022,13,12,80,9,123.9,26.7,5
2022,table2022.csv,150,150,9,60,60,9,0,955,MUIFA,2212,2022,13,18,80,9,123.5,27.2,5
2022,table2022.csv,150,150,9,60,60,9,0,955,MUIFA,2212,2022,14,0,80,9,123.2,28.0,5
2022,table2022.csv,150,150,9,60,60,9,0,955,MUIFA,2212,2022,14,6,80,9,122.8,28.8,5
2022,table2022.csv,120,120,9,60,60,9,0,965,MUIFA,2212,2022,14,12,75,9,122.3,29.9,5
2022,table2022.csv,120,120,9,60,60,9,0,975,MUIFA,2212,2022,14,18,65,9,121.6,31.3,5
2022,table2022.csv,90,120,2,0,0,0,0,985,MUIFA,2212,2022,15,0,50,9,121.0,32.7,4
2022,table2022.csv,90,120,2,0,0,0,0,990,MUIFA,2212,2022,15,6,45,9,120.5,34.0,3
2022,table2022.csv,90,120,2,0,0,0,0,992,MUIFA,2212,2022,15,12,40,9,120.4,35.2,3
2022,table2022.csv,90,120,2,0,0,0,0,992,MUIFA,2212,2022,15,18,40,9,120.8,36.3,3
2022,table2022.csv,0,0,0,0,0,0,0,994,MUIFA,2212,2022,16,0,0,9,121.5,37.7,6
2022,table2022.csv,0,0,0,0,0,0,0,994,MUIFA,2212,2022,16,6,0,9,122.8,39.1,6
2022,table2022.csv,0,0,0,0,0,0,0,1000,MUIFA,2212,2022,16,12,0,9,124.6,41.4,6
2022,table2022.csv,0,0,0,0,0,0,0,1004,MUIFA,2212,2022,16,18,0,9,127.0,42.9,6
2022,table2022.csv,0,0,0,0,0,0,0,1006,MUIFA,2212,2022,17,0,0,9,129.0,43.6,6
2022,table2022.csv,0,0,0,0,0,0,0,1006,MERBOK,2213,2022,10,12,0,9,158.0,20.6,2
2022,table2022.csv,0,0,0,0,0,0,0,1004,MERBOK,2213,2022,10,18,0,9,158.5,20.7,2
2022,table2022.csv,0,0,0,0,0,0,0,1004,MERBOK,2213,2022,11,0,0,9,159.2,20.7,2
2022,table2022.csv,0,0,0,0,0,0,0,1002,MERBOK,2213,2022,11,6,0,9,159.8,20.8,2
2022,table2022.csv,120,150,2,0,0,0,0,1000,MERBOK,2213,2022,11,12,35,9,160.5,20.8,3
2022,table2022.csv,120,150,2,0,0,0,0,998,MERBOK,2213,2022,11,18,40,9,161.0,21.1,3
2022,table2022.csv,120,150,2,0,0,0,0,994,MERBOK,2213,2022,12,0,45,9,161.4,21.2,3
2022,table2022.csv,120,210,2,0,0,0,0,992,MERBOK,2213,2022,12,6,50,9,162.0,21.8,4
2022,table2022.csv,150,210,2,0,0,0,0,990,MERBOK,2213,2022,12,12,50,9,162.7,22.6,4
2022,table2022.csv,150,210,2,60,60,9,0,985,MERBOK,2213,2022,12,18,55,9,163.2,23.2,4
2022,table2022.csv,150,240,2,60,60,9,0,985,MERBOK,2213,2022,13,0,55,9,163.3,23.9,4
2022,table2022.csv,150,240,2,60,60,9,0,985,MERBOK,2213,2022,13,6,55,9,163.2,24.8,4
2022,table2022.csv,150,240,2,60,60,9,0,980,MERBOK,2213,2022,13,12,60,9,163.0,25.9,4
2022,table2022.csv,150,270,2,60,60,9,0,975,MERBOK,2213,2022,13,18,65,9,162.2,26.6,5
2022,table2022.csv,150,270,2,60,60,9,0,975,MERBOK,2213,2022,14,0,65,9,162.2,28.3,5
2022,table2022.csv,150,270,2,60,60,9,0,970,MERBOK,2213,2022,14,6,70,9,162.1,30.0,5
2022,table2022.csv,150,270,2,60,80,2,0,965,MERBOK,2213,2022,14,12,70,9,161.9,31.9,5
2022,table2022.csv,150,300,2,60,80,2,0,965,MERBOK,2213,2022,14,18,70,9,162.4,33.8,5
2022,table2022.csv,150,375,2,60,100,2,0,965,MERBOK,2213,2022,15,0,65,9,164.1,36.5,5
2022,table2022.csv,0,0,0,0,0,0,0,960,MERBOK,2213,2022,15,6,0,9,167.0,41.4,6
2022,table2022.csv,0,0,0,0,0,0,0,956,MERBOK,2213,2022,15,12,0,9,167.7,45.0,6
2022,table2022.csv,0,0,0,0,0,0,0,954,MERBOK,2213,2022,15,18,0,9,169.9,48.5,6
2022,table2022.csv,0,0,0,0,0,0,0,952,MERBOK,2213,2022,16,0,0,9,172.9,51.4,6
2022,table2022.csv,0,0,0,0,0,0,0,948,MERBOK,2213,2022,16,6,0,9,175.8,54.9,6
2022,table2022.csv,0,0,0,0,0,0,0,940,MERBOK,2213,2022,16,12,0,9,177.5,56.5,6
2022,table2022.csv,0,0,0,0,0,0,0,942,MERBOK,2213,2022,16,18,0,9,181.4,58.7,6
2022,table2022.csv,0,0,0,0,0,0,0,1000,NANMADOL,2214,2022,12,12,0,9,138.7,22.3,2
2022,table2022.csv,0,0,0,0,0,0,0,998,NANMADOL,2214,2022,12,18,0,9,138.2,22.4,2
2022,table2022.csv,0,0,0,0,0,0,0,998,NANMADOL,2214,2022,13,0,0,9,138.3,22.0,2
2022,table2022.csv,0,0,0,0,0,0,0,998,NANMADOL,2214,2022,13,6,0,9,138.9,22.0,2
2022,table2022.csv,0,0,0,0,0,0,0,998,NANMADOL,2214,2022,13,12,0,9,139.6,22.2,2
2022,table2022.csv,150,180,2,0,0,0,0,996,NANMADOL,2214,2022,13,18,35,9,140.1,22.4,3
2022,table2022.csv,150,180,2,0,0,0,0,996,NANMADOL,2214,2022,14,0,35,9,140.6,22.5,3
2022,table2022.csv,150,180,2,0,0,0,0,996,NANMADOL,2214,2022,14,6,35,9,140.8,22.8,3
2022,table2022.csv,210,270,2,0,0,0,0,994,NANMADOL,2214,2022,14,12,40,9,140.3,22.8,3
2022,table2022.csv,210,270,2,0,0,0,0,990,NANMADOL,2214,2022,14,18,45,9,139.7,23.1,3
2022,table2022.csv,300,350,2,0,0,0,0,985,NANMADOL,2214,2022,15,0,50,9,138.7,23.2,4
2022,table2022.csv,300,350,2,50,50,9,0,980,NANMADOL,2214,2022,15,6,55,9,137.9,23.3,4
2022,table2022.csv,300,350,2,50,50,9,0,970,NANMADOL,2214,2022,15,12,65,9,137.3,23.4,5
2022,table2022.csv,300,350,2,50,70,2,0,960,NANMADOL,2214,2022,15,18,75,9,136.4,23.4,5
2022,table2022.csv,300,350,2,50,80,2,0,945,NANMADOL,2214,2022,16,0,85,9,135.9,23.8,5
2022,table2022.csv,300,350,2,50,80,2,0,935,NANMADOL,2214,2022,16,6,90,9,135.5,24.2,5
2022,table2022.csv,350,400,2,50,80,2,0,925,NANMADOL,2214,2022,16,12,95,9,134.7,24.9,5
2022,table2022.csv,350,400,2,60,90,2,0,920,NANMADOL,2214,2022,16,15,100,9,134.2,25.2,5
2022,table2022.csv,350,400,2,80,100,2,0,910,NANMADOL,2214,2022,16,18,105,9,133.8,25.5,5
2022,table2022.csv,350,400,2,80,100,2,0,910,NANMADOL,2214,2022,16,21,105,9,133.4,25.7,5
2022,table2022.csv,325,400,2,80,100,2,0,910,NANMADOL,2214,2022,17,0,105,9,133.1,26.1,5
2022,table2022.csv,325,400,2,80,100,2,0,910,NANMADOL,2214,2022,17,3,105,9,132.8,26.5,5
2022,table2022.csv,325,400,2,80,100,2,0,910,NANMADOL,2214,2022,17,6,105,9,132.5,26.8,5
2022,table2022.csv,325,400,2,80,100,2,0,910,NANMADOL,2214,2022,17,9,105,9,132.3,27.1,5
2022,table2022.csv,325,400,2,80,100,2,0,910,NANMADOL,2214,2022,17,12,105,9,132.0,27.5,5
2022,table2022.csv,325,400,2,80,100,2,0,915,NANMADOL,2214,2022,17,15,100,9,131.7,28.0,5
2022,table2022.csv,325,400,2,100,120,1,0,920,NANMADOL,2214,2022,17,18,95,9,131.4,28.5,5
2022,table2022.csv,325,400,2,100,120,1,0,925,NANMADOL,2214,2022,17,21,95,9,131.4,29.1,5
2022,table2022.csv,300,400,2,100,140,1,0,930,NANMADOL,2214,2022,18,0,90,9,131.0,29.7,5
2022,table2022.csv,300,400,2,100,140,1,0,930,NANMADOL,2214,2022,18,3,90,9,130.7,30.2,5
2022,table2022.csv,300,400,2,100,140,1,1,930,NANMADOL,2214,2022,18,4,90,9,130.6,30.3,5
2022,table2022.csv,300,400,2,100,140,1,0,930,NANMADOL,2214,2022,18,6,90,9,130.7,30.7,5
2022,table2022.csv,300,350,2,100,140,8,1,940,NANMADOL,2214,2022,18,8,85,9,130.6,31.1,5
2022,table2022.csv,300,350,2,100,140,8,0,940,NANMADOL,2214,2022,18,9,85,9,130.6,31.3,5
2022,table2022.csv,300,350,2,100,140,8,1,940,NANMADOL,2214,2022,18,10,85,9,130.5,31.5,5
2022,table2022.csv,300,350,2,100,140,8,0,955,NANMADOL,2214,2022,18,12,75,9,130.5,31.9,5
2022,table2022.csv,300,350,2,100,140,8,0,960,NANMADOL,2214,2022,18,15,70,9,130.4,32.7,5
2022,table2022.csv,300,350,2,100,140,8,1,965,NANMADOL,2214,2022,18,18,70,9,130.4,33.2,5
2022,table2022.csv,300,350,2,100,140,8,0,970,NANMADOL,2214,2022,18,21,65,9,130.6,33.6,5
2022,table2022.csv,300,350,2,100,140,8,0,975,NANMADOL,2214,2022,19,0,60,9,130.8,33.9,4
2022,table2022.csv,300,350,2,100,140,8,0,975,NANMADOL,2214,2022,19,3,60,9,131.6,34.4,4
2022,table2022.csv,300,350,2,120,150,7,0,975,NANMADOL,2214,2022,19,6,60,9,132.4,35.3,4
2022,table2022.csv,400,400,9,120,150,7,0,980,NANMADOL,2214,2022,19,9,55,9,133.0,36.0,4
2022,table2022.csv,400,400,9,120,150,7,0,980,NANMADOL,2214,2022,19,12,55,9,134.4,36.6,4
2022,table2022.csv,400,400,9,120,150,7,0,985,NANMADOL,2214,2022,19,15,55,9,136.3,37.4,4
2022,table2022.csv,0,0,0,0,0,0,0,988,NANMADOL,2214,2022,19,18,0,9,138.4,37.6,6
2022,table2022.csv,0,0,0,0,0,0,0,994,NANMADOL,2214,2022,20,0,0,9,143.0,39.0,6
2022,table2022.csv,0,0,0,0,0,0,0,1006,TALAS,2215,2022,20,18,0,9,140.9,21.1,2
2022,table2022.csv,0,0,0,0,0,0,0,1006,TALAS,2215,2022,21,0,0,9,141.4,22.4,2
2022,table2022.csv,0,0,0,0,0,0,0,1006,TALAS,2215,2022,21,6,0,9,141.2,23.9,2
2022,table2022.csv,0,0,0,0,0,0,0,1004,TALAS,2215,2022,21,12,0,9,139.7,24.4,2
2022,table2022.csv,0,0,0,0,0,0,0,1004,TALAS,2215,2022,21,18,0,9,138.4,25.1,2
2022,table2022.csv,30,90,8,0,0,0,0,1002,TALAS,2215,2022,22,0,35,9,137.4,25.9,3
2022,table2022.csv,40,100,8,0,0,0,0,1002,TALAS,2215,2022,22,6,35,9,136.5,26.9,3
2022,table2022.csv,40,130,8,0,0,0,0,1002,TALAS,2215,2022,22,12,35,9,135.6,28.1,3
2022,table2022.csv,50,130,8,0,0,0,0,1002,TALAS,2215,2022,22,18,35,9,135.0,29.4,3
2022,table2022.csv,50,200,1,0,0,0,0,1000,TALAS,2215,2022,23,0,35,9,134.8,30.7,3
2022,table2022.csv,50,200,1,0,0,0,0,1000,TALAS,2215,2022,23,6,35,9,135.5,32.0,3
2022,table2022.csv,0,0,0,0,0,0,0,1004,TALAS,2215,2022,23,12,0,9,136.6,32.6,2
2022,table2022.csv,0,0,0,0,0,0,0,1004,TALAS,2215,2022,23,18,0,9,137.4,33.2,2
2022,table2022.csv,0,0,0,0,0,0,0,1006,TALAS,2215,2022,24,0,0,9,138.2,33.7,6
2022,table2022.csv,0,0,0,0,0,0,0,1006,TALAS,2215,2022,24,6,0,9,139.2,34.4,6
2022,table2022.csv,0,0,0,0,0,0,0,1010,TALAS,2215,2022,24,12,0,9,139.9,34.4,6
2022,table2022.csv,0,0,0,0,0,0,0,1010,TALAS,2215,2022,24,18,0,9,141.3,34.5,6
2022,table2022.csv,0,0,0,0,0,0,0,1012,TALAS,2215,2022,25,0,0,9,142.5,35.1,6
2022,table2022.csv,0,0,0,0,0,0,0,1012,TALAS,2215,2022,25,6,0,9,143.0,35.6,6
2022,table2022.csv,0,0,0,0,0,0,0,1014,TALAS,2215,2022,25,12,0,9,143.3,35.9,6
2022,table2022.csv,0,0,0,0,0,0,0,1014,TALAS,2215,2022,25,18,0,9,143.5,36.6,6
2022,table2022.csv,0,0,0,0,0,0,0,1014,TALAS,2215,2022,26,0,0,9,144.1,37.2,6
2022,table2022.csv,0,0,0,0,0,0,0,1012,TALAS,2215,2022,26,6,0,9,144.8,37.9,6
2022,table2022.csv,0,0,0,0,0,0,0,1012,TALAS,2215,2022,26,12,0,9,145.6,38.1,6
2022,table2022.csv,0,0,0,0,0,0,0,1012,TALAS,2215,2022,26,18,0,9,146.0,38.1,6
2022,table2022.csv,0,0,0,0,0,0,0,1012,TALAS,2215,2022,27,0,0,9,147.9,38.9,6
2022,table2022.csv,0,0,0,0,0,0,0,1010,TALAS,2215,2022,27,6,0,9,148.1,39.1,6
2022,table2022.csv,0,0,0,0,0,0,0,1012,TALAS,2215,2022,27,12,0,9,148.1,39.5,6
2022,table2022.csv,0,0,0,0,0,0,0,1004,NORU,2216,2022,21,6,0,9,133.0,17.4,2
2022,table2022.csv,0,0,0,0,0,0,0,1006,NORU,2216,2022,21,12,0,9,133.7,17.6,2
2022,table2022.csv,0,0,0,0,0,0,0,1004,NORU,2216,2022,21,18,0,9,134.2,17.7,2
2022,table2022.csv,0,0,0,0,0,0,0,1004,NORU,2216,2022,22,0,0,9,134.4,17.7,2
2022,table2022.csv,0,0,0,0,0,0,0,1002,NORU,2216,2022,22,6,0,9,134.4,17.9,2
2022,table2022.csv,0,0,0,0,0,0,0,1002,NORU,2216,2022,22,12,0,9,134.1,18.0,2
2022,table2022.csv,90,90,9,0,0,0,0,1000,NORU,2216,2022,22,18,35,9,133.5,17.9,3
2022,table2022.csv,90,90,9,0,0,0,0,1000,NORU,2216,2022,23,0,35,9,132.4,17.6,3
2022,table2022.csv,90,90,9,0,0,0,0,998,NORU,2216,2022,23,6,40,9,131.3,17.6,3
2022,table2022.csv,90,90,9,0,0,0,0,994,NORU,2216,2022,23,12,45,9,130.6,17.5,3
2022,table2022.csv,90,120,5,0,0,0,0,992,NORU,2216,2022,23,18,50,9,129.2,16.9,4
2022,table2022.csv,90,120,5,40,40,9,0,985,NORU,2216,2022,24,0,60,9,128.1,16.3,4
2022,table2022.csv,90,120,5,40,40,9,0,975,NORU,2216,2022,24,6,70,9,126.9,15.8,5
2022,table2022.csv,90,120,5,40,40,9,0,960,NORU,2216,2022,24,12,80,9,126.0,15.4,5
2022,table2022.csv,90,120,5,50,50,9,0,950,NORU,2216,2022,24,18,90,9,124.7,15.2,5
2022,table2022.csv,90,120,5,50,50,9,0,940,NORU,2216,2022,25,0,95,9,123.6,15.0,5
2022,table2022.csv,90,120,5,50,50,9,0,940,NORU,2216,2022,25,6,95,9,122.5,15.0,5
2022,table2022.csv,120,120,9,40,40,9,0,955,NORU,2216,2022,25,12,85,9,121.4,15.2,5
2022,table2022.csv,120,120,9,35,35,9,0,970,NORU,2216,2022,25,18,75,9,119.7,15.5,5
2022,table2022.csv,120,120,9,35,35,9,0,975,NORU,2216,2022,26,0,70,9,118.4,16.2,5
2022,table2022.csv,120,120,9,35,35,9,0,980,NORU,2216,2022,26,6,65,9,116.9,15.9,5
2022,table2022.csv,150,210,7,35,35,9,0,970,NORU,2216,2022,26,12,70,9,115.5,15.9,5
2022,table2022.csv,150,210,7,35,35,9,0,965,NORU,2216,2022,26,18,75,9,113.5,15.8,5
2022,table2022.csv,150,210,7,50,70,4,0,950,NORU,2216,2022,27,0,85,9,112.0,15.5,5
2022,table2022.csv,150,210,7,50,70,4,0,950,NORU,2216,2022,27,6,85,9,111.2,15.6,5
2022,table2022.csv,150,240,7,70,70,9,0,950,NORU,2216,2022,27,12,85,9,109.9,15.8,5
2022,table2022.csv,150,240,7,70,70,9,0,965,NORU,2216,2022,27,18,75,9,108.8,15.8,5
2022,table2022.csv,150,240,7,50,50,9,0,980,NORU,2216,2022,28,0,55,9,107.9,15.9,4
2022,table2022.csv,150,240,7,0,0,0,0,990,NORU,2216,2022,28,6,45,9,107.3,15.9,3
2022,table2022.csv,0,0,0,0,0,0,0,996,NORU,2216,2022,28,12,0,9,105.0,16.0,2
2022,table2022.csv,0,0,0,0,0,0,0,996,NORU,2216,2022,28,18,0,9,104.9,16.0,2
2022,table2022.csv,0,0,0,0,0,0,0,998,NORU,2216,2022,29,0,0,9,103.9,16.0,2
2022,table2022.csv,0,0,0,0,0,0,0,1000,NORU,2216,2022,29,6,0,9,103.3,16.0,2
2022,table2022.csv,0,0,0,0,0,0,0,1006,KULAP,2217,2022,25,0,0,9,147.3,19.9,2
2022,table2022.csv,0,0,0,0,0,0,0,1004,KULAP,2217,2022,25,6,0,9,146.0,20.6,2
2022,table2022.csv,0,0,0,0,0,0,0,1004,KULAP,2217,2022,25,12,0,9,145.2,21.0,2
2022,table2022.csv,0,0,0,0,0,0,0,1002,KULAP,2217,2022,25,18,0,9,144.8,22.1,2
2022,table2022.csv,90,180,2,0,0,0,0,998,KULAP,2217,2022,26,0,35,9,144.2,23.1,3
2022,table2022.csv,90,180,2,0,0,0,0,996,KULAP,2217,2022,26,6,35,9,143.4,24.5,3
2022,table2022.csv,120,180,2,0,0,0,0,994,KULAP,2217,2022,26,12,40,9,142.4,25.9,3
2022,table2022.csv,120,180,2,0,0,0,0,990,KULAP,2217,2022,26,18,50,9,142.0,27.0,4
2022,table2022.csv,120,180,2,0,0,0,0,990,KULAP,2217,2022,26,21,50,9,141.8,27.6,4
2022,table2022.csv,120,180,2,0,0,0,0,990,KULAP,2217,2022,27,0,50,9,141.7,28.0,4
2022,table2022.csv,120,180,2,0,0,0,0,990,KULAP,2217,2022,27,6,50,9,141.9,29.3,4
2022,table2022.csv,150,180,3,0,0,0,0,990,KULAP,2217,2022,27,12,50,9,142.6,29.9,4
2022,table2022.csv,150,180,3,60,80,3,0,980,KULAP,2217,2022,27,18,55,9,144.2,31.0,4
2022,table2022.csv,150,210,3,60,80,3,0,975,KULAP,2217,2022,28,0,60,9,145.5,32.1,4
2022,table2022.csv,150,210,3,60,80,3,0,975,KULAP,2217,2022,28,6,60,9,147.4,33.3,4
2022,table2022.csv,210,210,9,80,80,9,0,975,KULAP,2217,2022,28,12,60,9,150.3,34.6,4
2022,table2022.csv,270,270,9,80,80,9,0,970,KULAP,2217,2022,28,18,60,9,153.0,36.5,4
2022,table2022.csv,350,350,9,80,80,9,0,970,KULAP,2217,2022,29,0,55,9,156.0,38.7,4
2022,table2022.csv,400,400,9,80,120,2,0,965,KULAP,2217,2022,29,6,55,9,159.0,42.0,4
2022,table2022.csv,0,0,0,0,0,0,0,960,KULAP,2217,2022,29,12,0,9,162.6,44.4,6
2022,table2022.csv,0,0,0,0,0,0,0,956,KULAP,2217,2022,29,18,0,9,167.1,48.1,6
2022,table2022.csv,0,0,0,0,0,0,0,950,KULAP,2217,2022,30,0,0,9,170.1,52.1,6
2022,table2022.csv,0,0,0,0,0,0,0,940,KULAP,2217,2022,30,6,0,9,171.3,54.9,6
2022,table2022.csv,0,0,0,0,0,0,0,944,KULAP,2217,2022,30,12,0,9,173.6,55.5,6
2022,table2022.csv,0,0,0,0,0,0,0,950,KULAP,2217,2022,30,18,0,9,177.2,56.5,6
2022,table2022.csv,0,0,0,0,0,0,0,956,KULAP,2217,2022,1,0,0,10,178.8,57.5,6
2022,table2022.csv,0,0,0,0,0,0,0,960,KULAP,2217,2022,1,6,0,10,179.7,57.6,6
2022,table2022.csv,0,0,0,0,0,0,0,968,KULAP,2217,2022,1,12,0,10,181.0,57.4,6
2022,table2022.csv,0,0,0,0,0,0,0,1004,ROKE,2218,2022,28,0,0,9,132.5,21.1,2
2022,table2022.csv,0,0,0,0,0,0,0,1002,ROKE,2218,2022,28,6,0,9,132.1,21.6,2
2022,table2022.csv,90,120,1,0,0,0,0,1000,ROKE,2218,2022,28,12,35,9,131.7,23.0,3
2022,table2022.csv,90,120,1,0,0,0,0,998,ROKE,2218,2022,28,18,40,9,131.7,23.8,3
2022,table2022.csv,90,120,1,0,0,0,0,994,ROKE,2218,2022,29,0,45,9,131.6,24.9,3
2022,table2022.csv,90,120,1,0,0,0,0,992,ROKE,2218,2022,29,3,50,9,131.9,25.3,4
2022,table2022.csv,90,120,1,30,30,9,0,990,ROKE,2218,2022,29,6,55,9,132.1,25.8,4
2022,table2022.csv,90,120,1,30,30,9,0,985,ROKE,2218,2022,29,9,60,9,132.6,26.1,4
2022,table2022.csv,90,120,1,40,40,9,0,980,ROKE,2218,2022,29,12,65,9,133.1,26.6,5
2022,table2022.csv,90,120,1,40,40,9,0,980,ROKE,2218,2022,29,18,65,9,134.3,27.6,5
2022,table2022.csv,90,120,1,40,40,9,0,975,ROKE,2218,2022,30,0,70,9,136.0,28.2,5
2022,table2022.csv,90,120,1,40,40,9,0,975,ROKE,2218,2022,30,6,70,9,138.1,28.9,5
2022,table2022.csv,90,120,2,30,30,9,0,980,ROKE,2218,2022,30,12,65,9,140.1,30.1,5
2022,table2022.csv,90,120,2,30,30,9,0,990,ROKE,2218,2022,30,18,55,9,142.7,31.1,4
2022,table2022.csv,90,120,2,0,0,0,0,992,ROKE,2218,2022,1,0,50,10,144.5,31.8,4
2022,table2022.csv,90,120,2,0,0,0,0,992,ROKE,2218,2022,1,6,50,10,146.6,33.0,4
2022,table2022.csv,150,200,1,0,0,0,0,992,ROKE,2218,2022,1,12,50,10,148.3,34.0,4
2022,table2022.csv,0,0,0,0,0,0,0,992,ROKE,2218,2022,1,18,0,10,149.9,35.4,6
2022,table2022.csv,0,0,0,0,0,0,0,992,ROKE,2218,2022,2,0,0,10,152.1,36.6,6
2022,table2022.csv,0,0,0,0,0,0,0,992,ROKE,2218,2022,2,6,0,10,154.6,37.0,6
2022,table2022.csv,0,0,0,0,0,0,0,996,ROKE,2218,2022,2,12,0,10,155.8,37.3,6
2022,table2022.csv,0,0,0,0,0,0,0,996,ROKE,2218,2022,2,18,0,10,157.5,37.3,6
2022,table2022.csv,0,0,0,0,0,0,0,1000,ROKE,2218,2022,3,0,0,10,158.1,37.0,6
2022,table2022.csv,0,0,0,0,0,0,0,1000,ROKE,2218,2022,3,6,0,10,158.1,37.2,6
2022,table2022.csv,0,0,0,0,0,0,0,1000,ROKE,2218,2022,3,12,0,10,158.3,37.3,6
2022,table2022.csv,0,0,0,0,0,0,0,1000,ROKE,2218,2022,3,18,0,10,158.2,37.4,6
2022,table2022.csv,0,0,0,0,0,0,0,1000,ROKE,2218,2022,4,0,0,10,158.3,37.4,6
2022,table2022.csv,0,0,0,0,0,0,0,1002,ROKE,2218,2022,4,6,0,10,159.4,37.8,6
2022,table2022.csv,0,0,0,0,0,0,0,1004,ROKE,2218,2022,4,12,0,10,160.8,38.6,6
2022,table2022.csv,0,0,0,0,0,0,0,1006,ROKE,2218,2022,4,18,0,10,162.1,39.3,6
2022,table2022.csv,0,0,0,0,0,0,0,1010,ROKE,2218,2022,5,0,0,10,163.8,39.9,6
2022,table2022.csv,0,0,0,0,0,0,0,1012,ROKE,2218,2022,5,6,0,10,165.9,41.1,6
2022,table2022.csv,0,0,0,0,0,0,0,1000,SONCA,2219,2022,13,6,0,10,113.9,12.8,2
2022,table2022.csv,0,0,0,0,0,0,0,1000,SONCA,2219,2022,13,12,0,10,113.8,13.6,2
2022,table2022.csv,0,0,0,0,0,0,0,1000,SONCA,2219,2022,13,18,0,10,112.8,13.9,2
2022,table2022.csv,120,240,7,0,0,0,0,998,SONCA,2219,2022,14,0,35,10,111.9,14.1,3
2022,table2022.csv,120,240,7,0,0,0,0,998,SONCA,2219,2022,14,6,35,10,111.4,14.3,3
2022,table2022.csv,120,240,7,0,0,0,0,998,SONCA,2219,2022,14,12,35,10,110.2,14.8,3
2022,table2022.csv,120,240,7,0,0,0,0,998,SONCA,2219,2022,14,18,35,10,109.4,15.3,3
2022,table2022.csv,0,0,0,0,0,0,0,1004,SONCA,2219,2022,15,0,0,10,107.8,15.5,2
2022,table2022.csv,0,0,0,0,0,0,0,998,NESAT,2220,2022,14,12,0,10,128.2,18.9,2
2022,table2022.csv,0,0,0,0,0,0,0,998,NESAT,2220,2022,14,18,0,10,126.4,19.0,2
2022,table2022.csv,0,0,0,0,0,0,0,998,NESAT,2220,2022,15,0,0,10,125.0,19.0,2
2022,table2022.csv,150,240,8,0,0,0,0,996,NESAT,2220,2022,15,6,35,10,124.1,18.9,3
2022,table2022.csv,150,240,8,0,0,0,0,994,NESAT,2220,2022,15,12,40,10,123.1,18.9,3
2022,table2022.csv,150,210,8,0,0,0,0,985,NESAT,2220,2022,15,18,50,10,122.0,19.3,4
2022,table2022.csv,150,210,8,0,0,0,0,985,NESAT,2220,2022,16,0,50,10,121.0,19.5,4
2022,table2022.csv,120,180,8,30,30,9,0,985,NESAT,2220,2022,16,6,55,10,120.0,19.7,4
2022,table2022.csv,120,180,7,30,30,9,0,985,NESAT,2220,2022,16,12,55,10,118.8,19.9,4
2022,table2022.csv,120,180,7,30,30,9,0,985,NESAT,2220,2022,16,18,55,10,117.8,19.9,4
2022,table2022.csv,120,180,7,50,50,9,0,975,NESAT,2220,2022,17,0,65,10,116.9,19.7,5
2022,table2022.csv,120,180,7,50,50,9,0,970,NESAT,2220,2022,17,6,70,10,116.2,19.4,5
2022,table2022.csv,120,180,7,60,60,9,0,965,NESAT,2220,2022,17,12,75,10,115.5,19.0,5
2022,table2022.csv,120,180,7,60,60,9,0,965,NESAT,2220,2022,17,18,75,10,114.6,18.6,5
2022,table2022.csv,120,180,7,60,60,9,0,965,NESAT,2220,2022,18,0,75,10,113.9,18.2,5
2022,table2022.csv,120,180,7,60,60,9,0,965,NESAT,2220,2022,18,6,75,10,113.1,17.9,5
2022,table2022.csv,120,180,7,50,50,9,0,970,NESAT,2220,2022,18,12,70,10,112.4,17.6,5
2022,table2022.csv,120,180,7,40,40,9,0,975,NESAT,2220,2022,18,18,65,10,111.6,17.3,5
2022,table2022.csv,120,150,7,30,30,9,0,990,NESAT,2220,2022,19,0,55,10,110.9,17.0,4
2022,table2022.csv,120,150,7,0,0,0,0,992,NESAT,2220,2022,19,6,50,10,110.1,17.0,4
2022,table2022.csv,90,150,7,0,0,0,0,1000,NESAT,2220,2022,19,12,40,10,109.3,17.2,3
2022,table2022.csv,90,120,7,0,0,0,0,1004,NESAT,2220,2022,19,18,35,10,108.8,17.2,3
2022,table2022.csv,0,0,0,0,0,0,0,1008,NESAT,2220,2022,20,0,0,10,108.4,17.4,2
2022,table2022.csv,0,0,0,0,0,0,0,1008,NESAT,2220,2022,20,6,0,10,108.2,17.7,2
2022,table2022.csv,0,0,0,0,0,0,0,1006,HAITANG,2221,2022,17,0,0,10,156.4,27.0,2
2022,table2022.csv,0,0,0,0,0,0,0,1006,HAITANG,2221,2022,17,6,0,10,157.7,26.8,2
2022,table2022.csv,0,0,0,0,0,0,0,1008,HAITANG,2221,2022,17,12,0,10,158.0,27.8,2
2022,table2022.csv,0,0,0,0,0,0,0,1008,HAITANG,2221,2022,17,18,0,10,158.2,28.2,2
2022,table2022.csv,90,120,3,0,0,0,0,1004,HAITANG,2221,2022,18,0,35,10,158.6,28.7,3
2022,table2022.csv,90,120,3,0,0,0,0,1004,HAITANG,2221,2022,18,6,35,10,159.0,29.4,3
2022,table2022.csv,90,150,3,0,0,0,0,1004,HAITANG,2221,2022,18,12,35,10,159.3,31.2,3
2022,table2022.csv,90,150,3,0,0,0,0,1004,HAITANG,2221,2022,18,18,35,10,160.7,32.4,3
2022,table2022.csv,90,150,3,0,0,0,0,1004,HAITANG,2221,2022,19,0,35,10,162.5,33.6,3
2022,table2022.csv,90,120,3,0,0,0,0,1004,HAITANG,2221,2022,19,6,35,10,164.7,34.8,3
2022,table2022.csv,0,0,0,0,0,0,0,1008,HAITANG,2221,2022,19,12,0,10,167.8,36.5,6
2022,table2022.csv,0,0,0,0,0,0,0,1008,HAITANG,2221,2022,19,18,0,10,171.0,38.2,6
2022,table2022.csv,0,0,0,0,0,0,0,1008,HAITANG,2221,2022,20,0,0,10,175.1,39.5,6
2022,table2022.csv,0,0,0,0,0,0,0,1010,HAITANG,2221,2022,20,6,0,10,178.3,40.3,6
2022,table2022.csv,0,0,0,0,0,0,0,1012,HAITANG,2221,2022,20,12,0,10,182.5,41.3,6
2022,table2022.csv,0,0,0,0,0,0,0,1004,NALGAE,2222,2022,26,0,0,10,134.9,10.1,2
2022,table2022.csv,0,0,0,0,0,0,0,1002,NALGAE,2222,2022,26,6,0,10,134.3,10.3,2
2022,table2022.csv,0,0,0,0,0,0,0,1004,NALGAE,2222,2022,26,12,0,10,133.7,10.6,2
2022,table2022.csv,0,0,0,0,0,0,0,1000,NALGAE,2222,2022,26,18,0,10,132.9,10.8,2
2022,table2022.csv,350,350,9,0,0,0,0,998,NALGAE,2222,2022,27,0,35,10,132.2,10.9,3
2022,table2022.csv,350,350,9,0,0,0,0,996,NALGAE,2222,2022,27,6,35,10,131.3,11.0,3
2022,table2022.csv,350,450,4,0,0,0,0,996,NALGAE,2222,2022,27,12,35,10,130.5,11.1,3
2022,table2022.csv,350,450,4,0,0,0,0,992,NALGAE,2222,2022,27,18,40,10,129.6,11.3,3
2022,table2022.csv,350,450,4,0,0,0,0,992,NALGAE,2222,2022,28,0,40,10,128.4,11.8,3
2022,table2022.csv,350,450,4,0,0,0,0,990,NALGAE,2222,2022,28,6,45,10,126.8,12.1,3
2022,table2022.csv,350,450,4,0,0,0,0,990,NALGAE,2222,2022,28,12,45,10,125.5,13.3,3
2022,table2022.csv,350,450,4,0,0,0,0,985,NALGAE,2222,2022,28,18,50,10,123.7,13.5,4
2022,table2022.csv,400,400,9,0,0,0,0,985,NALGAE,2222,2022,29,0,50,10,122.3,13.5,4
2022,table2022.csv,400,400,9,0,0,0,0,985,NALGAE,2222,2022,29,6,50,10,121.5,14.0,4
2022,table2022.csv,350,400,8,0,0,0,0,985,NALGAE,2222,2022,29,12,50,10,121.1,14.7,4
2022,table2022.csv,350,400,8,0,0,0,0,990,NALGAE,2222,2022,29,18,45,10,120.0,15.6,3
2022,table2022.csv,350,400,8,0,0,0,0,990,NALGAE,2222,2022,30,0,45,10,118.7,15.6,3
2022,table2022.csv,350,400,8,0,0,0,0,990,NALGAE,2222,2022,30,6,45,10,117.9,15.6,3
2022,table2022.csv,350,400,8,0,0,0,0,990,NALGAE,2222,2022,30,12,45,10,117.3,15.9,3
2022,table2022.csv,350,400,8,0,0,0,0,985,NALGAE,2222,2022,30,18,50,10,117.0,16.1,4
2022,table2022.csv,350,400,7,50,50,9,0,980,NALGAE,2222,2022,31,0,55,10,116.7,16.4,4
2022,table2022.csv,350,400,7,60,60,9,0,975,NALGAE,2222,2022,31,6,60,10,116.5,17.1,4
2022,table2022.csv,240,350,7,60,60,9,0,975,NALGAE,2222,2022,31,12,60,10,116.4,17.9,4
2022,table2022.csv,200,300,7,60,60,9,0,975,NALGAE,2222,2022,31,18,60,10,116.2,18.3,4
2022,table2022.csv,200,300,7,60,60,9,0,975,NALGAE,2222,2022,1,0,60,11,115.9,18.8,4
2022,table2022.csv,200,300,8,60,60,9,0,975,NALGAE,2222,2022,1,6,60,11,115.8,19.3,4
2022,table2022.csv,180,240,8,50,50,9,0,980,NALGAE,2222,2022,1,12,55,11,115.5,19.8,4
2022,table2022.csv,180,240,8,0,0,0,0,990,NALGAE,2222,2022,1,18,50,11,115.2,20.2,4
2022,table2022.csv,180,240,8,0,0,0,0,994,NALGAE,2222,2022,2,0,45,11,115.0,20.6,3
2022,table2022.csv,180,240,8,0,0,0,0,996,NALGAE,2222,2022,2,6,40,11,114.9,21.0,3
2022,table2022.csv,150,240,1,0,0,0,0,1000,NALGAE,2222,2022,2,12,35,11,114.3,21.4,3
2022,table2022.csv,0,0,0,0,0,0,0,1004,NALGAE,2222,2022,2,18,0,11,113.9,21.6,2
2022,table2022.csv,0,0,0,0,0,0,0,1010,NALGAE,2222,2022,3,0,0,11,113.4,21.9,2
2022,table2022.csv,0,0,0,0,0,0,0,1004,BANYAN,2223,2022,28,6,0,10,140.4,6.8,2
2022,table2022.csv,0,0,0,0,0,0,0,1006,BANYAN,2223,2022,28,12,0,10,140.3,7.7,2
2022,table2022.csv,0,0,0,0,0,0,0,1006,BANYAN,2223,2022,28,18,0,10,140.0,8.2,2
2022,table2022.csv,0,0,0,0,0,0,0,1008,BANYAN,2223,2022,29,0,0,10,139.8,8.3,2
2022,table2022.csv,0,0,0,0,0,0,0,1004,BANYAN,2223,2022,29,6,0,10,139.8,8.5,2
2022,table2022.csv,0,0,0,0,0,0,0,1008,BANYAN,2223,2022,29,12,0,10,139.3,8.8,2
2022,table2022.csv,0,0,0,0,0,0,0,1004,BANYAN,2223,2022,29,18,0,10,138.7,9.0,2
2022,table2022.csv,0,0,0,0,0,0,0,1004,BANYAN,2223,2022,30,0,0,10,138.2,9.0,2
2022,table2022.csv,0,0,0,0,0,0,0,1004,BANYAN,2223,2022,30,6,0,10,136.9,9.1,2
2022,table2022.csv,0,0,0,0,0,0,0,1004,BANYAN,2223,2022,30,12,0,10,136.0,8.6,2
2022,table2022.csv,20,50,4,0,0,0,0,1002,BANYAN,2223,2022,30,18,35,10,135.2,8.1,3
2022,table2022.csv,20,80,4,0,0,0,0,1002,BANYAN,2223,2022,31,0,40,10,134.0,7.3,3
2022,table2022.csv,40,100,4,0,0,0,0,1002,BANYAN,2223,2022,31,6,35,10,132.6,7.1,3
2022,table2022.csv,40,100,4,0,0,0,0,1004,BANYAN,2223,2022,31,12,35,10,131.4,7.0,3
2022,table2022.csv,20,50,4,0,0,0,0,1004,BANYAN,2223,2022,31,18,35,10,130.4,7.0,3
2022,table2022.csv,0,0,0,0,0,0,0,1006,BANYAN,2223,2022,1,0,0,11,129.8,7.1,2
2022,table2022.csv,0,0,0,0,0,0,0,1006,BANYAN,2223,2022,1,6,0,11,129.5,7.1,2
2022,table2022.csv,0,0,0,0,0,0,0,1008,BANYAN,2223,2022,1,12,0,11,129.1,7.2,2
2022,table2022.csv,0,0,0,0,0,0,0,1006,BANYAN,2223,2022,1,18,0,11,128.9,7.6,2
2022,table2022.csv,0,0,0,0,0,0,0,1010,BANYAN,2223,2022,2,0,0,11,128.4,7.6,2
2022,table2022.csv,0,0,0,0,0,0,0,1008,BANYAN,2223,2022,2,6,0,11,128.0,7.3,2
2022,table2022.csv,0,0,0,0,0,0,0,1010,BANYAN,2223,2022,2,12,0,11,127.5,7.0,2
2022,table2022.csv,0,0,0,0,0,0,0,1008,BANYAN,2223,2022,2,18,0,11,127.4,6.9,2
2022,table2022.csv,0,0,0,0,0,0,0,1010,BANYAN,2223,2022,3,0,0,11,127.4,6.7,2
2022,table2022.csv,0,0,0,0,0,0,0,1012,YAMANEKO,2224,2022,11,12,0,11,167.3,19.8,2
2022,table2022.csv,0,0,0,0,0,0,0,1010,YAMANEKO,2224,2022,11,18,0,11,166.4,20.1,2
2022,table2022.csv,0,0,0,0,0,0,0,1010,YAMANEKO,2224,2022,12,0,0,11,165.7,20.3,2
2022,table2022.csv,0,0,0,0,0,0,0,1008,YAMANEKO,2224,2022,12,6,0,11,165.5,20.6,2
2022,table2022.csv,60,120,2,0,0,0,0,1004,YAMANEKO,2224,2022,12,12,35,11,165.5,21.1,3
2022,table2022.csv,60,120,2,0,0,0,0,1004,YAMANEKO,2224,2022,12,18,35,11,165.6,21.5,3
2022,table2022.csv,90,180,1,0,0,0,0,1004,YAMANEKO,2224,2022,13,0,35,11,165.8,21.9,3
2022,table2022.csv,90,180,1,0,0,0,0,1004,YAMANEKO,2224,2022,13,6,35,11,165.8,22.1,3
2022,table2022.csv,90,180,1,0,0,0,0,1004,YAMANEKO,2224,2022,13,12,35,11,165.8,22.2,3
2022,table2022.csv,90,180,1,0,0,0,0,1004,YAMANEKO,2224,2022,13,18,35,11,165.9,22.7,3
2022,table2022.csv,90,180,1,0,0,0,0,1004,YAMANEKO,2224,2022,14,0,35,11,165.5,23.8,3
2022,table2022.csv,0,0,0,0,0,0,0,1006,YAMANEKO,2224,2022,14,6,0,11,166.0,24.9,2
2022,table2022.csv,0,0,0,0,0,0,0,1008,YAMANEKO,2224,2022,14,12,0,11,166.7,26.1,2
2022,table2022.csv,0,0,0,0,0,0,0,1006,YAMANEKO,2224,2022,14,18,0,11,168.2,28.8,2
2022,table2022.csv,0,0,0,0,0,0,0,1004,PAKHAR,2225,2022,10,0,0,12,124.7,14.0,2
2022,table2022.csv,0,0,0,0,0,0,0,1002,PAKHAR,2225,2022,10,6,0,12,124.1,14.8,2
2022,table2022.csv,0,0,0,0,0,0,0,1004,PAKHAR,2225,2022,10,12,0,12,124.2,15.8,2
2022,table2022.csv,0,0,0,0,0,0,0,1004,PAKHAR,2225,2022,10,18,0,12,124.6,16.3,2
2022,table2022.csv,0,0,0,0,0,0,0,1004,PAKHAR,2225,2022,11,0,0,12,125.2,16.9,2
2022,table2022.csv,0,0,0,0,0,0,0,1002,PAKHAR,2225,2022,11,6,0,12,126.1,17.5,2
2022,table2022.csv,90,90,9,0,0,0,0,1000,PAKHAR,2225,2022,11,12,35,12,127.0,18.2,3
2022,table2022.csv,90,90,9,0,0,0,0,998,PAKHAR,2225,2022,11,18,40,12,128.1,19.0,3
2022,table2022.csv,90,150,8,0,0,0,0,998,PAKHAR,2225,2022,12,0,40,12,129.3,20.0,3
2022,table2022.csv,90,150,8,0,0,0,0,1002,PAKHAR,2225,2022,12,6,35,12,131.0,20.4,3
2022,table2022.csv,0,0,0,0,0,0,0,1006,PAKHAR,2225,2022,12,12,0,12,131.5,20.3,6
2023,table2023.csv,0,0,0,0,0,0,0,1008,SANVU,2301,2023,19,0,0,4,159.6,3.5,2
2023,table2023.csv,0,0,0,0,0,0,0,1004,SANVU,2301,2023,19,6,0,4,159.1,4.3,2
2023,table2023.csv,0,0,0,0,0,0,0,1008,SANVU,2301,2023,19,12,0,4,158.7,5.3,2
2023,table2023.csv,0,0,0,0,0,0,0,1004,SANVU,2301,2023,19,18,0,4,158.0,6.9,2
2023,table2023.csv,0,0,0,0,0,0,0,1006,SANVU,2301,2023,20,0,0,4,157.8,8.1,2
2023,table2023.csv,0,0,0,0,0,0,0,1002,SANVU,2301,2023,20,6,0,4,157.1,9.1,2
2023,table2023.csv,90,120,1,0,0,0,0,1000,SANVU,2301,2023,20,12,35,4,156.6,9.6,3
2023,table2023.csv,90,120,1,0,0,0,0,998,SANVU,2301,2023,20,18,40,4,156.3,9.9,3
2023,table2023.csv,90,120,1,0,0,0,0,998,SANVU,2301,2023,21,0,40,4,156.0,10.1,3
2023,table2023.csv,90,120,1,0,0,0,0,996,SANVU,2301,2023,21,6,45,4,155.7,10.3,3
2023,table2023.csv,90,120,1,0,0,0,0,1000,SANVU,2301,2023,21,12,40,4,155.3,10.4,3
2023,table2023.csv,90,120,1,0,0,0,0,1002,SANVU,2301,2023,21,18,35,4,154.5,10.4,3
2023,table2023.csv,0,0,0,0,0,0,0,1006,SANVU,2301,2023,22,0,0,4,153.8,10.3,2
2023,table2023.csv,0,0,0,0,0,0,0,1004,SANVU,2301,2023,22,6,0,4,153.1,10.3,2
2023,table2023.csv,0,0,0,0,0,0,0,1004,MAWAR,2302,2023,19,18,0,5,149.6,6.1,2
2023,table2023.csv,0,0,0,0,0,0,0,1004,MAWAR,2302,2023,20,0,0,5,149.4,6.1,2
2023,table2023.csv,0,0,0,0,0,0,0,1004,MAWAR,2302,2023,20,6,0,5,149.2,6.1,2
2023,table2023.csv,180,180,9,0,0,0,0,1000,MAWAR,2302,2023,20,12,35,5,149.1,6.2,3
2023,table2023.csv,180,180,9,0,0,0,0,994,MAWAR,2302,2023,20,18,45,5,149.0,6.6,3
2023,table2023.csv,180,180,9,0,0,0,0,992,MAWAR,2302,2023,21,0,50,5,148.7,7.0,4
2023,table2023.csv,180,180,9,0,0,0,0,992,MAWAR,2302,2023,21,6,50,5,148.4,7.3,4
2023,table2023.csv,180,180,9,20,20,9,0,990,MAWAR,2302,2023,21,12,55,5,147.9,7.6,4
2023,table2023.csv,180,180,9,20,20,9,0,980,MAWAR,2302,2023,21,18,65,5,147.6,7.9,5
2023,table2023.csv,180,180,9,30,30,9,0,980,MAWAR,2302,2023,22,0,65,5,147.3,8.6,5
2023,table2023.csv,180,180,9,30,30,9,0,975,MAWAR,2302,2023,22,6,70,5,147.1,9.2,5
2023,table2023.csv,180,180,9,30,30,9,0,970,MAWAR,2302,2023,22,12,75,5,146.9,9.8,5
2023,table2023.csv,180,180,9,65,65,9,0,940,MAWAR,2302,2023,22,18,95,5,146.9,10.5,5
2023,table2023.csv,180,180,9,65,65,9,0,940,MAWAR,2302,2023,23,0,95,5,146.9,11.2,5
2023,table2023.csv,180,180,9,80,80,9,0,920,MAWAR,2302,2023,23,6,105,5,146.5,11.8,5
2023,table2023.csv,180,180,9,80,80,9,0,920,MAWAR,2302,2023,23,12,105,5,146.0,12.2,5
2023,table2023.csv,180,180,9,80,80,9,0,920,MAWAR,2302,2023,23,18,105,5,145.7,12.5,5
2023,table2023.csv,150,180,1,80,80,9,0,935,MAWAR,2302,2023,24,0,95,5,145.5,13.1,5
2023,table2023.csv,150,180,1,80,80,9,0,935,MAWAR,2302,2023,24,6,95,5,145.2,13.6,5
2023,table2023.csv,150,180,1,80,80,9,0,935,MAWAR,2302,2023,24,12,95,5,144.7,13.8,5
2023,table2023.csv,150,180,1,80,80,9,0,935,MAWAR,2302,2023,24,18,95,5,144.1,14.1,5
2023,table2023.csv,180,240,1,90,90,9,0,925,MAWAR,2302,2023,25,0,100,5,143.5,14.2,5
2023,table2023.csv,180,240,1,100,100,9,0,905,MAWAR,2302,2023,25,6,110,5,142.8,14.6,5
2023,table2023.csv,180,270,1,100,100,9,0,900,MAWAR,2302,2023,25,12,115,5,141.5,14.8,5
2023,table2023.csv,180,270,1,100,100,9,0,900,MAWAR,2302,2023,25,18,115,5,140.4,14.9,5
2023,table2023.csv,240,270,1,100,100,9,0,900,MAWAR,2302,2023,26,0,115,5,139.2,15.1,5
2023,table2023.csv,240,270,1,100,100,9,0,900,MAWAR,2302,2023,26,6,115,5,137.9,15.4,5
2023,table2023.csv,240,300,1,100,100,9,0,900,MAWAR,2302,2023,26,12,115,5,136.5,15.7,5
2023,table2023.csv,240,300,1,100,100,9,0,900,MAWAR,2302,2023,26,18,115,5,134.9,16.0,5
2023,table2023.csv,300,375,1,100,120,1,0,910,MAWAR,2302,2023,27,0,105,5,133.5,16.4,5
2023,table2023.csv,300,375,1,90,130,1,0,925,MAWAR,2302,2023,27,6,95,5,132.2,16.6,5
2023,table2023.csv,300,375,1,90,130,1,0,945,MAWAR,2302,2023,27,12,85,5,130.9,16.8,5
2023,table2023.csv,300,375,1,90,130,1,0,945,MAWAR,2302,2023,27,18,85,5,129.7,17.1,5
2023,table2023.csv,325,425,1,90,130,1,0,945,MAWAR,2302,2023,28,0,85,5,128.7,17.2,5
2023,table2023.csv,325,425,1,80,120,1,0,945,MAWAR,2302,2023,28,6,85,5,127.9,17.6,5
2023,table2023.csv,325,425,2,80,120,2,0,945,MAWAR,2302,2023,28,12,85,5,127.4,18.0,5
2023,table2023.csv,325,425,2,80,120,2,0,945,MAWAR,2302,2023,28,18,85,5,126.7,18.6,5
2023,table2023.csv,300,425,2,80,120,2,0,945,MAWAR,2302,2023,29,0,85,5,126.2,19.0,5
2023,table2023.csv,300,425,2,80,120,2,0,945,MAWAR,2302,2023,29,6,85,5,125.8,19.4,5
2023,table2023.csv,300,400,3,80,120,3,0,945,MAWAR,2302,2023,29,12,85,5,125.6,19.7,5
2023,table2023.csv,300,400,3,80,120,3,0,945,MAWAR,2302,2023,29,18,85,5,125.4,20.1,5
2023,table2023.csv,270,400,3,80,120,3,0,950,MAWAR,2302,2023,30,0,80,5,125.1,20.3,5
2023,table2023.csv,270,400,3,80,120,3,0,950,MAWAR,2302,2023,30,6,80,5,125.0,20.6,5
2023,table2023.csv,240,375,3,70,100,3,0,955,MAWAR,2302,2023,30,12,70,5,125.0,20.8,5
2023,table2023.csv,240,375,3,70,100,3,0,955,MAWAR,2302,2023,30,18,70,5,125.0,21.2,5
2023,table2023.csv,240,375,3,70,100,3,0,955,MAWAR,2302,2023,31,0,70,5,125.1,21.4,5
2023,table2023.csv,240,375,3,70,100,3,0,960,MAWAR,2302,2023,31,6,65,5,125.3,22.2,5
2023,table2023.csv,240,375,3,70,100,3,0,960,MAWAR,2302,2023,31,9,65,5,125.4,22.5,5
2023,table2023.csv,240,375,3,60,100,3,0,960,MAWAR,2302,2023,31,12,65,5,125.4,22.7,5
2023,table2023.csv,240,375,3,60,100,3,0,960,MAWAR,2302,2023,31,15,65,5,125.5,23.0,5
2023,table2023.csv,240,375,3,60,90,2,0,965,MAWAR,2302,2023,31,18,60,5,125.6,23.6,4
2023,table2023.csv,240,375,3,60,90,2,0,965,MAWAR,2302,2023,31,21,60,5,125.7,23.8,4
2023,table2023.csv,240,350,3,0,0,0,0,970,MAWAR,2302,2023,1,0,50,6,125.8,24.1,4
2023,table2023.csv,240,350,3,0,0,0,0,970,MAWAR,2302,2023,1,3,50,6,126.0,24.6,4
2023,table2023.csv,240,350,3,0,0,0,0,970,MAWAR,2302,2023,1,6,50,6,126.1,24.9,4
2023,table2023.csv,240,350,3,0,0,0,0,970,MAWAR,2302,2023,1,9,50,6,126.6,25.4,4
2023,table2023.csv,240,325,2,0,0,0,0,970,MAWAR,2302,2023,1,12,50,6,127.1,25.9,4
2023,table2023.csv,240,325,2,0,0,0,0,970,MAWAR,2302,2023,1,15,50,6,127.6,26.4,4
2023,table2023.csv,240,325,2,0,0,0,0,970,MAWAR,2302,2023,1,18,50,6,128.1,26.9,4
2023,table2023.csv,240,325,2,0,0,0,0,970,MAWAR,2302,2023,1,21,50,6,128.8,27.2,4
2023,table2023.csv,210,325,3,0,0,0,0,975,MAWAR,2302,2023,2,0,45,6,129.4,27.4,3
2023,table2023.csv,210,325,3,0,0,0,0,975,MAWAR,2302,2023,2,6,45,6,131.0,28.2,3
2023,table2023.csv,210,300,3,0,0,0,0,980,MAWAR,2302,2023,2,12,45,6,132.8,28.9,3
2023,table2023.csv,210,300,3,0,0,0,0,980,MAWAR,2302,2023,2,18,45,6,135.2,29.7,3
2023,table2023.csv,0,0,0,0,0,0,0,984,MAWAR,2302,2023,3,0,0,6,137.8,30.6,6
2023,table2023.csv,0,0,0,0,0,0,0,990,MAWAR,2302,2023,3,6,0,6,140.8,32.4,6
2023,table2023.csv,0,0,0,0,0,0,0,996,MAWAR,2302,2023,3,12,0,6,144.7,33.7,6
2023,table2023.csv,0,0,0,0,0,0,0,1004,GUCHOL,2303,2023,6,0,0,6,135.0,12.8,2
2023,table2023.csv,0,0,0,0,0,0,0,1002,GUCHOL,2303,2023,6,6,0,6,135.1,13.1,2
2023,table2023.csv,120,180,2,0,0,0,0,1000,GUCHOL,2303,2023,6,12,35,6,135.1,13.6,3
2023,table2023.csv,120,180,2,0,0,0,0,1000,GUCHOL,2303,2023,6,18,35,6,134.9,14.1,3
2023,table2023.csv,120,180,2,0,0,0,0,998,GUCHOL,2303,2023,7,0,40,6,134.3,14.7,3
2023,table2023.csv,120,180,2,0,0,0,0,996,GUCHOL,2303,2023,7,6,40,6,133.8,15.0,3
2023,table2023.csv,150,210,2,0,0,0,0,992,GUCHOL,2303,2023,7,12,45,6,133.2,15.1,3
2023,table2023.csv,150,210,2,0,0,0,0,990,GUCHOL,2303,2023,7,18,50,6,132.4,15.5,4
2023,table2023.csv,150,210,2,60,60,9,0,985,GUCHOL,2303,2023,8,0,55,6,131.6,15.8,4
2023,table2023.csv,150,210,2,60,60,9,0,980,GUCHOL,2303,2023,8,6,60,6,131.1,16.0,4
2023,table2023.csv,180,240,1,60,60,9,0,970,GUCHOL,2303,2023,8,12,70,6,130.8,16.3,5
2023,table2023.csv,180,240,1,60,60,9,0,965,GUCHOL,2303,2023,8,18,75,6,130.4,16.8,5
2023,table2023.csv,210,240,1,60,60,9,0,965,GUCHOL,2303,2023,9,0,75,6,130.4,17.2,5
2023,table2023.csv,210,240,1,60,60,9,0,965,GUCHOL,2303,2023,9,6,75,6,130.1,17.8,5
2023,table2023.csv,210,240,1,60,60,9,0,965,GUCHOL,2303,2023,9,12,75,6,129.9,18.1,5
2023,table2023.csv,210,240,1,70,70,9,0,960,GUCHOL,2303,2023,9,18,80,6,129.9,18.5,5
2023,table2023.csv,210,240,1,70,70,9,0,960,GUCHOL,2303,2023,10,0,80,6,129.9,18.9,5
2023,table2023.csv,180,240,2,60,80,2,0,960,GUCHOL,2303,2023,10,6,80,6,130.2,19.9,5
2023,table2023.csv,180,240,2,60,80,2,0,960,GUCHOL,2303,2023,10,12,75,6,130.5,20.7,5
2023,table2023.csv,180,240,2,60,80,2,0,965,GUCHOL,2303,2023,10,18,70,6,131.1,21.8,5
2023,table2023.csv,150,240,3,60,80,3,0,970,GUCHOL,2303,2023,11,0,65,6,131.7,23.0,5
2023,table2023.csv,150,270,3,60,80,3,0,975,GUCHOL,2303,2023,11,6,60,6,132.6,24.2,4
2023,table2023.csv,150,300,3,60,80,3,0,980,GUCHOL,2303,2023,11,12,55,6,133.8,25.6,4
2023,table2023.csv,150,300,3,50,70,3,0,980,GUCHOL,2303,2023,11,18,55,6,135.3,26.4,4
2023,table2023.csv,150,300,3,40,60,3,0,980,GUCHOL,2303,2023,12,0,55,6,136.9,27.9,4
2023,table2023.csv,150,300,3,0,0,0,0,985,GUCHOL,2303,2023,12,6,50,6,138.1,29.5,4
2023,table2023.csv,0,0,0,0,0,0,0,990,GUCHOL,2303,2023,12,12,0,6,139.5,30.5,6
2023,table2023.csv,0,0,0,0,0,0,0,990,GUCHOL,2303,2023,12,18,0,6,142.0,32.0,6
2023,table2023.csv,0,0,0,0,0,0,0,992,GUCHOL,2303,2023,13,0,0,6,144.0,33.6,6
2023,table2023.csv,0,0,0,0,0,0,0,992,GUCHOL,2303,2023,13,6,0,6,146.4,34.5,6
2023,table2023.csv,0,0,0,0,0,0,0,996,GUCHOL,2303,2023,13,12,0,6,148.8,35.8,6
2023,table2023.csv,0,0,0,0,0,0,0,996,GUCHOL,2303,2023,13,18,0,6,152.0,38.1,6
2023,table2023.csv,0,0,0,0,0,0,0,996,GUCHOL,2303,2023,14,0,0,6,155.0,38.5,6
2023,table2023.csv,0,0,0,0,0,0,0,996,GUCHOL,2303,2023,14,6,0,6,158.5,39.1,6
2023,table2023.csv,0,0,0,0,0,0,0,996,GUCHOL,2303,2023,14,12,0,6,162.0,39.3,6
2023,table2023.csv,0,0,0,0,0,0,0,998,GUCHOL,2303,2023,14,18,0,6,166.5,39.0,6
2023,table2023.csv,0,0,0,0,0,0,0,998,GUCHOL,2303,2023,15,0,0,6,169.5,38.7,6
2023,table2023.csv,0,0,0,0,0,0,0,996,GUCHOL,2303,2023,15,6,0,6,171.0,38.9,6
2023,table2023.csv,0,0,0,0,0,0,0,994,GUCHOL,2303,2023,15,12,0,6,172.8,38.9,6
2023,table2023.csv,0,0,0,0,0,0,0,990,GUCHOL,2303,2023,15,18,0,6,174.5,39.3,6
2023,table2023.csv,0,0,0,0,0,0,0,986,GUCHOL,2303,2023,16,0,0,6,176.5,39.2,6
2023,table2023.csv,0,0,0,0,0,0,0,984,GUCHOL,2303,2023,16,6,0,6,178.1,39.6,6
2023,table2023.csv,0,0,0,0,0,0,0,984,GUCHOL,2303,2023,16,12,0,6,179.6,39.6,6
2023,table2023.csv,0,0,0,0,0,0,0,986,GUCHOL,2303,2023,16,18,0,6,180.9,39.7,6
2023,table2023.csv,0,0,0,0,0,0,0,1002,TALIM,2304,2023,13,6,0,7,122.3,15.7,2
2023,table2023.csv,0,0,0,0,0,0,0,1002,TALIM,2304,2023,13,12,0,7,122.3,16.4,2
2023,table2023.csv,0,0,0,0,0,0,0,1000,TALIM,2304,2023,13,18,0,7,122.1,16.9,2
2023,table2023.csv,0,0,0,0,0,0,0,1000,TALIM,2304,2023,14,0,0,7,121.5,18.1,2
2023,table2023.csv,0,0,0,0,0,0,0,1000,TALIM,2304,2023,14,6,0,7,120.3,17.9,2
2023,table2023.csv,0,0,0,0,0,0,0,998,TALIM,2304,2023,14,12,0,7,119.3,17.4,2
2023,table2023.csv,0,0,0,0,0,0,0,996,TALIM,2304,2023,14,18,0,7,118.6,17.8,2
2023,table2023.csv,0,0,0,0,0,0,0,996,TALIM,2304,2023,15,0,0,7,118.1,18.2,2
2023,table2023.csv,180,200,3,0,0,0,0,992,TALIM,2304,2023,15,6,35,7,117.8,18.2,3
2023,table2023.csv,180,200,3,0,0,0,0,990,TALIM,2304,2023,15,12,40,7,117.0,18.3,3
2023,table2023.csv,180,200,3,0,0,0,0,985,TALIM,2304,2023,15,18,45,7,116.7,18.6,3
2023,table2023.csv,180,200,3,0,0,0,0,980,TALIM,2304,2023,16,0,50,7,116.1,18.8,4
2023,table2023.csv,180,200,3,0,0,0,0,980,TALIM,2304,2023,16,6,50,7,115.3,19.2,4
2023,table2023.csv,180,200,3,0,0,0,0,980,TALIM,2304,2023,16,12,50,7,114.6,19.5,4
2023,table2023.csv,180,240,3,50,50,9,0,975,TALIM,2304,2023,16,18,55,7,113.8,19.7,4
2023,table2023.csv,180,240,3,50,50,9,0,970,TALIM,2304,2023,17,0,60,7,113.0,20.1,4
2023,table2023.csv,180,240,3,50,50,9,0,970,TALIM,2304,2023,17,6,60,7,112.1,20.7,4
2023,table2023.csv,150,240,2,50,50,9,0,970,TALIM,2304,2023,17,12,60,7,110.8,21.2,4
2023,table2023.csv,120,240,2,50,50,9,0,975,TALIM,2304,2023,17,18,55,7,109.7,21.4,4
2023,table2023.csv,120,240,2,0,0,0,0,980,TALIM,2304,2023,18,0,50,7,108.8,21.7,4
2023,table2023.csv,120,120,9,0,0,0,0,985,TALIM,2304,2023,18,6,45,7,107.5,22.4,3
2023,table2023.csv,0,0,0,0,0,0,0,996,TALIM,2304,2023,18,12,0,7,106.3,22.0,2
2023,table2023.csv,0,0,0,0,0,0,0,1000,TALIM,2304,2023,18,18,0,7,105.8,22.1,2
2023,table2023.csv,0,0,0,0,0,0,0,1004,DOKSURI,2305,2023,20,6,0,7,133.7,12.6,2
2023,table2023.csv,0,0,0,0,0,0,0,1006,DOKSURI,2305,2023,20,12,0,7,133.7,13.2,2
2023,table2023.csv,0,0,0,0,0,0,0,1004,DOKSURI,2305,2023,20,18,0,7,133.5,13.7,2
2023,table2023.csv,180,240,1,0,0,0,0,1002,DOKSURI,2305,2023,21,0,35,7,133.0,13.8,3
2023,table2023.csv,180,240,1,0,0,0,0,1002,DOKSURI,2305,2023,21,6,35,7,132.8,13.9,3
2023,table2023.csv,180,240,1,0,0,0,0,1002,DOKSURI,2305,2023,21,12,35,7,132.5,14.0,3
2023,table2023.csv,180,240,1,0,0,0,0,1002,DOKSURI,2305,2023,21,18,35,7,132.2,14.2,3
2023,table2023.csv,180,240,1,0,0,0,0,998,DOKSURI,2305,2023,22,0,40,7,131.7,14.3,3
2023,table2023.csv,180,240,1,0,0,0,0,998,DOKSURI,2305,2023,22,6,40,7,131.0,14.3,3
2023,table2023.csv,180,240,1,0,0,0,0,994,DOKSURI,2305,2023,22,12,45,7,130.3,14.4,3
2023,table2023.csv,240,240,9,0,0,0,0,990,DOKSURI,2305,2023,22,18,50,7,129.7,14.6,4
2023,table2023.csv,240,240,9,60,60,9,0,985,DOKSURI,2305,2023,23,0,55,7,129.0,14.7,4
2023,table2023.csv,240,240,9,60,60,9,0,980,DOKSURI,2305,2023,23,6,60,7,128.3,14.9,4
2023,table2023.csv,240,240,9,60,60,9,0,980,DOKSURI,2305,2023,23,12,60,7,127.8,15.0,4
2023,table2023.csv,240,270,3,75,75,9,0,970,DOKSURI,2305,2023,23,18,70,7,127.0,15.1,5
2023,table2023.csv,240,270,3,75,75,9,0,965,DOKSURI,2305,2023,24,0,75,7,126.6,15.2,5
2023,table2023.csv,270,300,3,75,75,9,0,950,DOKSURI,2305,2023,24,6,85,7,126.3,15.7,5
2023,table2023.csv,270,300,3,90,90,9,0,940,DOKSURI,2305,2023,24,12,90,7,125.8,16.5,5
2023,table2023.csv,270,300,3,100,100,9,0,925,DOKSURI,2305,2023,24,18,100,7,125.1,16.9,5
2023,table2023.csv,300,350,3,100,100,9,0,925,DOKSURI,2305,2023,25,0,100,7,124.6,17.6,5
2023,table2023.csv,300,350,3,100,100,9,0,925,DOKSURI,2305,2023,25,6,100,7,123.7,18.3,5
2023,table2023.csv,300,350,3,100,100,9,0,925,DOKSURI,2305,2023,25,12,100,7,122.7,18.9,5
2023,table2023.csv,300,350,3,100,100,9,0,925,DOKSURI,2305,2023,25,18,100,7,121.6,19.0,5
2023,table2023.csv,300,350,2,90,90,9,0,940,DOKSURI,2305,2023,26,0,90,7,121.4,18.9,5
2023,table2023.csv,300,350,2,90,90,9,0,950,DOKSURI,2305,2023,26,6,85,7,121.0,19.3,5
2023,table2023.csv,240,325,2,70,70,9,0,955,DOKSURI,2305,2023,26,12,80,7,120.6,19.5,5
2023,table2023.csv,240,325,2,70,70,9,0,955,DOKSURI,2305,2023,26,18,80,7,120.0,20.0,5
2023,table2023.csv,240,325,1,60,60,9,0,955,DOKSURI,2305,2023,27,0,75,7,119.8,20.7,5
2023,table2023.csv,240,325,1,60,60,9,0,955,DOKSURI,2305,2023,27,6,75,7,119.3,21.1,5
2023,table2023.csv,240,325,1,60,60,9,0,955,DOKSURI,2305,2023,27,12,80,7,119.1,21.8,5
2023,table2023.csv,240,375,1,60,60,9,0,955,DOKSURI,2305,2023,27,18,80,7,118.9,22.8,5
2023,table2023.csv,240,375,1,60,60,9,0,965,DOKSURI,2305,2023,28,0,70,7,118.8,24.2,5
2023,table2023.csv,240,350,1,0,0,0,0,985,DOKSURI,2305,2023,28,6,50,7,118.3,25.3,4
2023,table2023.csv,240,240,9,0,0,0,0,994,DOKSURI,2305,2023,28,12,40,7,117.9,27.1,3
2023,table2023.csv,120,120,9,0,0,0,0,996,DOKSURI,2305,2023,28,18,35,7,117.0,28.9,3
2023,table2023.csv,0,0,0,0,0,0,0,998,DOKSURI,2305,2023,29,0,0,7,115.1,30.6,2
2023,table2023.csv,0,0,0,0,0,0,0,998,DOKSURI,2305,2023,29,6,0,7,114.7,31.9,2
2023,table2023.csv,0,0,0,0,0,0,0,998,DOKSURI,2305,2023,29,12,0,7,114.5,33.0,2
2023,table2023.csv,0,0,0,0,0,0,0,998,DOKSURI,2305,2023,29,18,0,7,114.4,33.8,2
2023,table2023.csv,0,0,0,0,0,0,0,1000,DOKSURI,2305,2023,30,0,0,7,114.0,35.4,2
2023,table2023.csv,0,0,0,0,0,0,0,1000,DOKSURI,2305,2023,30,6,0,7,113.7,36.1,2
2023,table2023.csv,0,0,0,0,0,0,0,1000,DOKSURI,2305,2023,30,12,0,7,113.5,36.7,2
2023,table2023.csv,0,0,0,0,0,0,0,1006,KHANUN,2306,2023,26,18,0,7,138.1,10.5,2
2023,table2023.csv,0,0,0,0,0,0,0,1006,KHANUN,2306,2023,27,0,0,7,137.7,10.9,2
2023,table2023.csv,0,0,0,0,0,0,0,1004,KHANUN,2306,2023,27,6,0,7,137.2,11.2,2
2023,table2023.csv,0,0,0,0,0,0,0,1004,KHANUN,2306,2023,27,12,0,7,136.9,11.6,2
2023,table2023.csv,0,0,0,0,0,0,0,1002,KHANUN,2306,2023,27,18,0,7,136.6,12.2,2
2023,table2023.csv,270,350,4,0,0,0,0,1000,KHANUN,2306,2023,28,0,35,7,136.3,12.8,3
2023,table2023.csv,270,350,4,0,0,0,0,998,KHANUN,2306,2023,28,6,35,7,135.9,13.5,3
2023,table2023.csv,300,350,4,0,0,0,0,998,KHANUN,2306,2023,28,12,35,7,135.5,14.1,3
2023,table2023.csv,350,350,9,0,0,0,0,996,KHANUN,2306,2023,28,18,40,7,134.7,14.9,3
2023,table2023.csv,350,350,9,0,0,0,0,996,KHANUN,2306,2023,29,0,40,7,134.1,15.6,3
2023,table2023.csv,350,350,9,0,0,0,0,992,KHANUN,2306,2023,29,6,45,7,133.8,16.1,3
2023,table2023.csv,350,350,9,0,0,0,0,985,KHANUN,2306,2023,29,12,50,7,133.6,16.8,4
2023,table2023.csv,350,350,9,70,70,9,0,980,KHANUN,2306,2023,29,18,55,7,133.1,17.6,4
2023,table2023.csv,350,350,9,70,70,9,0,970,KHANUN,2306,2023,30,0,65,7,132.9,18.4,5
2023,table2023.csv,350,350,9,70,70,9,0,965,KHANUN,2306,2023,30,6,70,7,132.7,19.6,5
2023,table2023.csv,350,350,9,70,70,9,0,960,KHANUN,2306,2023,30,12,75,7,132.4,20.3,5
2023,table2023.csv,350,350,9,90,90,9,0,950,KHANUN,2306,2023,30,18,80,7,132.1,21.1,5
2023,table2023.csv,350,350,9,90,90,9,0,950,KHANUN,2306,2023,30,21,80,7,132.1,21.5,5
2023,table2023.csv,325,325,9,100,100,9,0,945,KHANUN,2306,2023,31,0,85,7,132.0,22.0,5
2023,table2023.csv,325,325,9,100,100,9,0,945,KHANUN,2306,2023,31,3,85,7,131.8,22.4,5
2023,table2023.csv,325,325,9,100,100,9,0,945,KHANUN,2306,2023,31,6,85,7,131.6,22.8,5
2023,table2023.csv,325,325,9,100,100,9,0,945,KHANUN,2306,2023,31,9,85,7,131.3,23.1,5
2023,table2023.csv,325,325,9,120,120,9,0,935,KHANUN,2306,2023,31,12,90,7,131.1,23.4,5
2023,table2023.csv,325,325,9,120,120,9,0,935,KHANUN,2306,2023,31,15,90,7,130.7,23.8,5
2023,table2023.csv,325,325,9,120,120,9,0,935,KHANUN,2306,2023,31,18,90,7,130.3,24.1,5
2023,table2023.csv,325,325,9,120,120,9,0,935,KHANUN,2306,2023,31,21,90,7,129.8,24.4,5
2023,table2023.csv,270,325,2,120,150,2,0,930,KHANUN,2306,2023,1,0,95,8,129.4,24.6,5
2023,table2023.csv,270,325,2,120,150,2,0,930,KHANUN,2306,2023,1,3,95,8,129.0,24.8,5
2023,table2023.csv,270,325,2,120,150,2,0,930,KHANUN,2306,2023,1,6,95,8,128.7,25.0,5
2023,table2023.csv,270,325,2,120,150,2,0,930,KHANUN,2306,2023,1,9,95,8,128.4,25.2,5
2023,table2023.csv,270,325,2,120,150,2,0,930,KHANUN,2306,2023,1,12,95,8,128.0,25.3,5
2023,table2023.csv,270,325,2,120,150,2,0,930,KHANUN,2306,2023,1,15,95,8,127.6,25.3,5
2023,table2023.csv,270,350,3,120,120,9,0,935,KHANUN,2306,2023,1,18,90,8,127.4,25.5,5
2023,table2023.csv,270,350,3,120,120,9,0,935,KHANUN,2306,2023,1,21,90,8,127.0,25.7,5
2023,table2023.csv,270,350,3,120,120,9,0,935,KHANUN,2306,2023,2,0,90,8,126.9,25.7,5
2023,table2023.csv,270,350,3,120,120,9,0,935,KHANUN,2306,2023,2,3,90,8,126.5,26.1,5
2023,table2023.csv,270,350,3,120,120,9,0,935,KHANUN,2306,2023,2,6,90,8,126.1,26.1,5
2023,table2023.csv,270,350,3,120,120,9,0,935,KHANUN,2306,2023,2,9,90,8,125.8,26.1,5
2023,table2023.csv,270,350,3,120,120,9,0,935,KHANUN,2306,2023,2,12,90,8,125.6,26.2,5
2023,table2023.csv,270,350,3,120,120,9,0,935,KHANUN,2306,2023,2,15,90,8,125.3,26.2,5
2023,table2023.csv,270,350,3,120,120,9,0,935,KHANUN,2306,2023,2,18,90,8,125.0,26.5,5
2023,table2023.csv,270,350,3,120,120,9,0,935,KHANUN,2306,2023,2,21,90,8,124.8,26.5,5
2023,table2023.csv,240,400,4,90,120,2,0,940,KHANUN,2306,2023,3,0,85,8,124.7,26.6,5
2023,table2023.csv,240,400,4,90,120,2,0,940,KHANUN,2306,2023,3,3,85,8,124.5,26.7,5
2023,table2023.csv,240,400,4,90,120,2,0,945,KHANUN,2306,2023,3,6,80,8,124.2,26.6,5
2023,table2023.csv,240,400,4,90,120,2,0,945,KHANUN,2306,2023,3,9,80,8,124.2,26.6,5
2023,table2023.csv,240,400,4,90,120,2,0,960,KHANUN,2306,2023,3,12,70,8,124.2,26.6,5
2023,table2023.csv,240,400,4,90,120,2,0,960,KHANUN,2306,2023,3,15,70,8,124.3,26.7,5
2023,table2023.csv,240,400,4,90,120,2,0,965,KHANUN,2306,2023,3,18,65,8,124.3,26.8,5
2023,table2023.csv,240,400,4,90,120,2,0,965,KHANUN,2306,2023,3,21,65,8,124.4,26.9,5
2023,table2023.csv,240,350,4,90,120,3,0,970,KHANUN,2306,2023,4,0,60,8,124.5,27.0,4
2023,table2023.csv,240,350,4,90,120,3,0,970,KHANUN,2306,2023,4,3,60,8,124.8,27.0,4
2023,table2023.csv,240,350,4,90,120,3,0,970,KHANUN,2306,2023,4,6,60,8,125.1,27.2,4
2023,table2023.csv,240,350,4,90,120,3,0,970,KHANUN,2306,2023,4,9,60,8,125.5,27.3,4
2023,table2023.csv,240,350,4,90,120,3,0,970,KHANUN,2306,2023,4,12,60,8,125.7,27.5,4
2023,table2023.csv,240,350,4,90,120,3,0,970,KHANUN,2306,2023,4,15,60,8,126.0,27.5,4
2023,table2023.csv,210,300,4,90,120,3,0,970,KHANUN,2306,2023,4,18,55,8,126.4,27.7,4
2023,table2023.csv,210,300,4,90,120,3,0,970,KHANUN,2306,2023,4,21,55,8,126.6,27.8,4
2023,table2023.csv,210,300,3,90,120,3,0,970,KHANUN,2306,2023,5,0,55,8,126.8,27.7,4
2023,table2023.csv,210,300,3,90,120,3,0,970,KHANUN,2306,2023,5,3,55,8,127.2,27.7,4
2023,table2023.csv,210,270,3,0,0,0,0,970,KHANUN,2306,2023,5,6,50,8,127.6,27.8,4
2023,table2023.csv,210,270,3,0,0,0,0,970,KHANUN,2306,2023,5,9,50,8,128.1,27.8,4
2023,table2023.csv,210,270,3,0,0,0,0,970,KHANUN,2306,2023,5,12,50,8,128.4,27.8,4
2023,table2023.csv,210,270,3,0,0,0,0,970,KHANUN,2306,2023,5,15,50,8,128.7,27.9,4
2023,table2023.csv,210,270,3,0,0,0,0,970,KHANUN,2306,2023,5,18,50,8,128.9,28.0,4
2023,table2023.csv,210,270,3,0,0,0,0,970,KHANUN,2306,2023,5,21,50,8,129.0,27.9,4
2023,table2023.csv,210,240,4,0,0,0,0,970,KHANUN,2306,2023,6,0,50,8,129.5,27.8,4
2023,table2023.csv,210,240,4,0,0,0,0,970,KHANUN,2306,2023,6,3,50,8,129.7,27.8,4
2023,table2023.csv,210,240,4,0,0,0,0,970,KHANUN,2306,2023,6,6,50,8,129.9,27.8,4
2023,table2023.csv,210,240,4,0,0,0,0,970,KHANUN,2306,2023,6,9,50,8,130.3,27.8,4
2023,table2023.csv,210,240,4,0,0,0,0,970,KHANUN,2306,2023,6,12,50,8,130.4,27.4,4
2023,table2023.csv,210,240,4,0,0,0,0,970,KHANUN,2306,2023,6,15,50,8,130.7,27.4,4
2023,table2023.csv,210,240,3,0,0,0,0,970,KHANUN,2306,2023,6,18,50,8,130.9,27.5,4
2023,table2023.csv,210,240,3,0,0,0,0,970,KHANUN,2306,2023,6,21,50,8,131.0,27.6,4
2023,table2023.csv,210,240,3,0,0,0,0,970,KHANUN,2306,2023,7,0,50,8,131.2,27.8,4
2023,table2023.csv,210,240,3,0,0,0,0,970,KHANUN,2306,2023,7,3,50,8,131.2,27.9,4
2023,table2023.csv,210,240,3,0,0,0,0,970,KHANUN,2306,2023,7,6,50,8,131.1,27.9,4
2023,table2023.csv,210,240,3,0,0,0,0,970,KHANUN,2306,2023,7,9,50,8,131.1,28.0,4
2023,table2023.csv,210,240,3,0,0,0,0,975,KHANUN,2306,2023,7,12,45,8,131.1,28.2,3
2023,table2023.csv,210,240,3,0,0,0,0,975,KHANUN,2306,2023,7,15,45,8,131.1,28.3,3
2023,table2023.csv,210,240,3,0,0,0,0,975,KHANUN,2306,2023,7,18,45,8,131.1,28.4,3
2023,table2023.csv,210,240,3,0,0,0,0,975,KHANUN,2306,2023,7,21,45,8,131.1,28.6,3
2023,table2023.csv,210,240,3,0,0,0,0,975,KHANUN,2306,2023,8,0,45,8,131.0,28.9,3
2023,table2023.csv,210,240,3,0,0,0,0,975,KHANUN,2306,2023,8,3,45,8,130.9,29.1,3
2023,table2023.csv,210,240,3,0,0,0,0,970,KHANUN,2306,2023,8,6,50,8,130.7,29.4,4
2023,table2023.csv,210,240,3,0,0,0,0,970,KHANUN,2306,2023,8,9,50,8,130.6,29.7,4
2023,table2023.csv,210,240,2,0,0,0,0,970,KHANUN,2306,2023,8,12,50,8,130.4,29.9,4
2023,table2023.csv,210,240,2,0,0,0,0,970,KHANUN,2306,2023,8,15,50,8,130.1,30.2,4
2023,table2023.csv,210,240,2,0,0,0,0,970,KHANUN,2306,2023,8,18,50,8,129.7,30.4,4
2023,table2023.csv,210,240,2,0,0,0,0,970,KHANUN,2306,2023,8,21,50,8,129.5,30.6,4
2023,table2023.csv,210,240,2,0,0,0,0,970,KHANUN,2306,2023,9,0,50,8,129.3,30.9,4
2023,table2023.csv,210,240,2,0,0,0,0,970,KHANUN,2306,2023,9,3,50,8,129.0,31.3,4
2023,table2023.csv,210,240,2,0,0,0,0,970,KHANUN,2306,2023,9,6,50,8,128.9,31.6,4
2023,table2023.csv,210,240,2,0,0,0,0,970,KHANUN,2306,2023,9,9,50,8,128.8,31.9,4
2023,table2023.csv,180,270,2,0,0,0,0,975,KHANUN,2306,2023,9,12,50,8,128.8,32.4,4
2023,table2023.csv,180,270,2,0,0,0,0,975,KHANUN,2306,2023,9,15,50,8,128.6,32.7,4
2023,table2023.csv,180,270,2,0,0,0,0,975,KHANUN,2306,2023,9,18,50,8,128.6,33.4,4
2023,table2023.csv,180,270,2,0,0,0,0,975,KHANUN,2306,2023,9,21,50,8,128.6,34.1,4
2023,table2023.csv,180,270,2,0,0,0,0,980,KHANUN,2306,2023,10,0,45,8,128.7,34.8,3
2023,table2023.csv,0,0,0,0,0,0,0,986,KHANUN,2306,2023,10,6,0,8,128.1,36.6,6
2023,table2023.csv,0,0,0,0,0,0,0,992,KHANUN,2306,2023,10,12,0,8,128.3,38.0,6
2023,table2023.csv,0,0,0,0,0,0,0,994,KHANUN,2306,2023,10,18,0,8,126.5,38.4,6
2023,table2023.csv,0,0,0,0,0,0,0,996,KHANUN,2306,2023,11,0,0,8,125.9,38.7,6
2023,table2023.csv,0,0,0,0,0,0,0,996,KHANUN,2306,2023,11,6,0,8,124.9,39.2,6
2023,table2023.csv,0,0,0,0,0,0,0,998,KHANUN,2306,2023,11,12,0,8,124.0,38.8,6
2023,table2023.csv,0,0,0,0,0,0,0,1002,KHANUN,2306,2023,11,18,0,8,124.9,37.6,6
2023,table2023.csv,0,0,0,0,0,0,0,1004,LAN,2307,2023,7,0,0,8,149.0,22.5,2
2023,table2023.csv,0,0,0,0,0,0,0,1002,LAN,2307,2023,7,6,0,8,149.4,22.8,2
2023,table2023.csv,0,0,0,0,0,0,0,1004,LAN,2307,2023,7,12,0,8,149.8,23.1,2
2023,table2023.csv,0,0,0,0,0,0,0,1002,LAN,2307,2023,7,18,0,8,149.9,23.6,2
2023,table2023.csv,150,150,9,0,0,0,0,1000,LAN,2307,2023,8,0,35,8,149.4,23.9,3
2023,table2023.csv,150,150,9,0,0,0,0,996,LAN,2307,2023,8,6,40,8,148.8,24.2,3
2023,table2023.csv,150,150,9,0,0,0,0,992,LAN,2307,2023,8,12,45,8,148.3,24.4,3
2023,table2023.csv,150,150,9,0,0,0,0,992,LAN,2307,2023,8,18,45,8,147.6,24.4,3
2023,table2023.csv,150,150,9,0,0,0,0,990,LAN,2307,2023,9,0,50,8,146.9,24.3,4
2023,table2023.csv,100,180,1,0,0,0,0,985,LAN,2307,2023,9,6,50,8,146.1,24.6,4
2023,table2023.csv,100,180,1,50,50,9,0,980,LAN,2307,2023,9,12,55,8,145.4,24.8,4
2023,table2023.csv,100,180,1,60,60,9,0,975,LAN,2307,2023,9,18,60,8,144.7,25.0,4
2023,table2023.csv,100,180,1,70,70,9,0,970,LAN,2307,2023,10,0,65,8,143.9,25.2,5
2023,table2023.csv,100,180,1,70,70,9,0,960,LAN,2307,2023,10,6,75,8,143.5,25.5,5
2023,table2023.csv,100,180,1,70,70,9,0,955,LAN,2307,2023,10,9,80,8,143.4,25.8,5
2023,table2023.csv,120,150,1,70,70,9,0,950,LAN,2307,2023,10,12,85,8,143.2,26.0,5
2023,table2023.csv,120,150,1,70,70,9,0,950,LAN,2307,2023,10,15,85,8,143.0,26.2,5
2023,table2023.csv,120,150,1,70,70,9,0,940,LAN,2307,2023,10,18,90,8,142.9,26.4,5
2023,table2023.csv,120,150,1,70,70,9,0,940,LAN,2307,2023,10,21,90,8,143.0,26.6,5
2023,table2023.csv,120,150,1,70,70,9,0,940,LAN,2307,2023,11,0,90,8,142.9,26.9,5
2023,table2023.csv,120,150,1,70,70,9,0,940,LAN,2307,2023,11,3,90,8,142.9,27.1,5
2023,table2023.csv,120,150,1,70,70,9,0,940,LAN,2307,2023,11,6,90,8,142.9,27.4,5
2023,table2023.csv,120,150,1,70,70,9,0,940,LAN,2307,2023,11,9,90,8,142.9,27.7,5
2023,table2023.csv,120,150,1,70,70,9,0,940,LAN,2307,2023,11,12,90,8,142.6,27.9,5
2023,table2023.csv,120,150,1,60,60,9,0,940,LAN,2307,2023,11,15,90,8,142.4,28.0,5
2023,table2023.csv,120,150,1,60,60,9,0,950,LAN,2307,2023,11,18,85,8,142.4,28.2,5
2023,table2023.csv,120,150,1,70,70,9,0,950,LAN,2307,2023,12,0,85,8,141.9,28.6,5
2023,table2023.csv,120,150,1,70,70,9,0,950,LAN,2307,2023,12,6,85,8,141.4,28.9,5
2023,table2023.csv,120,180,2,60,60,9,0,955,LAN,2307,2023,12,12,80,8,140.7,29.1,5
2023,table2023.csv,120,180,2,60,60,9,0,965,LAN,2307,2023,12,18,75,8,140.0,29.3,5
2023,table2023.csv,120,180,2,60,60,9,0,965,LAN,2307,2023,13,0,75,8,139.6,29.8,5
2023,table2023.csv,120,180,2,60,60,9,0,965,LAN,2307,2023,13,6,75,8,138.9,30.3,5
2023,table2023.csv,120,180,2,60,60,9,0,965,LAN,2307,2023,13,12,75,8,138.6,30.7,5
2023,table2023.csv,150,180,2,60,60,9,0,970,LAN,2307,2023,13,18,70,8,138.1,31.2,5
2023,table2023.csv,150,180,2,70,70,9,0,970,LAN,2307,2023,14,0,70,8,137.5,31.8,5
2023,table2023.csv,150,180,2,70,70,9,0,970,LAN,2307,2023,14,3,70,8,137.2,32.0,5
2023,table2023.csv,150,180,2,70,70,9,0,970,LAN,2307,2023,14,6,65,8,136.9,32.3,5
2023,table2023.csv,150,150,9,70,70,9,0,970,LAN,2307,2023,14,9,65,8,136.8,32.6,5
2023,table2023.csv,120,150,2,70,70,9,0,975,LAN,2307,2023,14,12,60,8,136.6,32.8,4
2023,table2023.csv,120,150,2,70,70,9,0,975,LAN,2307,2023,14,15,60,8,136.4,33.0,4
2023,table2023.csv,120,150,2,70,70,9,0,975,LAN,2307,2023,14,18,60,8,136.0,33.3,4
2023,table2023.csv,120,150,2,70,70,9,1,975,LAN,2307,2023,14,19,60,8,136.0,33.5,4
2023,table2023.csv,120,150,2,70,70,9,0,975,LAN,2307,2023,14,21,60,8,135.8,33.7,4
2023,table2023.csv,120,150,2,70,70,9,0,980,LAN,2307,2023,15,0,55,8,135.3,34.1,4
2023,table2023.csv,120,150,2,0,0,0,0,985,LAN,2307,2023,15,3,50,8,135.0,34.5,4
2023,table2023.csv,120,150,2,0,0,0,1,985,LAN,2307,2023,15,4,50,8,134.9,34.7,4
2023,table2023.csv,120,150,2,0,0,0,0,985,LAN,2307,2023,15,6,50,8,134.9,35.1,4
2023,table2023.csv,120,150,2,0,0,0,0,990,LAN,2307,2023,15,9,45,8,134.8,35.4,3
2023,table2023.csv,120,150,2,0,0,0,0,990,LAN,2307,2023,15,12,45,8,134.7,36.0,3
2023,table2023.csv,90,120,2,0,0,0,0,990,LAN,2307,2023,15,18,40,8,134.8,37.0,3
2023,table2023.csv,90,120,2,0,0,0,0,990,LAN,2307,2023,16,0,40,8,135.5,38.2,3
2023,table2023.csv,90,120,2,0,0,0,0,990,LAN,2307,2023,16,6,40,8,136.1,39.7,3
2023,table2023.csv,120,120,9,0,0,0,0,990,LAN,2307,2023,16,12,40,8,136.6,40.6,3
2023,table2023.csv,120,120,9,0,0,0,0,990,LAN,2307,2023,16,18,40,8,137.7,42.0,3
2023,table2023.csv,120,120,9,0,0,0,0,990,LAN,2307,2023,17,0,40,8,138.4,44.2,3
2023,table2023.csv,0,0,0,0,0,0,0,990,LAN,2307,2023,17,6,0,8,139.4,44.8,6
2023,table2023.csv,0,0,0,0,0,0,0,992,LAN,2307,2023,17,12,0,8,141.1,45.8,6
2023,table2023.csv,0,0,0,0,0,0,0,992,LAN,2307,2023,17,18,0,8,144.2,46.9,6
2023,table2023.csv,0,0,0,0,0,0,0,994,LAN,2307,2023,18,0,0,8,147.5,47.8,6
2023,table2023.csv,0,0,0,0,0,0,0,998,LAN,2307,2023,18,6,0,8,150.6,48.5,6
2023,table2023.csv,0,0,0,0,0,0,0,1000,LAN,2307,2023,18,12,0,8,154.3,49.2,6
2023,table2023.csv,60,90,8,30,30,9,0,975,DORA,2308,2023,12,0,80,8,180.1,15.6,7
2023,table2023.csv,60,90,8,30,30,9,0,980,DORA,2308,2023,12,6,75,8,179.1,16.3,5
2023,table2023.csv,60,90,8,30,30,9,0,980,DORA,2308,2023,12,12,75,8,178.0,17.0,5
2023,table2023.csv,60,90,8,30,30,9,0,980,DORA,2308,2023,12,18,75,8,176.9,17.8,5
2023,table2023.csv,60,90,8,20,20,9,0,985,DORA,2308,2023,13,0,70,8,175.4,18.1,5
2023,table2023.csv,60,90,8,20,20,9,0,990,DORA,2308,2023,13,6,65,8,174.1,18.1,5
2023,table2023.csv,60,90,8,20,20,9,0,994,DORA,2308,2023,13,12,55,8,172.7,18.1,4
2023,table2023.csv,60,90,8,0,0,0,0,998,DORA,2308,2023,13,18,50,8,171.4,18.3,4
2023,table2023.csv,60,90,8,0,0,0,0,1000,DORA,2308,2023,14,0,45,8,170.2,18.7,3
2023,table2023.csv,60,90,8,0,0,0,0,1000,DORA,2308,2023,14,6,45,8,169.2,19.3,3
2023,table2023.csv,60,90,8,0,0,0,0,1000,DORA,2308,2023,14,12,45,8,168.6,19.8,3
2023,table2023.csv,60,90,8,0,0,0,0,1004,DORA,2308,2023,14,18,35,8,168.2,20.2,3
2023,table2023.csv,0,0,0,0,0,0,0,1006,DORA,2308,2023,15,0,0,8,167.9,20.6,2
2023,table2023.csv,0,0,0,0,0,0,0,1006,DORA,2308,2023,15,6,0,8,167.8,21.5,2
2023,table2023.csv,0,0,0,0,0,0,0,1010,DORA,2308,2023,15,12,0,8,168.2,22.6,2
2023,table2023.csv,0,0,0,0,0,0,0,1010,DORA,2308,2023,15,18,0,8,168.2,23.5,2
2023,table2023.csv,0,0,0,0,0,0,0,1010,DORA,2308,2023,16,0,0,8,168.3,24.1,2
2023,table2023.csv,0,0,0,0,0,0,0,1010,DORA,2308,2023,16,6,0,8,168.7,25.4,2
2023,table2023.csv,0,0,0,0,0,0,0,1010,DORA,2308,2023,16,12,0,8,168.7,26.9,2
2023,table2023.csv,0,0,0,0,0,0,0,1010,DORA,2308,2023,16,18,0,8,168.5,27.9,2
2023,table2023.csv,0,0,0,0,0,0,0,1012,DORA,2308,2023,17,0,0,8,168.2,29.0,2
2023,table2023.csv,0,0,0,0,0,0,0,1010,DORA,2308,2023,17,6,0,8,167.7,29.8,2
2023,table2023.csv,0,0,0,0,0,0,0,1012,DORA,2308,2023,17,12,0,8,167.2,30.5,2
2023,table2023.csv,0,0,0,0,0,0,0,1010,DORA,2308,2023,17,18,0,8,166.6,31.2,2
2023,table2023.csv,0,0,0,0,0,0,0,1012,DORA,2308,2023,18,0,0,8,166.2,31.6,2
2023,table2023.csv,0,0,0,0,0,0,0,1012,DORA,2308,2023,18,6,0,8,165.9,31.9,2
2023,table2023.csv,0,0,0,0,0,0,0,1012,DORA,2308,2023,18,12,0,8,166.2,32.1,2
2023,table2023.csv,0,0,0,0,0,0,0,1012,DORA,2308,2023,18,18,0,8,166.9,32.5,2
2023,table2023.csv,0,0,0,0,0,0,0,1012,DORA,2308,2023,19,0,0,8,167.4,32.9,2
2023,table2023.csv,0,0,0,0,0,0,0,1012,DORA,2308,2023,19,6,0,8,168.0,33.2,2
2023,table2023.csv,0,0,0,0,0,0,0,1012,DORA,2308,2023,19,12,0,8,168.7,33.2,2
2023,table2023.csv,0,0,0,0,0,0,0,1012,DORA,2308,2023,19,18,0,8,169.4,33.1,2
2023,table2023.csv,0,0,0,0,0,0,0,1012,DORA,2308,2023,20,0,0,8,170.4,32.9,2
2023,table2023.csv,0,0,0,0,0,0,0,1010,DORA,2308,2023,20,6,0,8,171.6,32.5,2
2023,table2023.csv,0,0,0,0,0,0,0,1010,DORA,2308,2023,20,12,0,8,172.7,32.4,2
2023,table2023.csv,0,0,0,0,0,0,0,1008,DORA,2308,2023,20,18,0,8,173.9,32.6,2
2023,table2023.csv,0,0,0,0,0,0,0,1008,DORA,2308,2023,21,0,0,8,174.9,33.0,2
2023,table2023.csv,0,0,0,0,0,0,0,1008,DORA,2308,2023,21,6,0,8,175.7,33.5,2
2023,table2023.csv,0,0,0,0,0,0,0,1010,DORA,2308,2023,21,12,0,8,177.1,34.3,6
2023,table2023.csv,0,0,0,0,0,0,0,1010,DORA,2308,2023,21,18,0,8,178.3,35.2,6
2023,table2023.csv,0,0,0,0,0,0,0,1008,DORA,2308,2023,22,0,0,8,179.6,36.2,6
2023,table2023.csv,0,0,0,0,0,0,0,1008,DORA,2308,2023,22,6,0,8,181.2,37.0,6
2023,table2023.csv,0,0,0,0,0,0,0,1006,SAOLA,2309,2023,22,0,0,8,128.3,18.8,2
2023,table2023.csv,0,0,0,0,0,0,0,1004,SAOLA,2309,2023,22,6,0,8,127.5,18.6,2
2023,table2023.csv,0,0,0,0,0,0,0,1004,SAOLA,2309,2023,22,12,0,8,126.8,18.5,2
2023,table2023.csv,0,0,0,0,0,0,0,1004,SAOLA,2309,2023,22,18,0,8,126.5,18.5,2
2023,table2023.csv,0,0,0,0,0,0,0,1006,SAOLA,2309,2023,23,0,0,8,126.2,18.5,2
2023,table2023.csv,0,0,0,0,0,0,0,1004,SAOLA,2309,2023,23,6,0,8,125.9,18.6,2
2023,table2023.csv,0,0,0,0,0,0,0,1006,SAOLA,2309,2023,23,12,0,8,125.6,18.8,2
2023,table2023.csv,0,0,0,0,0,0,0,1004,SAOLA,2309,2023,23,18,0,8,125.3,19.5,2
2023,table2023.csv,0,0,0,0,0,0,0,1006,SAOLA,2309,2023,24,0,0,8,125.1,20.0,2
2023,table2023.csv,90,150,3,0,0,0,0,1002,SAOLA,2309,2023,24,6,35,8,124.8,20.5,3
2023,table2023.csv,90,150,3,0,0,0,0,1002,SAOLA,2309,2023,24,12,35,8,124.5,20.2,3
2023,table2023.csv,90,150,3,0,0,0,0,1000,SAOLA,2309,2023,24,18,40,8,124.3,20.1,3
2023,table2023.csv,90,150,3,0,0,0,0,998,SAOLA,2309,2023,25,0,45,8,124.0,19.9,3
2023,table2023.csv,90,150,3,0,0,0,0,994,SAOLA,2309,2023,25,6,50,8,123.8,19.8,4
2023,table2023.csv,90,150,3,30,30,9,0,980,SAOLA,2309,2023,25,12,65,8,123.6,19.6,5
2023,table2023.csv,90,150,3,40,40,9,0,975,SAOLA,2309,2023,25,18,70,8,123.4,19.2,5
2023,table2023.csv,90,150,3,40,40,9,0,970,SAOLA,2309,2023,26,0,75,8,123.2,18.5,5
2023,table2023.csv,90,150,3,50,50,9,0,955,SAOLA,2309,2023,26,6,85,8,123.2,18.0,5
2023,table2023.csv,90,150,3,50,50,9,0,950,SAOLA,2309,2023,26,12,90,8,123.0,17.6,5
2023,table2023.csv,90,150,3,50,50,9,0,940,SAOLA,2309,2023,26,18,95,8,122.9,17.2,5
2023,table2023.csv,90,150,3,50,50,9,0,940,SAOLA,2309,2023,27,0,95,8,122.9,16.8,5
2023,table2023.csv,90,150,3,50,50,9,0,940,SAOLA,2309,2023,27,6,95,8,123.0,16.5,5
2023,table2023.csv,90,150,3,50,50,9,0,940,SAOLA,2309,2023,27,12,95,8,123.2,16.2,5
2023,table2023.csv,90,150,3,40,40,9,0,955,SAOLA,2309,2023,27,18,85,8,123.7,16.0,5
2023,table2023.csv,90,150,3,40,40,9,0,960,SAOLA,2309,2023,28,0,80,8,124.4,16.8,5
2023,table2023.csv,120,120,9,40,40,9,0,955,SAOLA,2309,2023,28,6,85,8,124.2,17.5,5
2023,table2023.csv,120,120,9,40,40,9,0,955,SAOLA,2309,2023,28,12,85,8,124.0,17.9,5
2023,table2023.csv,120,120,9,40,40,9,0,955,SAOLA,2309,2023,28,18,85,8,123.8,18.3,5
2023,table2023.csv,120,120,9,40,40,9,0,955,SAOLA,2309,2023,29,0,85,8,123.5,18.5,5
2023,table2023.csv,120,120,9,40,40,9,0,950,SAOLA,2309,2023,29,6,90,8,123.1,18.9,5
2023,table2023.csv,120,150,7,50,50,9,0,940,SAOLA,2309,2023,29,12,95,8,122.7,19.3,5
2023,table2023.csv,120,150,7,50,50,9,0,935,SAOLA,2309,2023,29,18,100,8,121.9,19.9,5
2023,table2023.csv,120,150,7,50,50,9,0,920,SAOLA,2309,2023,30,0,105,8,121.0,20.1,5
2023,table2023.csv,120,150,7,50,50,9,0,920,SAOLA,2309,2023,30,6,105,8,120.3,20.4,5
2023,table2023.csv,120,150,8,50,50,9,0,920,SAOLA,2309,2023,30,12,105,8,119.6,20.7,5
2023,table2023.csv,120,150,8,50,50,9,0,920,SAOLA,2309,2023,30,18,105,8,118.7,20.9,5
2023,table2023.csv,120,150,1,50,50,9,0,920,SAOLA,2309,2023,31,0,105,8,118.2,21.1,5
2023,table2023.csv,120,150,1,50,50,9,0,920,SAOLA,2309,2023,31,6,105,8,117.8,21.2,5
2023,table2023.csv,120,150,1,50,50,9,0,935,SAOLA,2309,2023,31,12,100,8,117.3,21.5,5
2023,table2023.csv,120,150,1,50,50,9,0,940,SAOLA,2309,2023,31,18,95,8,116.8,21.6,5
2023,table2023.csv,120,150,1,50,50,9,0,940,SAOLA,2309,2023,1,0,95,9,116.2,21.9,5
2023,table2023.csv,120,120,9,50,50,9,0,940,SAOLA,2309,2023,1,6,95,9,115.4,22.0,5
2023,table2023.csv,90,90,9,50,50,9,0,950,SAOLA,2309,2023,1,12,85,9,114.4,22.0,5
2023,table2023.csv,90,90,9,40,40,9,0,970,SAOLA,2309,2023,1,18,70,9,113.4,22.0,5
2023,table2023.csv,90,90,9,40,40,9,0,980,SAOLA,2309,2023,2,0,60,9,112.7,21.7,4
2023,table2023.csv,40,60,4,0,0,0,0,990,SAOLA,2309,2023,2,6,50,9,111.9,21.7,4
2023,table2023.csv,40,60,4,0,0,0,0,996,SAOLA,2309,2023,2,12,35,9,111.1,21.7,3
2023,table2023.csv,0,0,0,0,0,0,0,998,SAOLA,2309,2023,2,18,0,9,110.5,21.6,2
2023,table2023.csv,0,0,0,0,0,0,0,1000,SAOLA,2309,2023,3,0,0,9,109.7,21.4,2
2023,table2023.csv,0,0,0,0,0,0,0,1000,SAOLA,2309,2023,3,6,0,9,109.4,21.2,2
2023,table2023.csv,0,0,0,0,0,0,0,1000,SAOLA,2309,2023,3,12,0,9,109.3,20.9,2
2023,table2023.csv,0,0,0,0,0,0,0,1002,DAMREY,2310,2023,23,18,0,8,151.6,16.9,2
2023,table2023.csv,0,0,0,0,0,0,0,1002,DAMREY,2310,2023,24,0,0,8,152.0,17.1,2
2023,table2023.csv,0,0,0,0,0,0,0,1000,DAMREY,2310,2023,24,6,0,8,152.4,17.3,2
2023,table2023.csv,0,0,0,0,0,0,0,1002,DAMREY,2310,2023,24,12,0,8,153.1,17.6,2
2023,table2023.csv,120,240,2,0,0,0,0,998,DAMREY,2310,2023,24,18,35,8,153.8,18.0,3
2023,table2023.csv,120,240,2,0,0,0,0,998,DAMREY,2310,2023,25,0,35,8,154.7,18.7,3
2023,table2023.csv,180,240,2,0,0,0,0,994,DAMREY,2310,2023,25,6,40,8,155.5,20.0,3
2023,table2023.csv,180,240,2,0,0,0,0,994,DAMREY,2310,2023,25,12,40,8,155.3,21.5,3
2023,table2023.csv,180,240,2,0,0,0,0,994,DAMREY,2310,2023,25,18,40,8,154.7,23.0,3
2023,table2023.csv,180,240,2,0,0,0,0,990,DAMREY,2310,2023,26,0,45,8,154.0,24.2,3
2023,table2023.csv,180,240,2,0,0,0,0,985,DAMREY,2310,2023,26,6,50,8,152.9,26.1,4
2023,table2023.csv,180,240,2,0,0,0,0,985,DAMREY,2310,2023,26,12,50,8,151.1,27.8,4
2023,table2023.csv,150,240,2,0,0,0,0,985,DAMREY,2310,2023,26,18,50,8,149.3,29.6,4
2023,table2023.csv,150,240,2,0,0,0,0,985,DAMREY,2310,2023,27,0,50,8,147.3,31.7,4
2023,table2023.csv,150,240,2,0,0,0,0,985,DAMREY,2310,2023,27,6,50,8,145.7,33.9,4
2023,table2023.csv,150,240,2,0,0,0,0,985,DAMREY,2310,2023,27,12,50,8,144.6,35.6,4
2023,table2023.csv,120,180,2,0,0,0,0,990,DAMREY,2310,2023,27,18,45,8,144.2,37.1,3
2023,table2023.csv,120,180,2,0,0,0,0,990,DAMREY,2310,2023,28,0,45,8,144.6,38.5,3
2023,table2023.csv,120,180,2,0,0,0,0,990,DAMREY,2310,2023,28,6,45,8,145.4,39.6,3
2023,table2023.csv,120,210,3,0,0,0,0,985,DAMREY,2310,2023,28,12,50,8,147.2,40.6,4
2023,table2023.csv,120,210,3,0,0,0,0,985,DAMREY,2310,2023,28,18,50,8,149.5,41.0,4
2023,table2023.csv,120,210,3,0,0,0,0,990,DAMREY,2310,2023,29,0,45,8,152.3,41.2,3
2023,table2023.csv,0,0,0,0,0,0,0,992,DAMREY,2310,2023,29,6,0,8,156.7,41.1,6
2023,table2023.csv,0,0,0,0,0,0,0,992,DAMREY,2310,2023,29,12,0,8,161.2,41.3,6
2023,table2023.csv,0,0,0,0,0,0,0,992,DAMREY,2310,2023,29,18,0,8,165.7,41.4,6
2023,table2023.csv,0,0,0,0,0,0,0,988,DAMREY,2310,2023,30,0,0,8,172.7,42.4,6
2023,table2023.csv,0,0,0,0,0,0,0,980,DAMREY,2310,2023,30,6,0,8,178.8,44.5,6
2023,table2023.csv,0,0,0,0,0,0,0,974,DAMREY,2310,2023,30,12,0,8,182.1,46.2,6
2023,table2023.csv,0,0,0,0,0,0,0,998,HAIKUI,2311,2023,27,6,0,8,144.3,18.3,2
2023,table2023.csv,0,0,0,0,0,0,0,1000,HAIKUI,2311,2023,27,12,0,8,144.0,18.4,2
2023,table2023.csv,0,0,0,0,0,0,0,998,HAIKUI,2311,2023,27,18,0,8,143.4,18.3,2
2023,table2023.csv,0,0,0,0,0,0,0,998,HAIKUI,2311,2023,28,0,0,8,142.4,18.6,2
2023,table2023.csv,0,0,0,0,0,0,0,998,HAIKUI,2311,2023,28,6,0,8,141.3,18.7,2
2023,table2023.csv,0,0,0,0,0,0,0,998,HAIKUI,2311,2023,28,12,0,8,140.4,18.7,2
2023,table2023.csv,120,120,9,0,0,0,0,996,HAIKUI,2311,2023,28,18,35,8,139.4,18.6,3
2023,table2023.csv,120,120,9,0,0,0,0,994,HAIKUI,2311,2023,29,0,40,8,138.0,18.9,3
2023,table2023.csv,120,150,1,0,0,0,0,990,HAIKUI,2311,2023,29,6,45,8,137.4,19.0,3
2023,table2023.csv,120,150,1,0,0,0,0,990,HAIKUI,2311,2023,29,12,45,8,136.7,19.1,3
2023,table2023.csv,120,150,1,0,0,0,0,990,HAIKUI,2311,2023,29,18,45,8,136.5,19.5,3
2023,table2023.csv,120,150,1,0,0,0,0,990,HAIKUI,2311,2023,30,0,45,8,136.2,20.1,3
2023,table2023.csv,120,150,1,0,0,0,0,990,HAIKUI,2311,2023,30,6,45,8,135.6,20.5,3
2023,table2023.csv,120,150,1,0,0,0,0,990,HAIKUI,2311,2023,30,12,45,8,135.1,21.1,3
2023,table2023.csv,120,150,1,0,0,0,0,985,HAIKUI,2311,2023,30,18,50,8,133.7,21.1,4
2023,table2023.csv,120,180,1,50,50,9,0,980,HAIKUI,2311,2023,31,0,55,8,133.0,21.1,4
2023,table2023.csv,120,180,1,50,50,9,0,980,HAIKUI,2311,2023,31,6,55,8,132.0,21.1,4
2023,table2023.csv,120,180,1,50,50,9,0,980,HAIKUI,2311,2023,31,12,55,8,131.1,21.2,4
2023,table2023.csv,120,180,1,50,50,9,0,980,HAIKUI,2311,2023,31,18,55,8,130.3,21.5,4
2023,table2023.csv,120,180,1,60,60,9,0,975,HAIKUI,2311,2023,1,0,60,9,129.4,22.0,4
2023,table2023.csv,120,180,1,60,60,9,0,975,HAIKUI,2311,2023,1,6,60,9,128.4,22.2,4
2023,table2023.csv,120,180,1,60,60,9,0,970,HAIKUI,2311,2023,1,12,65,9,127.6,21.9,5
2023,table2023.csv,120,180,1,60,60,9,0,970,HAIKUI,2311,2023,1,18,65,9,127.0,21.7,5
2023,table2023.csv,120,180,1,60,60,9,0,965,HAIKUI,2311,2023,2,0,70,9,126.3,22.1,5
2023,table2023.csv,120,210,1,60,60,9,0,960,HAIKUI,2311,2023,2,6,75,9,125.3,22.4,5
2023,table2023.csv,120,210,1,70,80,4,0,960,HAIKUI,2311,2023,2,12,75,9,124.3,22.7,5
2023,table2023.csv,120,210,1,70,90,4,0,945,HAIKUI,2311,2023,2,18,85,9,123.1,22.7,5
2023,table2023.csv,120,210,1,70,90,4,0,950,HAIKUI,2311,2023,3,0,80,9,122.6,22.6,5
2023,table2023.csv,120,210,1,60,60,9,0,965,HAIKUI,2311,2023,3,6,65,9,121.5,22.9,5
2023,table2023.csv,120,210,1,30,30,9,0,975,HAIKUI,2311,2023,3,12,55,9,120.1,22.8,4
2023,table2023.csv,120,210,1,0,0,0,0,980,HAIKUI,2311,2023,3,18,50,9,120.0,22.6,4
2023,table2023.csv,120,210,1,0,0,0,0,985,HAIKUI,2311,2023,4,0,45,9,119.8,23.1,3
2023,table2023.csv,120,210,1,0,0,0,0,985,HAIKUI,2311,2023,4,6,45,9,119.2,23.2,3
2023,table2023.csv,120,210,1,0,0,0,0,992,HAIKUI,2311,2023,4,12,40,9,118.6,23.9,3
2023,table2023.csv,120,210,1,0,0,0,0,996,HAIKUI,2311,2023,4,18,35,9,117.3,23.5,3
2023,table2023.csv,0,0,0,0,0,0,0,1000,HAIKUI,2311,2023,5,0,0,9,116.8,23.4,2
2023,table2023.csv,0,0,0,0,0,0,0,1000,HAIKUI,2311,2023,5,6,0,9,116.5,23.5,2
2023,table2023.csv,0,0,0,0,0,0,0,1002,HAIKUI,2311,2023,5,12,0,9,116.1,23.5,2
2023,table2023.csv,0,0,0,0,0,0,0,1004,HAIKUI,2311,2023,5,18,0,9,115.5,23.3,2
2023,table2023.csv,0,0,0,0,0,0,0,1006,HAIKUI,2311,2023,6,0,0,9,115.1,23.2,2
2023,table2023.csv,0,0,0,0,0,0,0,1004,KIROGI,2312,2023,29,18,0,8,154.7,11.3,2
2023,table2023.csv,0,0,0,0,0,0,0,1004,KIROGI,2312,2023,30,0,0,8,154.5,12.2,2
2023,table2023.csv,0,0,0,0,0,0,0,1002,KIROGI,2312,2023,30,6,0,8,154.4,12.8,2
2023,table2023.csv,90,120,1,0,0,0,0,1000,KIROGI,2312,2023,30,12,35,8,154.3,13.3,3
2023,table2023.csv,90,120,1,0,0,0,0,998,KIROGI,2312,2023,30,18,40,8,154.4,14.0,3
2023,table2023.csv,90,150,1,0,0,0,0,998,KIROGI,2312,2023,31,0,40,8,154.5,15.1,3
2023,table2023.csv,90,150,1,0,0,0,0,994,KIROGI,2312,2023,31,6,45,8,154.2,16.7,3
2023,table2023.csv,120,180,1,0,0,0,0,994,KIROGI,2312,2023,31,12,45,8,153.9,18.0,3
2023,table2023.csv,120,180,1,0,0,0,0,994,KIROGI,2312,2023,31,18,45,8,152.9,19.0,3
2023,table2023.csv,120,180,1,0,0,0,0,994,KIROGI,2312,2023,1,0,45,9,151.9,20.4,3
2023,table2023.csv,90,210,1,0,0,0,0,998,KIROGI,2312,2023,1,6,40,9,150.8,22.0,3
2023,table2023.csv,90,210,1,0,0,0,0,998,KIROGI,2312,2023,1,12,40,9,149.4,23.4,3
2023,table2023.csv,90,210,1,0,0,0,0,998,KIROGI,2312,2023,1,18,40,9,148.5,24.4,3
2023,table2023.csv,90,210,1,0,0,0,0,1000,KIROGI,2312,2023,2,0,35,9,147.7,25.4,3
2023,table2023.csv,90,180,1,0,0,0,0,1000,KIROGI,2312,2023,2,6,35,9,146.3,27.1,3
2023,table2023.csv,90,180,1,0,0,0,0,1000,KIROGI,2312,2023,2,12,35,9,144.9,28.6,3
2023,table2023.csv,90,180,1,0,0,0,0,1000,KIROGI,2312,2023,2,18,35,9,143.0,29.1,3
2023,table2023.csv,0,0,0,0,0,0,0,1002,KIROGI,2312,2023,3,0,0,9,142.0,29.5,2
2023,table2023.csv,0,0,0,0,0,0,0,1002,KIROGI,2312,2023,3,6,0,9,140.7,30.2,2
2023,table2023.csv,0,0,0,0,0,0,0,1002,KIROGI,2312,2023,3,12,0,9,139.7,30.5,2
2023,table2023.csv,0,0,0,0,0,0,0,1002,KIROGI,2312,2023,3,18,0,9,138.2,31.2,2
2023,table2023.csv,0,0,0,0,0,0,0,1002,KIROGI,2312,2023,4,0,0,9,137.1,31.8,2
2023,table2023.csv,0,0,0,0,0,0,0,1002,KIROGI,2312,2023,4,6,0,9,135.7,31.8,2
2023,table2023.csv,0,0,0,0,0,0,0,1004,KIROGI,2312,2023,4,12,0,9,134.5,31.6,2
2023,table2023.csv,0,0,0,0,0,0,0,1004,KIROGI,2312,2023,4,18,0,9,133.3,31.5,2
2023,table2023.csv,0,0,0,0,0,0,0,1004,KIROGI,2312,2023,5,0,0,9,131.8,31.1,2
2023,table2023.csv,0,0,0,0,0,0,0,1004,KIROGI,2312,2023,5,6,0,9,132.0,31.0,2
2023,table2023.csv,0,0,0,0,0,0,0,1004,KIROGI,2312,2023,5,12,0,9,132.4,31.2,2
2023,table2023.csv,0,0,0,0,0,0,0,1004,KIROGI,2312,2023,5,18,0,9,132.7,31.8,2
2023,table2023.csv,0,0,0,0,0,0,0,1004,KIROGI,2312,2023,6,0,0,9,133.3,32.1,2
2023,table2023.csv,0,0,0,0,0,0,0,1002,KIROGI,2312,2023,6,6,0,9,134.0,32.1,2
2023,table2023.csv,0,0,0,0,0,0,0,1004,KIROGI,2312,2023,6,12,0,9,134.6,32.1,2
2023,table2023.csv,0,0,0,0,0,0,0,1002,YUN-YEUNG,2313,2023,4,6,0,9,129.4,20.0,2
2023,table2023.csv,0,0,0,0,0,0,0,1002,YUN-YEUNG,2313,2023,4,12,0,9,130.3,20.5,2
2023,table2023.csv,0,0,0,0,0,0,0,1002,YUN-YEUNG,2313,2023,4,18,0,9,130.7,20.9,2
2023,table2023.csv,0,0,0,0,0,0,0,1004,YUN-YEUNG,2313,2023,5,0,0,9,131.0,21.3,2
2023,table2023.csv,0,0,0,0,0,0,0,1002,YUN-YEUNG,2313,2023,5,6,0,9,131.5,21.9,2
2023,table2023.csv,90,150,3,0,0,0,0,1000,YUN-YEUNG,2313,2023,5,12,35,9,131.9,22.7,3
2023,table2023.csv,90,150,3,0,0,0,0,1000,YUN-YEUNG,2313,2023,5,18,35,9,132.5,24.1,3
2023,table2023.csv,90,150,3,0,0,0,0,1000,YUN-YEUNG,2313,2023,6,0,35,9,133.1,25.6,3
2023,table2023.csv,90,120,3,0,0,0,0,998,YUN-YEUNG,2313,2023,6,6,40,9,134.2,26.6,3
2023,table2023.csv,90,120,3,0,0,0,0,998,YUN-YEUNG,2313,2023,6,12,40,9,134.8,27.4,3
2023,table2023.csv,90,150,3,0,0,0,0,998,YUN-YEUNG,2313,2023,6,18,40,9,135.6,28.5,3
2023,table2023.csv,90,150,3,0,0,0,0,998,YUN-YEUNG,2313,2023,7,0,40,9,136.5,29.7,3
2023,table2023.csv,120,150,2,0,0,0,0,998,YUN-YEUNG,2313,2023,7,6,40,9,137.0,30.9,3
2023,table2023.csv,120,180,1,0,0,0,0,998,YUN-YEUNG,2313,2023,7,12,40,9,137.0,31.7,3
2023,table2023.csv,120,180,1,0,0,0,0,998,YUN-YEUNG,2313,2023,7,18,40,9,137.0,32.6,3
2023,table2023.csv,120,180,1,0,0,0,0,998,YUN-YEUNG,2313,2023,8,0,40,9,137.1,32.7,3
2023,table2023.csv,120,180,1,0,0,0,0,1000,YUN-YEUNG,2313,2023,8,6,35,9,137.4,32.6,3
2023,table2023.csv,0,0,0,0,0,0,0,1004,YUN-YEUNG,2313,2023,8,12,0,9,138.0,33.6,2
2023,table2023.csv,0,0,0,0,0,0,0,1006,YUN-YEUNG,2313,2023,8,18,0,9,138.2,34.2,2
2023,table2023.csv,0,0,0,0,0,0,0,1004,KOINU,2314,2023,28,12,0,9,139.0,15.8,2
2023,table2023.csv,0,0,0,0,0,0,0,1004,KOINU,2314,2023,28,18,0,9,137.5,15.6,2
2023,table2023.csv,0,0,0,0,0,0,0,1004,KOINU,2314,2023,29,0,0,9,135.8,15.3,2
2023,table2023.csv,0,0,0,0,0,0,0,1002,KOINU,2314,2023,29,6,0,9,135.1,15.2,2
2023,table2023.csv,0,0,0,0,0,0,0,1004,KOINU,2314,2023,29,12,0,9,134.2,15.6,2
2023,table2023.csv,120,180,5,0,0,0,0,1000,KOINU,2314,2023,29,18,35,9,132.3,15.5,3
2023,table2023.csv,120,180,5,0,0,0,0,1000,KOINU,2314,2023,30,0,35,9,131.8,15.3,3
2023,table2023.csv,120,180,5,0,0,0,0,998,KOINU,2314,2023,30,6,35,9,131.4,16.1,3
2023,table2023.csv,120,180,5,0,0,0,0,996,KOINU,2314,2023,30,12,40,9,130.6,16.5,3
2023,table2023.csv,120,270,4,0,0,0,0,992,KOINU,2314,2023,30,18,45,9,130.2,17.0,3
2023,table2023.csv,120,270,4,0,0,0,0,990,KOINU,2314,2023,1,0,50,10,129.5,17.4,4
2023,table2023.csv,210,300,3,0,0,0,0,990,KOINU,2314,2023,1,6,50,10,128.8,17.9,4
2023,table2023.csv,210,300,3,50,50,9,0,985,KOINU,2314,2023,1,12,55,10,128.4,18.3,4
2023,table2023.csv,210,300,3,50,50,9,0,975,KOINU,2314,2023,1,18,65,10,128.0,18.7,5
2023,table2023.csv,210,300,3,60,60,9,0,965,KOINU,2314,2023,2,0,75,10,127.3,19.2,5
2023,table2023.csv,240,300,3,60,60,9,0,955,KOINU,2314,2023,2,6,80,10,126.6,19.7,5
2023,table2023.csv,300,300,9,80,80,9,0,950,KOINU,2314,2023,2,12,85,10,126.2,20.0,5
2023,table2023.csv,300,300,9,90,90,9,0,940,KOINU,2314,2023,2,18,90,10,125.5,20.2,5
2023,table2023.csv,300,300,9,90,90,9,0,940,KOINU,2314,2023,3,0,90,10,125.1,20.5,5
2023,table2023.csv,300,300,9,90,90,9,0,940,KOINU,2314,2023,3,6,90,10,124.9,21.2,5
2023,table2023.csv,300,300,9,90,90,9,0,940,KOINU,2314,2023,3,12,90,10,124.7,21.7,5
2023,table2023.csv,240,300,7,90,90,9,0,950,KOINU,2314,2023,3,18,85,10,124.0,22.1,5
2023,table2023.csv,240,300,7,90,90,9,0,950,KOINU,2314,2023,4,0,85,10,123.5,22.2,5
2023,table2023.csv,240,300,7,90,90,9,0,940,KOINU,2314,2023,4,6,90,10,122.7,22.2,5
2023,table2023.csv,180,350,8,90,90,9,0,940,KOINU,2314,2023,4,12,90,10,122.0,22.0,5
2023,table2023.csv,180,350,8,90,90,9,0,940,KOINU,2314,2023,4,18,90,10,121.2,22.0,5
2023,table2023.csv,180,350,8,90,180,8,0,960,KOINU,2314,2023,5,0,80,10,120.8,22.0,5
2023,table2023.csv,150,350,1,60,180,8,0,975,KOINU,2314,2023,5,6,70,10,120.0,22.0,5
2023,table2023.csv,150,350,1,60,180,8,0,975,KOINU,2314,2023,5,12,70,10,119.1,22.0,5
2023,table2023.csv,150,150,9,60,60,9,0,980,KOINU,2314,2023,5,18,65,10,118.3,21.9,5
2023,table2023.csv,150,150,9,60,60,9,0,970,KOINU,2314,2023,6,0,75,10,117.7,21.8,5
2023,table2023.csv,120,120,9,60,60,9,0,960,KOINU,2314,2023,6,6,80,10,116.9,21.7,5
2023,table2023.csv,90,120,2,45,45,9,0,960,KOINU,2314,2023,6,12,80,10,116.3,21.5,5
2023,table2023.csv,90,180,2,45,45,9,0,955,KOINU,2314,2023,6,18,85,10,115.7,21.2,5
2023,table2023.csv,120,210,2,45,45,9,0,955,KOINU,2314,2023,7,0,85,10,115.4,21.2,5
2023,table2023.csv,120,210,2,45,45,9,0,955,KOINU,2314,2023,7,6,85,10,115.2,21.2,5
2023,table2023.csv,120,120,9,45,45,9,0,960,KOINU,2314,2023,7,12,80,10,115.1,21.3,5
2023,table2023.csv,120,120,9,45,45,9,0,970,KOINU,2314,2023,7,18,75,10,114.9,21.4,5
2023,table2023.csv,120,120,9,45,45,9,0,975,KOINU,2314,2023,8,0,70,10,114.6,21.5,5
2023,table2023.csv,90,120,4,30,30,9,0,975,KOINU,2314,2023,8,6,70,10,114.3,21.6,5
2023,table2023.csv,90,120,4,30,30,9,0,980,KOINU,2314,2023,8,12,65,10,114.0,21.7,5
2023,table2023.csv,60,60,9,20,20,9,0,992,KOINU,2314,2023,8,18,55,10,113.7,21.8,4
2023,table2023.csv,60,60,9,0,0,0,0,998,KOINU,2314,2023,9,0,45,10,113.3,21.7,3
2023,table2023.csv,0,0,0,0,0,0,0,1010,KOINU,2314,2023,9,6,0,10,112.8,21.4,2
2023,table2023.csv,0,0,0,0,0,0,0,1012,KOINU,2314,2023,9,12,0,10,112.6,21.2,2
2023,table2023.csv,0,0,0,0,0,0,0,1012,KOINU,2314,2023,9,18,0,10,112.4,20.9,2
2023,table2023.csv,0,0,0,0,0,0,0,1006,BOLAVEN,2315,2023,6,6,0,10,155.3,9.4,2
2023,table2023.csv,0,0,0,0,0,0,0,1006,BOLAVEN,2315,2023,6,12,0,10,155.0,9.7,2
2023,table2023.csv,0,0,0,0,0,0,0,1004,BOLAVEN,2315,2023,6,18,0,10,154.8,9.8,2
2023,table2023.csv,0,0,0,0,0,0,0,1004,BOLAVEN,2315,2023,7,0,0,10,154.5,9.9,2
2023,table2023.csv,0,0,0,0,0,0,0,1002,BOLAVEN,2315,2023,7,6,0,10,154.1,9.9,2
2023,table2023.csv,90,120,8,0,0,0,0,1000,BOLAVEN,2315,2023,7,12,35,10,153.7,9.9,3
2023,table2023.csv,90,120,8,0,0,0,0,1000,BOLAVEN,2315,2023,7,18,35,10,153.3,9.9,3
2023,table2023.csv,120,120,9,0,0,0,0,1000,BOLAVEN,2315,2023,8,0,35,10,152.8,9.8,3
2023,table2023.csv,120,120,9,0,0,0,0,998,BOLAVEN,2315,2023,8,6,40,10,152.3,9.8,3
2023,table2023.csv,200,200,9,0,0,0,0,996,BOLAVEN,2315,2023,8,12,45,10,151.6,9.9,3
2023,table2023.csv,240,240,9,0,0,0,0,992,BOLAVEN,2315,2023,8,18,50,10,150.8,10.1,4
2023,table2023.csv,270,270,9,20,20,9,0,990,BOLAVEN,2315,2023,9,0,55,10,150.1,10.5,4
2023,table2023.csv,270,270,9,20,20,9,0,990,BOLAVEN,2315,2023,9,6,55,10,149.3,11.1,4
2023,table2023.csv,270,270,9,20,20,9,0,990,BOLAVEN,2315,2023,9,12,55,10,148.6,11.7,4
2023,table2023.csv,240,270,2,25,25,9,0,985,BOLAVEN,2315,2023,9,18,60,10,147.7,12.7,4
2023,table2023.csv,210,300,2,25,25,9,0,980,BOLAVEN,2315,2023,10,0,65,10,146.6,13.7,5
2023,table2023.csv,210,300,2,30,30,9,0,975,BOLAVEN,2315,2023,10,6,70,10,145.7,14.4,5
2023,table2023.csv,210,300,2,30,30,9,0,970,BOLAVEN,2315,2023,10,12,75,10,144.9,15.1,5
2023,table2023.csv,210,300,2,40,40,9,0,955,BOLAVEN,2315,2023,10,18,85,10,144.5,16.0,5
2023,table2023.csv,210,300,2,55,55,9,0,935,BOLAVEN,2315,2023,11,0,100,10,144.0,17.1,5
2023,table2023.csv,210,300,2,60,60,9,0,910,BOLAVEN,2315,2023,11,6,110,10,143.4,18.2,5
2023,table2023.csv,210,300,2,65,65,9,0,905,BOLAVEN,2315,2023,11,12,115,10,143.0,18.9,5
2023,table2023.csv,210,300,2,65,65,9,0,905,BOLAVEN,2315,2023,11,18,115,10,142.8,19.7,5
2023,table2023.csv,240,300,3,65,65,9,0,905,BOLAVEN,2315,2023,12,0,115,10,142.9,20.6,5
2023,table2023.csv,240,300,3,75,75,9,0,905,BOLAVEN,2315,2023,12,6,115,10,143.4,21.8,5
2023,table2023.csv,240,300,3,110,110,9,0,905,BOLAVEN,2315,2023,12,12,115,10,144.3,22.7,5
2023,table2023.csv,240,350,3,110,110,9,0,920,BOLAVEN,2315,2023,12,18,105,10,145.4,24.0,5
2023,table2023.csv,240,350,3,110,140,3,0,925,BOLAVEN,2315,2023,13,0,100,10,146.9,25.5,5
2023,table2023.csv,240,400,3,110,140,3,0,935,BOLAVEN,2315,2023,13,6,95,10,148.7,27.2,5
2023,table2023.csv,240,400,3,110,140,3,0,935,BOLAVEN,2315,2023,13,12,90,10,151.0,29.2,5
2023,table2023.csv,240,400,3,110,140,3,0,945,BOLAVEN,2315,2023,13,18,85,10,153.5,31.3,5
2023,table2023.csv,240,400,3,120,180,3,0,950,BOLAVEN,2315,2023,14,0,80,10,156.6,34.1,5
2023,table2023.csv,300,400,3,120,200,2,0,950,BOLAVEN,2315,2023,14,6,75,10,160.2,37.1,5
2023,table2023.csv,0,0,0,0,0,0,0,950,BOLAVEN,2315,2023,14,12,0,10,164.6,40.2,6
2023,table2023.csv,0,0,0,0,0,0,0,950,BOLAVEN,2315,2023,14,18,0,10,168.0,42.9,6
2023,table2023.csv,0,0,0,0,0,0,0,952,BOLAVEN,2315,2023,15,0,0,10,170.8,44.3,6
2023,table2023.csv,0,0,0,0,0,0,0,954,BOLAVEN,2315,2023,15,6,0,10,174.9,44.7,6
2023,table2023.csv,0,0,0,0,0,0,0,956,BOLAVEN,2315,2023,15,12,0,10,179.2,45.1,6
2023,table2023.csv,0,0,0,0,0,0,0,956,BOLAVEN,2315,2023,15,18,0,10,183.4,45.3,6
2023,table2023.csv,0,0,0,0,0,0,0,1006,SANBA,2316,2023,17,6,0,10,110.2,15.9,2
2023,table2023.csv,0,0,0,0,0,0,0,1006,SANBA,2316,2023,17,12,0,10,110.0,16.1,2
2023,table2023.csv,0,0,0,0,0,0,0,1006,SANBA,2316,2023,17,18,0,10,109.7,16.5,2
2023,table2023.csv,120,180,1,0,0,0,0,1002,SANBA,2316,2023,18,0,35,10,109.3,17.1,3
2023,table2023.csv,120,180,1,0,0,0,0,1002,SANBA,2316,2023,18,6,35,10,108.7,17.6,3
2023,table2023.csv,120,180,1,0,0,0,0,1002,SANBA,2316,2023,18,12,35,10,108.3,18.3,3
2023,table2023.csv,120,210,2,0,0,0,0,1002,SANBA,2316,2023,18,18,35,10,108.4,18.7,3
2023,table2023.csv,120,210,2,0,0,0,0,1002,SANBA,2316,2023,19,0,35,10,108.7,19.4,3
2023,table2023.csv,120,180,2,0,0,0,0,1002,SANBA,2316,2023,19,6,35,10,109.0,20.0,3
2023,table2023.csv,150,150,9,0,0,0,0,1000,SANBA,2316,2023,19,12,40,10,109.4,21.0,3
2023,table2023.csv,150,150,9,0,0,0,0,1002,SANBA,2316,2023,19,18,35,10,109.5,21.4,3
2023,table2023.csv,0,0,0,0,0,0,0,1008,SANBA,2316,2023,20,0,0,10,109.8,21.4,2
2023,table2023.csv,0,0,0,0,0,0,0,1008,SANBA,2316,2023,20,6,0,10,109.7,20.9,2
2023,table2023.csv,0,0,0,0,0,0,0,1006,JELAWAT,2317,2023,15,12,0,12,138.2,6.7,2
2023,table2023.csv,0,0,0,0,0,0,0,1004,JELAWAT,2317,2023,15,18,0,12,136.0,6.9,2
2023,table2023.csv,0,0,0,0,0,0,0,1006,JELAWAT,2317,2023,16,0,0,12,134.8,6.9,2
2023,table2023.csv,0,0,0,0,0,0,0,1004,JELAWAT,2317,2023,16,6,0,12,133.3,6.9,2
2023,table2023.csv,0,0,0,0,0,0,0,1006,JELAWAT,2317,2023,16,12,0,12,131.9,7.0,2
2023,table2023.csv,0,0,0,0,0,0,0,1004,JELAWAT,2317,2023,16,18,0,12,131.1,6.9,2
2023,table2023.csv,0,0,0,0,0,0,0,1006,JELAWAT,2317,2023,17,0,0,12,130.3,6.9,2
2023,table2023.csv,120,210,7,0,0,0,0,1002,JELAWAT,2317,2023,17,6,35,12,129.6,7.5,3
2023,table2023.csv,60,180,8,0,0,0,0,1002,JELAWAT,2317,2023,17,12,35,12,128.5,7.4,3
2023,table2023.csv,60,180,8,0,0,0,0,1002,JELAWAT,2317,2023,17,18,35,12,127.4,7.4,3
2023,table2023.csv,0,0,0,0,0,0,0,1008,JELAWAT,2317,2023,18,0,0,12,126.3,7.4,2
2023,table2023.csv,0,0,0,0,0,0,0,1006,JELAWAT,2317,2023,18,6,0,12,123.9,7.3,2
2024,table2024.csv,0,0,0,0,0,0,0,1004,EWINIAR,2401,2024,23,18,0,5,129.6,8.3,2
2024,table2024.csv,0,0,0,0,0,0,0,1006,EWINIAR,2401,2024,24,0,0,5,128.3,8.5,2
2024,table2024.csv,0,0,0,0,0,0,0,1004,EWINIAR,2401,2024,24,6,0,5,127.5,9.4,2
2024,table2024.csv,0,0,0,0,0,0,0,1006,EWINIAR,2401,2024,24,12,0,5,126.3,10.3,2
2024,table2024.csv,0,0,0,0,0,0,0,1004,EWINIAR,2401,2024,24,18,0,5,125.3,11.3,2
2024,table2024.csv,0,0,0,0,0,0,0,1006,EWINIAR,2401,2024,25,0,0,5,123.8,12.3,2
2024,table2024.csv,0,0,0,0,0,0,0,1004,EWINIAR,2401,2024,25,6,0,5,123.2,12.8,2
2024,table2024.csv,30,30,9,0,0,0,0,1002,EWINIAR,2401,2024,25,12,35,5,122.3,13.4,3
2024,table2024.csv,30,30,9,0,0,0,0,998,EWINIAR,2401,2024,25,18,45,5,121.8,13.7,3
2024,table2024.csv,60,60,9,0,0,0,0,994,EWINIAR,2401,2024,26,0,50,5,121.4,14.1,4
2024,table2024.csv,60,60,9,20,20,9,0,990,EWINIAR,2401,2024,26,6,55,5,121.7,14.3,4
2024,table2024.csv,60,60,9,20,20,9,0,980,EWINIAR,2401,2024,26,12,65,5,122.2,14.9,5
2024,table2024.csv,60,60,9,20,20,9,0,975,EWINIAR,2401,2024,26,18,70,5,122.5,15.5,5
2024,table2024.csv,90,90,9,20,20,9,0,970,EWINIAR,2401,2024,27,0,75,5,122.8,15.8,5
2024,table2024.csv,60,120,3,20,20,9,0,970,EWINIAR,2401,2024,27,6,70,5,123.5,16.4,5
2024,table2024.csv,60,120,3,20,20,9,0,970,EWINIAR,2401,2024,27,12,70,5,123.9,17.2,5
2024,table2024.csv,60,120,3,20,20,9,0,970,EWINIAR,2401,2024,27,18,70,5,124.5,17.8,5
2024,table2024.csv,90,150,3,30,30,9,0,975,EWINIAR,2401,2024,28,0,65,5,125.5,18.5,5
2024,table2024.csv,90,150,3,30,30,9,0,975,EWINIAR,2401,2024,28,6,65,5,126.6,19.8,5
2024,table2024.csv,90,150,3,30,30,9,0,975,EWINIAR,2401,2024,28,12,65,5,128.2,21.1,5
2024,table2024.csv,90,150,3,30,30,9,0,975,EWINIAR,2401,2024,28,18,65,5,129.3,23.0,5
2024,table2024.csv,90,150,3,20,40,4,0,980,EWINIAR,2401,2024,29,0,60,5,130.9,24.3,4
2024,table2024.csv,90,150,3,20,40,4,0,980,EWINIAR,2401,2024,29,3,60,5,131.6,24.9,4
2024,table2024.csv,90,150,3,20,40,4,0,980,EWINIAR,2401,2024,29,6,60,5,132.2,25.6,4
2024,table2024.csv,90,150,3,20,40,4,0,985,EWINIAR,2401,2024,29,12,55,5,133.1,26.4,4
2024,table2024.csv,90,150,3,0,0,0,0,990,EWINIAR,2401,2024,29,18,50,5,134.0,27.5,4
2024,table2024.csv,60,180,3,0,0,0,0,992,EWINIAR,2401,2024,30,0,45,5,134.7,28.0,3
2024,table2024.csv,60,180,3,0,0,0,0,996,EWINIAR,2401,2024,30,6,40,5,135.9,28.9,3
2024,table2024.csv,60,180,3,0,0,0,0,996,EWINIAR,2401,2024,30,12,40,5,136.9,29.8,3
2024,table2024.csv,0,0,0,0,0,0,0,998,EWINIAR,2401,2024,30,18,0,5,137.7,31.4,6
2024,table2024.csv,0,0,0,0,0,0,0,1000,EWINIAR,2401,2024,31,0,0,5,140.1,33.0,6
2024,table2024.csv,0,0,0,0,0,0,0,996,EWINIAR,2401,2024,31,6,0,5,143.2,34.9,6
2024,table2024.csv,0,0,0,0,0,0,0,994,EWINIAR,2401,2024,31,12,0,5,146.8,36.5,6
2024,table2024.csv,0,0,0,0,0,0,0,992,EWINIAR,2401,2024,31,18,0,5,150.9,38.0,6
2024,table2024.csv,0,0,0,0,0,0,0,992,EWINIAR,2401,2024,1,0,0,6,155.1,39.1,6
2024,table2024.csv,0,0,0,0,0,0,0,992,EWINIAR,2401,2024,1,6,0,6,159.2,40.5,6
2024,table2024.csv,0,0,0,0,0,0,0,992,EWINIAR,2401,2024,1,12,0,6,162.9,41.5,6
2024,table2024.csv,0,0,0,0,0,0,0,992,EWINIAR,2401,2024,1,18,0,6,168.5,43.0,6
2024,table2024.csv,0,0,0,0,0,0,0,992,EWINIAR,2401,2024,2,0,0,6,174.3,44.6,6
2024,table2024.csv,0,0,0,0,0,0,0,992,EWINIAR,2401,2024,2,6,0,6,179.1,46.2,6
2024,table2024.csv,0,0,0,0,0,0,0,988,EWINIAR,2401,2024,2,12,0,6,184.9,47.9,6
2024,table2024.csv,0,0,0,0,0,0,0,1002,MALIKSI,2402,2024,30,0,0,5,111.9,18.0,2
2024,table2024.csv,0,0,0,0,0,0,0,1000,MALIKSI,2402,2024,30,6,0,5,111.9,18.2,2
2024,table2024.csv,0,0,0,0,0,0,0,1000,MALIKSI,2402,2024,30,12,0,5,111.9,18.3,2
2024,table2024.csv,0,0,0,0,0,0,0,1000,MALIKSI,2402,2024,30,18,0,5,112.2,18.9,2
2024,table2024.csv,60,180,4,0,0,0,0,998,MALIKSI,2402,2024,31,0,35,5,112.6,19.8,3
2024,table2024.csv,60,180,4,0,0,0,0,998,MALIKSI,2402,2024,31,6,35,5,111.9,20.3,3
2024,table2024.csv,0,0,0,0,0,0,0,1000,MALIKSI,2402,2024,31,12,0,5,111.3,21.2,2
2024,table2024.csv,0,0,0,0,0,0,0,1000,MALIKSI,2402,2024,31,18,0,5,111.5,21.8,2
2024,table2024.csv,0,0,0,0,0,0,0,1004,MALIKSI,2402,2024,1,0,0,6,111.8,22.4,2
2024,table2024.csv,0,0,0,0,0,0,0,1004,MALIKSI,2402,2024,1,6,0,6,112.3,23.5,2
2024,table2024.csv,0,0,0,0,0,0,0,1004,MALIKSI,2402,2024,1,12,0,6,113.4,24.0,2
2024,table2024.csv,0,0,0,0,0,0,0,1006,MALIKSI,2402,2024,1,18,0,6,115.2,24.8,2
2024,table2024.csv,0,0,0,0,0,0,0,1006,MALIKSI,2402,2024,2,0,0,6,116.4,24.9,6
2024,table2024.csv,0,0,0,0,0,0,0,1004,MALIKSI,2402,2024,2,6,0,6,120.0,24.8,6
2024,table2024.csv,0,0,0,0,0,0,0,1004,MALIKSI,2402,2024,2,12,0,6,123.3,23.8,6
2024,table2024.csv,0,0,0,0,0,0,0,1002,MALIKSI,2402,2024,2,18,0,6,124.2,23.8,6
2024,table2024.csv,0,0,0,0,0,0,0,1004,MALIKSI,2402,2024,3,0,0,6,126.4,23.9,6
2024,table2024.csv,0,0,0,0,0,0,0,1002,MALIKSI,2402,2024,3,6,0,6,128.2,24.0,6
2024,table2024.csv,0,0,0,0,0,0,0,1002,MALIKSI,2402,2024,3,12,0,6,129.8,24.1,6
2024,table2024.csv,0,0,0,0,0,0,0,1002,MALIKSI,2402,2024,3,18,0,6,131.6,24.5,6
2024,table2024.csv,0,0,0,0,0,0,0,1004,MALIKSI,2402,2024,4,0,0,6,133.7,24.8,6
2024,table2024.csv,0,0,0,0,0,0,0,1004,MALIKSI,2402,2024,4,6,0,6,135.1,24.8,6
2024,table2024.csv,0,0,0,0,0,0,0,1006,MALIKSI,2402,2024,4,12,0,6,136.4,24.9,6
2024,table2024.csv,0,0,0,0,0,0,0,1008,MALIKSI,2402,2024,4,18,0,6,137.3,24.9,6
2024,table2024.csv,0,0,0,0,0,0,0,1010,MALIKSI,2402,2024,5,0,0,6,138.0,24.8,6
2024,table2024.csv,0,0,0,0,0,0,0,1010,MALIKSI,2402,2024,5,6,0,6,139.0,24.8,6
2024,table2024.csv,0,0,0,0,0,0,0,1004,GAEMI,2403,2024,19,0,0,7,133.1,11.4,2
2024,table2024.csv,0,0,0,0,0,0,0,1004,GAEMI,2403,2024,19,6,0,7,132.3,12.6,2
2024,table2024.csv,0,0,0,0,0,0,0,1006,GAEMI,2403,2024,19,12,0,7,131.3,14.1,2
2024,table2024.csv,0,0,0,0,0,0,0,1004,GAEMI,2403,2024,19,18,0,7,129.6,14.9,2
2024,table2024.csv,180,180,9,0,0,0,0,1002,GAEMI,2403,2024,20,0,35,7,128.5,15.5,3
2024,table2024.csv,180,180,9,0,0,0,0,1000,GAEMI,2403,2024,20,6,40,7,127.5,16.2,3
2024,table2024.csv,180,180,9,0,0,0,0,998,GAEMI,2403,2024,20,12,40,7,126.8,16.3,3
2024,table2024.csv,180,180,9,0,0,0,0,998,GAEMI,2403,2024,20,18,40,7,126.2,16.3,3
2024,table2024.csv,180,180,9,0,0,0,0,994,GAEMI,2403,2024,21,0,45,7,125.7,16.4,3
2024,table2024.csv,180,180,9,0,0,0,0,992,GAEMI,2403,2024,21,6,50,7,125.6,16.4,4
2024,table2024.csv,180,180,9,0,0,0,0,992,GAEMI,2403,2024,21,12,50,7,125.5,16.5,4
2024,table2024.csv,240,240,9,20,20,9,0,985,GAEMI,2403,2024,21,18,60,7,125.5,16.8,4
2024,table2024.csv,240,240,9,30,30,9,0,980,GAEMI,2403,2024,22,0,65,7,125.5,17.2,5
2024,table2024.csv,240,240,9,40,40,9,0,980,GAEMI,2403,2024,22,6,65,7,125.5,17.7,5
2024,table2024.csv,270,350,3,50,50,9,0,980,GAEMI,2403,2024,22,12,65,7,125.4,18.2,5
2024,table2024.csv,270,350,3,60,60,9,0,975,GAEMI,2403,2024,22,18,70,7,125.2,18.7,5
2024,table2024.csv,270,350,3,60,60,9,0,970,GAEMI,2403,2024,23,0,75,7,125.1,19.5,5
2024,table2024.csv,270,350,3,60,60,9,0,970,GAEMI,2403,2024,23,6,75,7,125.0,20.7,5
2024,table2024.csv,270,375,3,60,60,9,0,965,GAEMI,2403,2024,23,12,75,7,124.5,22.0,5
2024,table2024.csv,270,375,3,60,60,9,0,955,GAEMI,2403,2024,23,15,80,7,123.9,22.6,5
2024,table2024.csv,270,375,3,60,60,9,0,950,GAEMI,2403,2024,23,18,85,7,123.5,22.8,5
2024,table2024.csv,270,375,3,60,60,9,0,945,GAEMI,2403,2024,23,21,85,7,123.4,23.1,5
2024,table2024.csv,270,375,2,50,70,4,0,945,GAEMI,2403,2024,24,0,85,7,123.2,23.6,5
2024,table2024.csv,270,375,2,50,70,4,0,935,GAEMI,2403,2024,24,3,90,7,122.9,23.9,5
2024,table2024.csv,270,375,2,50,70,4,0,935,GAEMI,2403,2024,24,6,90,7,122.5,24.2,5
2024,table2024.csv,270,375,2,70,90,3,0,950,GAEMI,2403,2024,24,9,75,7,121.9,24.1,5
2024,table2024.csv,270,375,2,70,90,3,0,960,GAEMI,2403,2024,24,12,65,7,121.6,23.5,5
2024,table2024.csv,270,375,2,70,90,3,0,970,GAEMI,2403,2024,24,15,60,7,121.8,24.1,4
2024,table2024.csv,270,375,2,70,90,3,0,970,GAEMI,2403,2024,24,18,60,7,121.4,24.8,4
2024,table2024.csv,270,400,4,70,90,3,0,970,GAEMI,2403,2024,25,0,60,7,120.3,25.1,4
2024,table2024.csv,270,400,4,70,90,3,0,975,GAEMI,2403,2024,25,6,55,7,119.7,25.2,4
2024,table2024.csv,270,400,4,0,0,0,0,980,GAEMI,2403,2024,25,12,50,7,119.2,25.4,4
2024,table2024.csv,270,400,4,0,0,0,0,980,GAEMI,2403,2024,25,18,45,7,118.9,25.7,3
2024,table2024.csv,270,400,4,0,0,0,0,985,GAEMI,2403,2024,26,0,40,7,118.3,26.4,3
2024,table2024.csv,270,400,4,0,0,0,0,988,GAEMI,2403,2024,26,6,35,7,117.7,27.5,3
2024,table2024.csv,270,400,4,0,0,0,0,990,GAEMI,2403,2024,26,12,35,7,116.8,27.9,3
2024,table2024.csv,0,0,0,0,0,0,0,992,GAEMI,2403,2024,26,18,0,7,115.9,27.9,2
2024,table2024.csv,0,0,0,0,0,0,0,996,GAEMI,2403,2024,27,0,0,7,115.2,28.4,2
2024,table2024.csv,0,0,0,0,0,0,0,996,GAEMI,2403,2024,27,6,0,7,114.7,28.6,2
2024,table2024.csv,0,0,0,0,0,0,0,998,GAEMI,2403,2024,27,12,0,7,114.0,29.1,2
2024,table2024.csv,0,0,0,0,0,0,0,998,GAEMI,2403,2024,27,18,0,7,113.6,29.6,2
2024,table2024.csv,0,0,0,0,0,0,0,1000,GAEMI,2403,2024,28,0,0,7,112.6,29.9,2
2024,table2024.csv,0,0,0,0,0,0,0,998,GAEMI,2403,2024,28,6,0,7,110.9,29.5,2
2024,table2024.csv,0,0,0,0,0,0,0,998,GAEMI,2403,2024,28,12,0,7,109.5,29.8,2
2024,table2024.csv,0,0,0,0,0,0,0,998,GAEMI,2403,2024,28,18,0,7,108.7,30.2,2
2024,table2024.csv,0,0,0,0,0,0,0,1002,PRAPIROON,2404,2024,20,0,0,7,115.6,14.6,2
2024,table2024.csv,0,0,0,0,0,0,0,1002,PRAPIROON,2404,2024,20,6,0,7,115.1,15.3,2
2024,table2024.csv,0,0,0,0,0,0,0,1002,PRAPIROON,2404,2024,20,12,0,7,113.6,15.7,2
2024,table2024.csv,0,0,0,0,0,0,0,1000,PRAPIROON,2404,2024,20,18,0,7,112.1,16.1,2
2024,table2024.csv,90,90,9,0,0,0,0,998,PRAPIROON,2404,2024,21,0,35,7,111.3,16.0,3
2024,table2024.csv,90,90,9,0,0,0,0,998,PRAPIROON,2404,2024,21,6,35,7,111.1,16.6,3
2024,table2024.csv,120,120,9,0,0,0,0,996,PRAPIROON,2404,2024,21,12,40,7,110.6,17.5,3
2024,table2024.csv,120,120,9,0,0,0,0,992,PRAPIROON,2404,2024,21,18,45,7,110.2,18.6,3
2024,table2024.csv,120,120,9,0,0,0,0,990,PRAPIROON,2404,2024,22,0,50,7,109.2,19.5,4
2024,table2024.csv,120,120,9,30,30,9,0,985,PRAPIROON,2404,2024,22,6,55,7,108.5,20.1,4
2024,table2024.csv,120,120,9,30,30,9,0,985,PRAPIROON,2404,2024,22,12,55,7,108.1,20.5,4
2024,table2024.csv,120,120,9,30,30,9,0,985,PRAPIROON,2404,2024,22,18,55,7,107.8,21.1,4
2024,table2024.csv,120,120,9,0,0,0,0,990,PRAPIROON,2404,2024,23,0,45,7,107.5,21.5,3
2024,table2024.csv,120,120,9,0,0,0,0,992,PRAPIROON,2404,2024,23,6,35,7,107.6,21.6,3
2024,table2024.csv,0,0,0,0,0,0,0,994,PRAPIROON,2404,2024,23,12,0,7,106.7,21.5,2
2024,table2024.csv,0,0,0,0,0,0,0,994,PRAPIROON,2404,2024,23,18,0,7,106.4,21.5,2
2024,table2024.csv,0,0,0,0,0,0,0,994,PRAPIROON,2404,2024,24,0,0,7,106.5,21.6,2
2024,table2024.csv,0,0,0,0,0,0,0,994,PRAPIROON,2404,2024,24,6,0,7,106.6,21.7,2
2024,table2024.csv,0,0,0,0,0,0,0,994,PRAPIROON,2404,2024,24,12,0,7,106.6,21.7,2
2024,table2024.csv,0,0,0,0,0,0,0,994,PRAPIROON,2404,2024,24,18,0,7,107.4,20.8,2
2024,table2024.csv,0,0,0,0,0,0,0,1004,MARIA,2405,2024,5,6,0,8,140.8,24.0,2
2024,table2024.csv,0,0,0,0,0,0,0,1004,MARIA,2405,2024,5,12,0,8,140.3,24.1,2
2024,table2024.csv,0,0,0,0,0,0,0,1002,MARIA,2405,2024,5,18,0,8,140.1,24.4,2
2024,table2024.csv,0,0,0,0,0,0,0,1004,MARIA,2405,2024,6,0,0,8,140.2,25.0,2
2024,table2024.csv,0,0,0,0,0,0,0,1002,MARIA,2405,2024,6,6,0,8,140.3,25.5,2
2024,table2024.csv,0,0,0,0,0,0,0,1000,MARIA,2405,2024,6,12,0,8,140.8,26.0,2
2024,table2024.csv,0,0,0,0,0,0,0,998,MARIA,2405,2024,6,18,0,8,141.1,26.1,2
2024,table2024.csv,0,0,0,0,0,0,0,998,MARIA,2405,2024,7,0,0,8,141.2,26.1,2
2024,table2024.csv,0,0,0,0,0,0,0,998,MARIA,2405,2024,7,6,0,8,141.4,25.8,2
2024,table2024.csv,0,0,0,0,0,0,0,998,MARIA,2405,2024,7,12,0,8,142.2,25.6,2
2024,table2024.csv,90,120,3,0,0,0,0,996,MARIA,2405,2024,7,18,35,8,142.7,25.7,3
2024,table2024.csv,90,150,3,0,0,0,0,994,MARIA,2405,2024,8,0,40,8,144.0,26.6,3
2024,table2024.csv,90,150,3,0,0,0,0,990,MARIA,2405,2024,8,6,45,8,144.7,27.6,3
2024,table2024.csv,90,150,3,0,0,0,0,985,MARIA,2405,2024,8,12,50,8,145.3,28.7,4
2024,table2024.csv,120,250,2,30,30,9,0,980,MARIA,2405,2024,8,18,55,8,145.6,29.8,4
2024,table2024.csv,120,250,2,30,30,9,0,980,MARIA,2405,2024,9,0,55,8,146.0,30.8,4
2024,table2024.csv,120,250,2,30,30,9,0,980,MARIA,2405,2024,9,6,55,8,146.0,32.4,4
2024,table2024.csv,120,250,2,30,30,9,0,980,MARIA,2405,2024,9,12,55,8,145.9,33.3,4
2024,table2024.csv,120,250,1,30,30,9,0,980,MARIA,2405,2024,9,18,55,8,146.0,34.2,4
2024,table2024.csv,150,280,1,0,0,0,0,985,MARIA,2405,2024,10,0,45,8,146.0,35.0,3
2024,table2024.csv,150,280,1,0,0,0,0,985,MARIA,2405,2024,10,6,45,8,145.5,36.0,3
2024,table2024.csv,180,280,1,0,0,0,0,980,MARIA,2405,2024,10,12,50,8,145.2,36.5,4
2024,table2024.csv,180,280,1,0,0,0,0,980,MARIA,2405,2024,10,18,50,8,145.0,36.9,4
2024,table2024.csv,180,280,1,0,0,0,0,980,MARIA,2405,2024,11,0,50,8,144.4,37.6,4
2024,table2024.csv,150,270,1,0,0,0,0,980,MARIA,2405,2024,11,6,50,8,143.9,37.7,4
2024,table2024.csv,150,270,1,0,0,0,0,980,MARIA,2405,2024,11,9,50,8,143.6,37.8,4
2024,table2024.csv,150,240,1,0,0,0,0,980,MARIA,2405,2024,11,12,50,8,143.4,37.9,4
2024,table2024.csv,150,240,1,0,0,0,0,980,MARIA,2405,2024,11,15,50,8,143.0,38.0,4
2024,table2024.csv,150,240,1,0,0,0,0,980,MARIA,2405,2024,11,18,50,8,142.6,38.3,4
2024,table2024.csv,150,240,1,0,0,0,0,985,MARIA,2405,2024,11,21,50,8,142.1,38.7,4
2024,table2024.csv,150,240,1,0,0,0,1,985,MARIA,2405,2024,11,23,50,8,141.8,38.9,4
2024,table2024.csv,120,240,1,0,0,0,0,992,MARIA,2405,2024,12,0,45,8,141.7,39.0,3
2024,table2024.csv,120,180,1,0,0,0,0,994,MARIA,2405,2024,12,3,40,8,141.2,39.3,3
2024,table2024.csv,0,0,0,0,0,0,0,998,MARIA,2405,2024,12,6,0,8,140.5,39.9,2
2024,table2024.csv,0,0,0,0,0,0,0,1002,MARIA,2405,2024,12,12,0,8,139.8,40.4,2
2024,table2024.csv,0,0,0,0,0,0,0,1002,MARIA,2405,2024,12,18,0,8,139.4,41.1,2
2024,table2024.csv,0,0,0,0,0,0,0,1004,MARIA,2405,2024,13,0,0,8,139.0,41.4,2
2024,table2024.csv,0,0,0,0,0,0,0,1004,MARIA,2405,2024,13,6,0,8,139.0,42.3,2
2024,table2024.csv,0,0,0,0,0,0,0,1006,MARIA,2405,2024,13,12,0,8,139.0,42.2,2
2024,table2024.csv,0,0,0,0,0,0,0,1006,MARIA,2405,2024,13,18,0,8,139.0,42.2,2
2024,table2024.csv,0,0,0,0,0,0,0,1006,MARIA,2405,2024,14,0,0,8,139.4,41.4,2
2024,table2024.csv,0,0,0,0,0,0,0,1006,MARIA,2405,2024,14,6,0,8,140.2,41.2,2
2024,table2024.csv,0,0,0,0,0,0,0,1006,MARIA,2405,2024,14,12,0,8,141.5,41.6,2
2024,table2024.csv,0,0,0,0,0,0,0,1000,SON-TINH,2406,2024,10,12,0,8,154.1,26.5,2
2024,table2024.csv,0,0,0,0,0,0,0,998,SON-TINH,2406,2024,10,18,0,8,155.0,26.8,2
2024,table2024.csv,60,180,2,0,0,0,0,996,SON-TINH,2406,2024,11,0,35,8,155.1,27.4,3
2024,table2024.csv,60,180,2,0,0,0,0,996,SON-TINH,2406,2024,11,6,35,8,155.0,27.8,3
2024,table2024.csv,60,180,2,0,0,0,0,994,SON-TINH,2406,2024,11,12,40,8,154.5,28.8,3
2024,table2024.csv,60,180,2,0,0,0,0,996,SON-TINH,2406,2024,11,18,35,8,154.4,30.2,3
2024,table2024.csv,60,180,2,0,0,0,0,998,SON-TINH,2406,2024,12,0,35,8,152.5,31.5,3
2024,table2024.csv,60,180,2,0,0,0,0,998,SON-TINH,2406,2024,12,6,35,8,151.5,32.3,3
2024,table2024.csv,60,180,2,0,0,0,0,998,SON-TINH,2406,2024,12,12,35,8,150.5,32.9,3
2024,table2024.csv,60,180,2,0,0,0,0,998,SON-TINH,2406,2024,12,18,35,8,149.2,34.2,3
2024,table2024.csv,60,150,2,0,0,0,0,1000,SON-TINH,2406,2024,13,0,35,8,147.8,35.2,3
2024,table2024.csv,60,150,2,0,0,0,0,1000,SON-TINH,2406,2024,13,6,35,8,146.7,36.1,3
2024,table2024.csv,0,0,0,0,0,0,0,1004,SON-TINH,2406,2024,13,12,0,8,146.0,37.0,2
2024,table2024.csv,0,0,0,0,0,0,0,1006,SON-TINH,2406,2024,13,18,0,8,145.6,38.7,2
2024,table2024.csv,0,0,0,0,0,0,0,1006,SON-TINH,2406,2024,14,0,0,8,145.7,39.8,2
2024,table2024.csv,0,0,0,0,0,0,0,1006,SON-TINH,2406,2024,14,6,0,8,146.5,41.7,2
2024,table2024.csv,0,0,0,0,0,0,0,1004,SON-TINH,2406,2024,14,12,0,8,148.0,43.4,2
2024,table2024.csv,0,0,0,0,0,0,0,1004,SON-TINH,2406,2024,14,18,0,8,150.4,44.6,2
2024,table2024.csv,0,0,0,0,0,0,0,1002,SON-TINH,2406,2024,15,0,0,8,154.7,47.3,6
2024,table2024.csv,0,0,0,0,0,0,0,1000,SON-TINH,2406,2024,15,6,0,8,157.7,47.5,6
2024,table2024.csv,0,0,0,0,0,0,0,996,SON-TINH,2406,2024,15,12,0,8,161.0,47.6,6
2024,table2024.csv,0,0,0,0,0,0,0,992,SON-TINH,2406,2024,15,18,0,8,164.4,47.0,6
2024,table2024.csv,0,0,0,0,0,0,0,990,SON-TINH,2406,2024,16,0,0,8,168.4,45.7,6
2024,table2024.csv,0,0,0,0,0,0,0,988,SON-TINH,2406,2024,16,6,0,8,173.1,45.8,6
2024,table2024.csv,0,0,0,0,0,0,0,986,SON-TINH,2406,2024,16,12,0,8,176.3,47.8,6
2024,table2024.csv,0,0,0,0,0,0,0,984,SON-TINH,2406,2024,16,18,0,8,179.0,50.9,6
2024,table2024.csv,0,0,0,0,0,0,0,978,SON-TINH,2406,2024,17,0,0,8,180.9,53.6,6
2024,table2024.csv,0,0,0,0,0,0,0,1002,AMPIL,2407,2024,11,12,0,8,134.9,21.7,2
2024,table2024.csv,0,0,0,0,0,0,0,1000,AMPIL,2407,2024,11,18,0,8,135.4,22.0,2
2024,table2024.csv,0,0,0,0,0,0,0,1000,AMPIL,2407,2024,12,0,0,8,135.8,22.4,2
2024,table2024.csv,0,0,0,0,0,0,0,998,AMPIL,2407,2024,12,6,0,8,136.1,22.7,2
2024,table2024.csv,90,120,3,0,0,0,0,996,AMPIL,2407,2024,12,12,35,8,136.6,23.1,3
2024,table2024.csv,90,120,3,0,0,0,0,996,AMPIL,2407,2024,12,18,35,8,137.1,23.6,3
2024,table2024.csv,90,120,3,0,0,0,0,994,AMPIL,2407,2024,13,0,40,8,137.9,24.2,3
2024,table2024.csv,90,120,3,0,0,0,0,990,AMPIL,2407,2024,13,6,45,8,138.7,24.7,3
2024,table2024.csv,90,150,3,30,30,9,0,985,AMPIL,2407,2024,13,12,55,8,139.0,25.3,4
2024,table2024.csv,90,150,3,30,40,3,0,975,AMPIL,2407,2024,13,18,60,8,139.4,25.5,4
2024,table2024.csv,120,150,3,30,50,3,0,975,AMPIL,2407,2024,14,0,60,8,140.3,26.1,4
2024,table2024.csv,120,150,3,30,50,3,0,975,AMPIL,2407,2024,14,6,60,8,140.9,26.8,4
2024,table2024.csv,120,210,3,30,50,3,0,975,AMPIL,2407,2024,14,12,60,8,141.3,27.5,4
2024,table2024.csv,120,240,3,40,60,3,0,975,AMPIL,2407,2024,14,18,60,8,141.3,28.5,4
2024,table2024.csv,150,270,3,40,60,3,0,970,AMPIL,2407,2024,15,0,65,8,141.2,29.5,5
2024,table2024.csv,150,270,3,50,70,3,0,965,AMPIL,2407,2024,15,6,70,8,141.1,30.6,5
2024,table2024.csv,150,270,3,50,70,3,0,955,AMPIL,2407,2024,15,9,80,8,141.0,31.1,5
2024,table2024.csv,150,270,3,60,90,3,0,950,AMPIL,2407,2024,15,12,85,8,140.8,31.6,5
2024,table2024.csv,150,270,3,60,90,3,0,950,AMPIL,2407,2024,15,15,85,8,140.8,32.0,5
2024,table2024.csv,150,240,3,50,90,3,0,950,AMPIL,2407,2024,15,18,85,8,140.8,32.6,5
2024,table2024.csv,150,240,3,50,90,3,0,950,AMPIL,2407,2024,15,21,85,8,140.9,33.2,5
2024,table2024.csv,150,240,3,50,90,3,0,950,AMPIL,2407,2024,16,0,85,8,140.7,33.5,5
2024,table2024.csv,150,240,3,50,90,3,0,950,AMPIL,2407,2024,16,3,85,8,140.8,33.8,5
2024,table2024.csv,150,240,3,50,90,3,0,950,AMPIL,2407,2024,16,6,85,8,141.1,34.1,5
2024,table2024.csv,120,210,3,50,90,3,0,950,AMPIL,2407,2024,16,9,85,8,141.7,34.5,5
2024,table2024.csv,120,210,3,50,90,3,0,950,AMPIL,2407,2024,16,12,85,8,142.0,35.0,5
2024,table2024.csv,120,210,3,50,90,3,0,950,AMPIL,2407,2024,16,15,85,8,142.3,35.5,5
2024,table2024.csv,120,210,3,50,90,3,0,950,AMPIL,2407,2024,16,18,85,8,142.9,35.9,5
2024,table2024.csv,120,210,3,40,70,3,0,950,AMPIL,2407,2024,17,0,85,8,143.8,36.6,5
2024,table2024.csv,120,210,3,40,70,3,0,955,AMPIL,2407,2024,17,6,70,8,145.6,37.3,5
2024,table2024.csv,120,210,3,40,70,3,0,960,AMPIL,2407,2024,17,12,65,8,148.2,37.3,5
2024,table2024.csv,150,240,3,40,70,3,0,965,AMPIL,2407,2024,17,18,60,8,150.1,38.3,4
2024,table2024.csv,180,270,3,60,90,3,0,970,AMPIL,2407,2024,18,0,55,8,152.8,39.5,4
2024,table2024.csv,210,300,2,60,90,3,0,970,AMPIL,2407,2024,18,6,55,8,155.3,40.5,4
2024,table2024.csv,270,400,2,0,0,0,0,975,AMPIL,2407,2024,18,12,50,8,158.0,41.8,4
2024,table2024.csv,270,400,2,0,0,0,0,975,AMPIL,2407,2024,18,18,50,8,160.7,43.1,4
2024,table2024.csv,0,0,0,0,0,0,0,976,AMPIL,2407,2024,19,0,0,8,162.5,44.2,6
2024,table2024.csv,0,0,0,0,0,0,0,976,AMPIL,2407,2024,19,6,0,8,164.8,46.1,6
2024,table2024.csv,0,0,0,0,0,0,0,976,AMPIL,2407,2024,19,12,0,8,167.8,47.9,6
2024,table2024.csv,0,0,0,0,0,0,0,972,AMPIL,2407,2024,19,18,0,8,170.4,50.7,6
2024,table2024.csv,0,0,0,0,0,0,0,964,AMPIL,2407,2024,20,0,0,8,170.6,53.9,6
2024,table2024.csv,0,0,0,0,0,0,0,960,AMPIL,2407,2024,20,6,0,8,170.5,55.5,6
2024,table2024.csv,0,0,0,0,0,0,0,962,AMPIL,2407,2024,20,12,0,8,171.4,56.9,6
2024,table2024.csv,0,0,0,0,0,0,0,968,AMPIL,2407,2024,20,18,0,8,172.3,57.8,6
2024,table2024.csv,0,0,0,0,0,0,0,968,AMPIL,2407,2024,21,0,0,8,174.8,59.1,6
2024,table2024.csv,0,0,0,0,0,0,0,972,AMPIL,2407,2024,21,6,0,8,178.1,60.4,6
2024,table2024.csv,0,0,0,0,0,0,0,1002,WUKONG,2408,2024,11,18,0,8,146.7,23.9,2
2024,table2024.csv,0,0,0,0,0,0,0,1004,WUKONG,2408,2024,12,0,0,8,147.9,24.5,2
2024,table2024.csv,0,0,0,0,0,0,0,1004,WUKONG,2408,2024,12,6,0,8,148.6,25.4,2
2024,table2024.csv,0,0,0,0,0,0,0,1006,WUKONG,2408,2024,12,12,0,8,149.4,25.9,2
2024,table2024.csv,0,0,0,0,0,0,0,1004,WUKONG,2408,2024,12,18,0,8,149.8,26.2,2
2024,table2024.csv,90,120,3,0,0,0,0,1002,WUKONG,2408,2024,13,0,35,8,150.1,26.4,3
2024,table2024.csv,90,120,3,0,0,0,0,1002,WUKONG,2408,2024,13,6,35,8,150.4,26.5,3
2024,table2024.csv,90,120,3,0,0,0,0,1004,WUKONG,2408,2024,13,12,35,8,150.5,27.2,3
2024,table2024.csv,90,120,3,0,0,0,0,1002,WUKONG,2408,2024,13,18,35,8,149.8,28.3,3
2024,table2024.csv,60,90,3,0,0,0,0,1002,WUKONG,2408,2024,14,0,35,8,149.2,29.2,3
2024,table2024.csv,60,90,3,0,0,0,0,1002,WUKONG,2408,2024,14,6,35,8,147.9,30.6,3
2024,table2024.csv,0,0,0,0,0,0,0,1006,WUKONG,2408,2024,14,12,0,8,147.2,31.8,2
2024,table2024.csv,0,0,0,0,0,0,0,1006,WUKONG,2408,2024,14,18,0,8,146.6,34.2,2
2024,table2024.csv,0,0,0,0,0,0,0,1008,WUKONG,2408,2024,15,0,0,8,146.3,35.8,2
2024,table2024.csv,0,0,0,0,0,0,0,1008,WUKONG,2408,2024,15,6,0,8,147.2,37.2,2
2024,table2024.csv,0,0,0,0,0,0,0,1008,WUKONG,2408,2024,15,12,0,8,148.2,38.9,2
2024,table2024.csv,0,0,0,0,0,0,0,1008,WUKONG,2408,2024,15,18,0,8,150.5,40.2,2
2024,table2024.csv,0,0,0,0,0,0,0,1008,WUKONG,2408,2024,16,0,0,8,152.7,39.9,2
2024,table2024.csv,0,0,0,0,0,0,0,1008,WUKONG,2408,2024,16,6,0,8,156.5,39.5,2
2024,table2024.csv,0,0,0,0,0,0,0,1006,WUKONG,2408,2024,16,12,0,8,160.5,39.4,6
2024,table2024.csv,0,0,0,0,0,0,0,1006,WUKONG,2408,2024,16,18,0,8,163.7,39.3,6
2024,table2024.csv,0,0,0,0,0,0,0,1004,WUKONG,2408,2024,17,0,0,8,166.9,39.2,6
2024,table2024.csv,0,0,0,0,0,0,0,1004,WUKONG,2408,2024,17,6,0,8,169.7,39.1,6
2024,table2024.csv,0,0,0,0,0,0,0,1004,WUKONG,2408,2024,17,12,0,8,172.5,38.9,6
2024,table2024.csv,0,0,0,0,0,0,0,1004,WUKONG,2408,2024,17,18,0,8,175.0,39.0,6
2024,table2024.csv,0,0,0,0,0,0,0,1004,WUKONG,2408,2024,18,0,0,8,176.4,39.3,6
2024,table2024.csv,0,0,0,0,0,0,0,1006,WUKONG,2408,2024,18,6,0,8,177.7,39.1,6
2024,table2024.csv,0,0,0,0,0,0,0,1008,WUKONG,2408,2024,18,12,0,8,178.9,39.0,6
2024,table2024.csv,0,0,0,0,0,0,0,1008,WUKONG,2408,2024,18,18,0,8,179.6,39.4,6
2024,table2024.csv,0,0,0,0,0,0,0,1010,WUKONG,2408,2024,19,0,0,8,179.8,39.5,6
2024,table2024.csv,0,0,0,0,0,0,0,1010,WUKONG,2408,2024,19,6,0,8,180.1,39.7,6
2024,table2024.csv,0,0,0,0,0,0,0,1004,JONGDARI,2409,2024,18,0,0,8,126.8,23.5,2
2024,table2024.csv,0,0,0,0,0,0,0,1000,JONGDARI,2409,2024,18,6,0,8,126.5,23.8,2
2024,table2024.csv,90,150,3,0,0,0,0,998,JONGDARI,2409,2024,18,12,35,8,126.4,24.1,3
2024,table2024.csv,90,150,3,0,0,0,0,998,JONGDARI,2409,2024,18,18,35,8,126.2,24.6,3
2024,table2024.csv,90,150,3,0,0,0,0,998,JONGDARI,2409,2024,19,0,35,8,126.2,25.2,3
2024,table2024.csv,90,150,3,0,0,0,0,996,JONGDARI,2409,2024,19,6,40,8,126.0,26.3,3
2024,table2024.csv,90,150,3,0,0,0,0,996,JONGDARI,2409,2024,19,12,40,8,125.9,27.6,3
2024,table2024.csv,90,150,3,0,0,0,0,996,JONGDARI,2409,2024,19,18,40,8,125.6,29.4,3
2024,table2024.csv,90,150,3,0,0,0,0,998,JONGDARI,2409,2024,20,0,40,8,125.8,31.0,3
2024,table2024.csv,90,150,3,0,0,0,0,998,JONGDARI,2409,2024,20,6,35,8,125.4,32.6,3
2024,table2024.csv,90,150,3,0,0,0,0,1002,JONGDARI,2409,2024,20,12,35,8,126.0,34.0,3
2024,table2024.csv,90,150,3,0,0,0,0,1004,JONGDARI,2409,2024,20,18,35,8,125.4,36.6,3
2024,table2024.csv,0,0,0,0,0,0,0,1006,JONGDARI,2409,2024,21,0,0,8,126.1,37.7,2
2024,table2024.csv,0,0,0,0,0,0,0,1006,JONGDARI,2409,2024,21,6,0,8,127.9,39.0,2
2024,table2024.csv,0,0,0,0,0,0,0,1006,JONGDARI,2409,2024,21,12,0,8,130.3,40.2,2
2024,table2024.csv,0,0,0,0,0,0,0,1004,JONGDARI,2409,2024,21,18,0,8,132.1,42.3,2
2024,table2024.csv,0,0,0,0,0,0,0,1002,JONGDARI,2409,2024,22,0,0,8,133.7,42.1,6
2024,table2024.csv,0,0,0,0,0,0,0,1000,JONGDARI,2409,2024,22,6,0,8,136.0,43.6,6
2024,table2024.csv,0,0,0,0,0,0,0,1000,JONGDARI,2409,2024,22,12,0,8,138.3,44.7,6
2024,table2024.csv,0,0,0,0,0,0,0,1008,SHANSHAN,2410,2024,20,6,0,8,147.7,14.8,2
2024,table2024.csv,0,0,0,0,0,0,0,1010,SHANSHAN,2410,2024,20,12,0,8,146.3,15.2,2
2024,table2024.csv,0,0,0,0,0,0,0,1008,SHANSHAN,2410,2024,20,18,0,8,145.1,15.6,2
2024,table2024.csv,0,0,0,0,0,0,0,1008,SHANSHAN,2410,2024,21,0,0,8,144.0,16.0,2
2024,table2024.csv,0,0,0,0,0,0,0,1008,SHANSHAN,2410,2024,21,6,0,8,143.4,16.5,2
2024,table2024.csv,0,0,0,0,0,0,0,1006,SHANSHAN,2410,2024,21,12,0,8,142.9,16.6,2
2024,table2024.csv,90,120,2,0,0,0,0,1002,SHANSHAN,2410,2024,21,18,35,8,142.2,16.6,3
2024,table2024.csv,90,120,2,0,0,0,0,1000,SHANSHAN,2410,2024,22,0,40,8,141.7,16.7,3
2024,table2024.csv,90,120,2,0,0,0,0,998,SHANSHAN,2410,2024,22,6,45,8,141.6,16.6,3
2024,table2024.csv,120,150,2,30,30,9,0,990,SHANSHAN,2410,2024,22,12,55,8,141.6,16.6,4
2024,table2024.csv,120,150,2,30,30,9,0,985,SHANSHAN,2410,2024,22,18,60,8,141.4,16.6,4
2024,table2024.csv,120,150,2,30,30,9,0,985,SHANSHAN,2410,2024,23,0,60,8,141.5,17.4,4
2024,table2024.csv,120,150,2,30,30,9,0,985,SHANSHAN,2410,2024,23,6,60,8,141.4,17.8,4
2024,table2024.csv,120,150,1,30,30,9,0,985,SHANSHAN,2410,2024,23,12,60,8,141.4,18.1,4
2024,table2024.csv,120,150,1,30,30,9,0,985,SHANSHAN,2410,2024,23,18,60,8,141.3,18.7,4
2024,table2024.csv,120,180,1,40,40,9,0,980,SHANSHAN,2410,2024,24,0,65,8,141.3,20.0,5
2024,table2024.csv,120,180,1,40,40,9,0,980,SHANSHAN,2410,2024,24,6,65,8,141.0,21.7,5
2024,table2024.csv,120,180,1,40,40,9,0,980,SHANSHAN,2410,2024,24,12,65,8,140.8,22.3,5
2024,table2024.csv,120,180,1,40,40,9,0,980,SHANSHAN,2410,2024,24,18,65,8,140.2,23.6,5
2024,table2024.csv,120,180,1,40,40,9,0,980,SHANSHAN,2410,2024,25,0,65,8,139.0,24.6,5
2024,table2024.csv,120,180,1,40,40,9,0,980,SHANSHAN,2410,2024,25,6,65,8,137.6,25.7,5
2024,table2024.csv,120,210,1,40,40,9,0,980,SHANSHAN,2410,2024,25,12,65,8,136.3,26.3,5
2024,table2024.csv,120,210,1,40,40,9,0,980,SHANSHAN,2410,2024,25,18,65,8,135.0,26.8,5
2024,table2024.csv,120,210,1,40,40,9,0,980,SHANSHAN,2410,2024,26,0,65,8,133.8,27.2,5
2024,table2024.csv,120,210,1,40,40,9,0,980,SHANSHAN,2410,2024,26,6,65,8,132.8,27.5,5
2024,table2024.csv,120,210,2,40,40,9,0,980,SHANSHAN,2410,2024,26,12,65,8,132.0,27.7,5
2024,table2024.csv,120,210,2,50,50,9,0,975,SHANSHAN,2410,2024,26,15,70,8,131.6,27.8,5
2024,table2024.csv,120,210,2,50,50,9,0,970,SHANSHAN,2410,2024,26,18,75,8,131.2,28.0,5
2024,table2024.csv,120,210,2,50,50,9,0,960,SHANSHAN,2410,2024,26,21,80,8,131.0,28.1,5
2024,table2024.csv,120,210,2,50,50,9,0,950,SHANSHAN,2410,2024,27,0,85,8,130.8,28.2,5
2024,table2024.csv,120,210,2,50,50,9,0,950,SHANSHAN,2410,2024,27,3,85,8,130.6,28.3,5
2024,table2024.csv,120,210,2,50,50,9,0,950,SHANSHAN,2410,2024,27,6,85,8,130.4,28.5,5
2024,table2024.csv,120,210,2,50,50,9,0,950,SHANSHAN,2410,2024,27,9,85,8,130.3,28.6,5
2024,table2024.csv,120,210,2,60,60,9,0,940,SHANSHAN,2410,2024,27,12,90,8,130.3,28.6,5
2024,table2024.csv,150,210,2,60,60,9,0,935,SHANSHAN,2410,2024,27,15,95,8,130.3,28.8,5
2024,table2024.csv,150,210,2,60,60,9,0,935,SHANSHAN,2410,2024,27,18,95,8,130.1,29.0,5
2024,table2024.csv,150,210,2,60,60,9,0,935,SHANSHAN,2410,2024,27,21,95,8,130.0,29.0,5
2024,table2024.csv,150,210,2,60,60,9,0,935,SHANSHAN,2410,2024,28,0,95,8,130.1,29.2,5
2024,table2024.csv,150,210,2,60,60,9,0,935,SHANSHAN,2410,2024,28,3,95,8,130.1,29.6,5
2024,table2024.csv,150,210,2,60,60,9,0,935,SHANSHAN,2410,2024,28,6,95,8,130.1,30.0,5
2024,table2024.csv,150,210,2,60,60,9,0,935,SHANSHAN,2410,2024,28,9,95,8,130.1,30.2,5
2024,table2024.csv,210,210,9,60,60,9,0,935,SHANSHAN,2410,2024,28,12,90,8,130.2,30.6,5
2024,table2024.csv,210,210,9,60,60,9,0,940,SHANSHAN,2410,2024,28,15,85,8,130.0,30.8,5
2024,table2024.csv,210,210,9,60,60,9,0,945,SHANSHAN,2410,2024,28,18,85,8,130.0,31.3,5
2024,table2024.csv,210,210,9,60,60,9,0,955,SHANSHAN,2410,2024,28,21,75,8,130.1,31.7,5
2024,table2024.csv,210,210,9,60,60,9,1,955,SHANSHAN,2410,2024,28,23,75,8,130.3,31.9,5
2024,table2024.csv,210,210,9,60,60,9,0,960,SHANSHAN,2410,2024,29,0,75,8,130.3,32.2,5
2024,table2024.csv,210,210,9,60,60,9,0,970,SHANSHAN,2410,2024,29,3,65,8,130.2,32.5,5
2024,table2024.csv,210,210,9,60,60,9,0,980,SHANSHAN,2410,2024,29,6,55,8,130.2,32.7,4
2024,table2024.csv,210,210,9,0,0,0,0,985,SHANSHAN,2410,2024,29,9,50,8,130.4,32.8,4
2024,table2024.csv,210,210,9,0,0,0,0,990,SHANSHAN,2410,2024,29,12,45,8,130.5,32.8,3
2024,table2024.csv,210,210,9,0,0,0,0,992,SHANSHAN,2410,2024,29,15,40,8,130.6,32.9,3
2024,table2024.csv,210,210,9,0,0,0,0,992,SHANSHAN,2410,2024,29,18,40,8,130.8,33.1,3
2024,table2024.csv,210,210,9,0,0,0,0,992,SHANSHAN,2410,2024,29,21,40,8,131.3,33.2,3
2024,table2024.csv,180,180,9,0,0,0,0,994,SHANSHAN,2410,2024,30,0,35,8,131.6,33.5,3
2024,table2024.csv,180,180,9,0,0,0,0,994,SHANSHAN,2410,2024,30,3,35,8,131.9,33.7,3
2024,table2024.csv,180,180,9,0,0,0,0,994,SHANSHAN,2410,2024,30,6,35,8,132.4,33.8,3
2024,table2024.csv,0,0,0,0,0,0,0,996,SHANSHAN,2410,2024,30,12,0,8,133.6,34.0,2
2024,table2024.csv,0,0,0,0,0,0,0,996,SHANSHAN,2410,2024,30,18,0,8,134.1,33.6,2
2024,table2024.csv,0,0,0,0,0,0,0,996,SHANSHAN,2410,2024,31,0,0,8,135.1,33.3,2
2024,table2024.csv,0,0,0,0,0,0,0,996,SHANSHAN,2410,2024,31,6,0,8,135.9,33.1,2
2024,table2024.csv,0,0,0,0,0,0,0,996,SHANSHAN,2410,2024,31,12,0,8,137.1,32.9,2
2024,table2024.csv,0,0,0,0,0,0,0,998,SHANSHAN,2410,2024,31,18,0,8,137.1,33.1,2
2024,table2024.csv,0,0,0,0,0,0,0,1002,SHANSHAN,2410,2024,1,0,0,9,137.0,33.2,2
2024,table2024.csv,0,0,0,0,0,0,0,1002,SHANSHAN,2410,2024,1,6,0,9,136.9,33.9,2
2024,table2024.csv,0,0,0,0,0,0,0,1006,SHANSHAN,2410,2024,1,12,0,9,136.3,35.1,2
2024,table2024.csv,0,0,0,0,0,0,0,1004,YAGI,2411,2024,31,12,0,8,128.9,12.1,2
2024,table2024.csv,0,0,0,0,0,0,0,1004,YAGI,2411,2024,31,18,0,8,127.6,12.1,2
2024,table2024.csv,0,0,0,0,0,0,0,1002,YAGI,2411,2024,1,0,0,9,126.4,12.1,2
2024,table2024.csv,90,90,9,0,0,0,0,1000,YAGI,2411,2024,1,6,35,9,125.1,13.1,3
2024,table2024.csv,90,90,9,0,0,0,0,1000,YAGI,2411,2024,1,12,35,9,124.4,14.0,3
2024,table2024.csv,90,90,9,0,0,0,0,996,YAGI,2411,2024,1,18,40,9,123.2,14.5,3
2024,table2024.csv,90,90,9,0,0,0,0,994,YAGI,2411,2024,2,0,45,9,122.9,15.3,3
2024,table2024.csv,90,90,9,0,0,0,0,994,YAGI,2411,2024,2,6,45,9,122.2,16.2,3
2024,table2024.csv,90,90,9,0,0,0,0,996,YAGI,2411,2024,2,12,40,9,121.7,17.3,3
2024,table2024.csv,90,90,9,0,0,0,0,1000,YAGI,2411,2024,2,18,35,9,121.0,18.1,3
2024,table2024.csv,90,90,9,0,0,0,0,996,YAGI,2411,2024,3,0,40,9,119.6,18.2,3
2024,table2024.csv,90,90,9,0,0,0,0,992,YAGI,2411,2024,3,6,45,9,119.0,18.5,3
2024,table2024.csv,120,120,9,0,0,0,0,990,YAGI,2411,2024,3,12,50,9,118.7,18.8,4
2024,table2024.csv,150,150,9,30,30,9,0,980,YAGI,2411,2024,3,18,60,9,118.3,18.9,4
2024,table2024.csv,150,150,9,45,45,9,0,970,YAGI,2411,2024,4,0,70,9,117.6,19.0,5
2024,table2024.csv,150,150,9,50,50,9,0,955,YAGI,2411,2024,4,6,80,9,117.4,19.2,5
2024,table2024.csv,180,180,9,60,60,9,0,940,YAGI,2411,2024,4,12,90,9,117.0,19.2,5
2024,table2024.csv,180,180,9,70,70,9,0,925,YAGI,2411,2024,4,18,100,9,116.2,19.2,5
2024,table2024.csv,210,210,9,80,80,9,0,915,YAGI,2411,2024,5,0,105,9,115.8,19.0,5
2024,table2024.csv,210,210,9,80,80,9,0,915,YAGI,2411,2024,5,6,105,9,115.1,19.3,5
2024,table2024.csv,210,210,9,80,80,9,0,915,YAGI,2411,2024,5,12,105,9,114.2,19.3,5
2024,table2024.csv,210,210,9,80,80,9,0,915,YAGI,2411,2024,5,18,105,9,113.0,19.2,5
2024,table2024.csv,240,240,9,80,80,9,0,915,YAGI,2411,2024,6,0,105,9,112.2,19.2,5
2024,table2024.csv,240,240,9,80,80,9,0,915,YAGI,2411,2024,6,6,105,9,111.3,19.8,5
2024,table2024.csv,240,240,9,80,80,9,0,930,YAGI,2411,2024,6,12,95,9,110.2,20.0,5
2024,table2024.csv,210,210,9,80,80,9,0,945,YAGI,2411,2024,6,18,85,9,109.0,20.3,5
2024,table2024.csv,210,210,9,80,80,9,0,940,YAGI,2411,2024,7,0,85,9,108.1,20.5,5
2024,table2024.csv,180,180,9,80,80,9,0,935,YAGI,2411,2024,7,6,90,9,107.0,21.0,5
2024,table2024.csv,150,150,9,50,50,9,0,980,YAGI,2411,2024,7,12,55,9,106.0,20.9,4
2024,table2024.csv,120,120,9,0,0,0,0,992,YAGI,2411,2024,7,18,40,9,105.7,20.8,3
2024,table2024.csv,120,120,9,0,0,0,0,996,YAGI,2411,2024,8,0,35,9,105.1,20.8,3
2024,table2024.csv,120,120,9,0,0,0,0,996,YAGI,2411,2024,8,6,35,9,104.9,21.3,3
2024,table2024.csv,0,0,0,0,0,0,0,998,YAGI,2411,2024,8,12,0,9,104.2,21.5,2
2024,table2024.csv,0,0,0,0,0,0,0,1000,YAGI,2411,2024,8,18,0,9,103.5,22.1,2
2024,table2024.csv,0,0,0,0,0,0,0,1000,YAGI,2411,2024,9,0,0,9,103.0,22.4,2
2024,table2024.csv,0,0,0,0,0,0,0,1000,YAGI,2411,2024,9,6,0,9,101.4,22.0,2
2024,table2024.csv,0,0,0,0,0,0,0,1000,YAGI,2411,2024,9,12,0,9,100.7,21.7,2
2024,table2024.csv,0,0,0,0,0,0,0,1012,LEEPI,2412,2024,1,12,0,9,147.1,22.2,2
2024,table2024.csv,0,0,0,0,0,0,0,1010,LEEPI,2412,2024,1,18,0,9,146.8,22.6,2
2024,table2024.csv,0,0,0,0,0,0,0,1012,LEEPI,2412,2024,2,0,0,9,146.6,22.9,2
2024,table2024.csv,0,0,0,0,0,0,0,1010,LEEPI,2412,2024,2,6,0,9,146.5,23.6,2
2024,table2024.csv,0,0,0,0,0,0,0,1012,LEEPI,2412,2024,2,12,0,9,146.8,24.0,2
2024,table2024.csv,0,0,0,0,0,0,0,1010,LEEPI,2412,2024,2,18,0,9,147.3,24.6,2
2024,table2024.csv,0,0,0,0,0,0,0,1010,LEEPI,2412,2024,3,0,0,9,147.3,24.8,2
2024,table2024.csv,0,0,0,0,0,0,0,1008,LEEPI,2412,2024,3,6,0,9,147.1,25.0,2
2024,table2024.csv,0,0,0,0,0,0,0,1008,LEEPI,2412,2024,3,12,0,9,147.6,25.7,2
2024,table2024.csv,0,0,0,0,0,0,0,1006,LEEPI,2412,2024,3,18,0,9,147.1,26.6,2
2024,table2024.csv,0,0,0,0,0,0,0,1006,LEEPI,2412,2024,4,0,0,9,147.0,27.8,2
2024,table2024.csv,0,0,0,0,0,0,0,1004,LEEPI,2412,2024,4,6,0,9,146.9,29.2,2
2024,table2024.csv,0,0,0,0,0,0,0,1006,LEEPI,2412,2024,4,12,0,9,147.2,30.2,2
2024,table2024.csv,0,0,0,0,0,0,0,1004,LEEPI,2412,2024,4,18,0,9,146.2,31.3,2
2024,table2024.csv,30,60,3,0,0,0,0,1002,LEEPI,2412,2024,5,0,35,9,145.9,32.2,3
2024,table2024.csv,30,60,3,0,0,0,0,1002,LEEPI,2412,2024,5,6,35,9,145.8,33.2,3
2024,table2024.csv,30,90,3,0,0,0,0,1004,LEEPI,2412,2024,5,12,35,9,145.9,33.9,3
2024,table2024.csv,30,90,3,0,0,0,0,1004,LEEPI,2412,2024,5,18,35,9,146.9,34.9,3
2024,table2024.csv,30,90,3,0,0,0,0,1004,LEEPI,2412,2024,6,0,35,9,148.2,35.8,3
2024,table2024.csv,30,90,3,0,0,0,0,1004,LEEPI,2412,2024,6,6,35,9,149.7,36.9,3
2024,table2024.csv,0,0,0,0,0,0,0,1006,LEEPI,2412,2024,6,12,0,9,151.1,37.8,2
2024,table2024.csv,0,0,0,0,0,0,0,1008,LEEPI,2412,2024,6,18,0,9,153.1,39.0,2
2024,table2024.csv,0,0,0,0,0,0,0,1008,LEEPI,2412,2024,7,0,0,9,155.6,40.6,6
2024,table2024.csv,0,0,0,0,0,0,0,1008,LEEPI,2412,2024,7,6,0,9,157.3,42.3,6
2024,table2024.csv,0,0,0,0,0,0,0,1006,LEEPI,2412,2024,7,12,0,9,160.6,44.1,6
2024,table2024.csv,0,0,0,0,0,0,0,1006,LEEPI,2412,2024,7,18,0,9,165.0,46.5,6
2024,table2024.csv,0,0,0,0,0,0,0,1004,LEEPI,2412,2024,8,0,0,9,169.0,47.7,6
2024,table2024.csv,0,0,0,0,0,0,0,1004,LEEPI,2412,2024,8,6,0,9,173.8,50.4,6
2024,table2024.csv,0,0,0,0,0,0,0,1004,LEEPI,2412,2024,8,12,0,9,179.7,52.5,6
2024,table2024.csv,0,0,0,0,0,0,0,1004,LEEPI,2412,2024,8,18,0,9,187.0,54.0,6
2024,table2024.csv,0,0,0,0,0,0,0,1002,BEBINCA,2413,2024,9,18,0,9,147.8,10.1,2
2024,table2024.csv,0,0,0,0,0,0,0,1002,BEBINCA,2413,2024,10,0,0,9,147.0,11.1,2
2024,table2024.csv,0,0,0,0,0,0,0,1000,BEBINCA,2413,2024,10,6,0,9,146.3,11.9,2
2024,table2024.csv,90,120,1,0,0,0,0,998,BEBINCA,2413,2024,10,12,35,9,145.4,12.8,3
2024,table2024.csv,90,120,1,0,0,0,0,998,BEBINCA,2413,2024,10,18,35,9,144.2,13.5,3
2024,table2024.csv,120,240,1,0,0,0,0,996,BEBINCA,2413,2024,11,0,40,9,143.2,13.9,3
2024,table2024.csv,120,240,1,0,0,0,0,996,BEBINCA,2413,2024,11,6,40,9,142.3,14.5,3
2024,table2024.csv,150,270,1,0,0,0,0,996,BEBINCA,2413,2024,11,12,40,9,141.6,15.1,3
2024,table2024.csv,150,270,1,0,0,0,0,996,BEBINCA,2413,2024,11,18,40,9,140.8,16.4,3
2024,table2024.csv,150,270,2,0,0,0,0,992,BEBINCA,2413,2024,12,0,45,9,140.0,18.0,3
2024,table2024.csv,150,270,2,0,0,0,0,992,BEBINCA,2413,2024,12,6,45,9,139.6,19.2,3
2024,table2024.csv,180,350,2,0,0,0,0,992,BEBINCA,2413,2024,12,12,45,9,138.6,20.4,3
2024,table2024.csv,180,350,2,0,0,0,0,992,BEBINCA,2413,2024,12,18,40,9,137.6,21.1,3
2024,table2024.csv,180,350,2,0,0,0,0,994,BEBINCA,2413,2024,13,0,40,9,136.9,22.1,3
2024,table2024.csv,180,350,2,0,0,0,0,990,BEBINCA,2413,2024,13,6,45,9,135.6,23.4,3
2024,table2024.csv,180,350,2,0,0,0,0,990,BEBINCA,2413,2024,13,12,45,9,133.7,24.7,3
2024,table2024.csv,150,300,1,0,0,0,0,985,BEBINCA,2413,2024,13,18,50,9,132.6,25.3,4
2024,table2024.csv,120,240,1,0,0,0,0,985,BEBINCA,2413,2024,14,0,50,9,131.6,26.4,4
2024,table2024.csv,120,180,1,30,30,9,0,980,BEBINCA,2413,2024,14,3,55,9,130.8,26.9,4
2024,table2024.csv,120,180,1,30,30,9,0,980,BEBINCA,2413,2024,14,6,55,9,130.2,27.4,4
2024,table2024.csv,120,180,1,30,30,9,0,980,BEBINCA,2413,2024,14,9,55,9,129.5,27.8,4
2024,table2024.csv,120,180,1,50,50,9,0,975,BEBINCA,2413,2024,14,12,60,9,129.2,28.1,4
2024,table2024.csv,120,180,1,50,50,9,0,975,BEBINCA,2413,2024,14,15,60,9,128.6,28.5,4
2024,table2024.csv,120,150,2,50,50,9,0,970,BEBINCA,2413,2024,14,18,65,9,128.0,28.9,5
2024,table2024.csv,120,150,2,50,50,9,0,965,BEBINCA,2413,2024,15,0,75,9,127.2,29.6,5
2024,table2024.csv,120,150,2,50,50,9,0,965,BEBINCA,2413,2024,15,6,75,9,126.1,30.1,5
2024,table2024.csv,120,120,9,50,50,9,0,965,BEBINCA,2413,2024,15,12,75,9,124.8,30.4,5
2024,table2024.csv,120,120,9,50,50,9,0,970,BEBINCA,2413,2024,15,18,70,9,123.3,30.6,5
2024,table2024.csv,120,120,9,50,50,9,0,980,BEBINCA,2413,2024,16,0,65,9,121.8,31.0,5
2024,table2024.csv,90,90,9,30,30,9,0,985,BEBINCA,2413,2024,16,6,60,9,120.5,31.4,4
2024,table2024.csv,90,90,9,0,0,0,0,992,BEBINCA,2413,2024,16,12,50,9,119.3,31.7,4
2024,table2024.csv,90,90,9,0,0,0,0,1000,BEBINCA,2413,2024,16,18,35,9,118.0,31.9,3
2024,table2024.csv,0,0,0,0,0,0,0,1004,BEBINCA,2413,2024,17,0,0,9,117.2,32.4,2
2024,table2024.csv,0,0,0,0,0,0,0,1004,BEBINCA,2413,2024,17,6,0,9,116.4,32.9,2
2024,table2024.csv,0,0,0,0,0,0,0,1006,BEBINCA,2413,2024,17,12,0,9,116.1,33.1,2
2024,table2024.csv,0,0,0,0,0,0,0,1008,BEBINCA,2413,2024,17,18,0,9,115.6,33.3,2
2024,table2024.csv,0,0,0,0,0,0,0,1008,BEBINCA,2413,2024,18,0,0,9,115.3,33.5,2
2024,table2024.csv,0,0,0,0,0,0,0,1008,BEBINCA,2413,2024,18,6,0,9,115.1,33.8,2
2024,table2024.csv,0,0,0,0,0,0,0,1002,PULASAN,2414,2024,15,0,0,9,144.6,12.1,2
2024,table2024.csv,0,0,0,0,0,0,0,1000,PULASAN,2414,2024,15,6,0,9,144.3,12.3,2
2024,table2024.csv,270,450,1,0,0,0,0,1000,PULASAN,2414,2024,15,12,35,9,144.3,12.8,3
2024,table2024.csv,270,450,1,0,0,0,0,998,PULASAN,2414,2024,15,18,35,9,144.2,13.9,3
2024,table2024.csv,270,400,1,0,0,0,0,998,PULASAN,2414,2024,16,0,35,9,143.7,15.8,3
2024,table2024.csv,270,400,1,0,0,0,0,998,PULASAN,2414,2024,16,6,35,9,142.0,16.1,3
2024,table2024.csv,270,400,1,0,0,0,0,996,PULASAN,2414,2024,16,12,40,9,140.8,16.4,3
2024,table2024.csv,270,400,1,0,0,0,0,996,PULASAN,2414,2024,16,18,40,9,140.1,17.7,3
2024,table2024.csv,270,350,1,0,0,0,0,992,PULASAN,2414,2024,17,0,45,9,140.1,20.0,3
2024,table2024.csv,300,350,1,0,0,0,0,992,PULASAN,2414,2024,17,6,45,9,137.4,21.2,3
2024,table2024.csv,300,350,1,0,0,0,0,992,PULASAN,2414,2024,17,12,45,9,134.5,21.7,3
2024,table2024.csv,300,350,1,0,0,0,0,992,PULASAN,2414,2024,17,18,45,9,133.7,22.6,3
2024,table2024.csv,300,350,1,0,0,0,0,992,PULASAN,2414,2024,18,0,45,9,131.9,23.4,3
2024,table2024.csv,240,350,1,0,0,0,0,992,PULASAN,2414,2024,18,6,45,9,130.6,24.5,3
2024,table2024.csv,210,350,1,0,0,0,0,996,PULASAN,2414,2024,18,12,40,9,128.8,26.1,3
2024,table2024.csv,180,300,1,0,0,0,0,998,PULASAN,2414,2024,18,18,40,9,127.2,27.3,3
2024,table2024.csv,180,270,1,0,0,0,0,998,PULASAN,2414,2024,19,0,40,9,125.6,28.3,3
2024,table2024.csv,180,270,1,0,0,0,0,998,PULASAN,2414,2024,19,6,40,9,123.5,30.1,3
2024,table2024.csv,180,270,1,0,0,0,0,1000,PULASAN,2414,2024,19,12,35,9,122.0,30.7,3
2024,table2024.csv,180,270,1,0,0,0,0,1000,PULASAN,2414,2024,19,18,35,9,120.9,31.3,3
2024,table2024.csv,180,240,1,0,0,0,0,1000,PULASAN,2414,2024,20,0,35,9,120.4,31.8,3
2024,table2024.csv,120,210,1,0,0,0,0,1000,PULASAN,2414,2024,20,6,35,9,120.4,32.0,3
2024,table2024.csv,120,210,1,0,0,0,0,1000,PULASAN,2414,2024,20,12,35,9,121.2,32.7,3
2024,table2024.csv,180,180,9,0,0,0,0,998,PULASAN,2414,2024,20,18,40,9,122.3,33.2,3
2024,table2024.csv,180,180,9,0,0,0,0,998,PULASAN,2414,2024,21,0,40,9,123.7,33.6,3
2024,table2024.csv,0,0,0,0,0,0,0,1000,PULASAN,2414,2024,21,6,0,9,125.3,33.9,6
2024,table2024.csv,0,0,0,0,0,0,0,1002,PULASAN,2414,2024,21,12,0,9,127.7,34.2,6
2024,table2024.csv,0,0,0,0,0,0,0,1000,PULASAN,2414,2024,21,18,0,9,132.6,36.0,6
2024,table2024.csv,0,0,0,0,0,0,0,1000,PULASAN,2414,2024,22,0,0,9,138.0,37.4,6
2024,table2024.csv,0,0,0,0,0,0,0,1000,PULASAN,2414,2024,22,6,0,9,143.1,38.8,6
2024,table2024.csv,0,0,0,0,0,0,0,1000,PULASAN,2414,2024,22,12,0,9,146.5,39.0,6
2024,table2024.csv,0,0,0,0,0,0,0,1000,PULASAN,2414,2024,22,18,0,9,149.7,39.7,6
2024,table2024.csv,0,0,0,0,0,0,0,1002,PULASAN,2414,2024,23,0,0,9,152.4,40.0,6
2024,table2024.csv,0,0,0,0,0,0,0,1002,PULASAN,2414,2024,23,6,0,9,156.5,41.2,6
2024,table2024.csv,0,0,0,0,0,0,0,1004,PULASAN,2414,2024,23,12,0,9,160.9,42.6,6
2024,table2024.csv,0,0,0,0,0,0,0,1004,PULASAN,2414,2024,23,18,0,9,165.1,43.6,6
2024,table2024.csv,0,0,0,0,0,0,0,1004,PULASAN,2414,2024,24,0,0,9,169.5,44.5,6
2024,table2024.csv,0,0,0,0,0,0,0,1004,PULASAN,2414,2024,24,6,0,9,172.8,45.0,6
2024,table2024.csv,0,0,0,0,0,0,0,1004,PULASAN,2414,2024,24,12,0,9,177.4,46.1,6
2024,table2024.csv,0,0,0,0,0,0,0,1002,PULASAN,2414,2024,24,18,0,9,182.7,46.1,6
2024,table2024.csv,0,0,0,0,0,0,0,998,SOULIK,2415,2024,15,0,0,9,126.0,16.7,2
2024,table2024.csv,0,0,0,0,0,0,0,996,SOULIK,2415,2024,15,6,0,9,126.5,16.8,2
2024,table2024.csv,0,0,0,0,0,0,0,998,SOULIK,2415,2024,15,12,0,9,126.0,16.9,2
2024,table2024.csv,0,0,0,0,0,0,0,996,SOULIK,2415,2024,15,18,0,9,125.6,17.3,2
2024,table2024.csv,0,0,0,0,0,0,0,998,SOULIK,2415,2024,16,0,0,9,125.1,17.2,2
2024,table2024.csv,0,0,0,0,0,0,0,996,SOULIK,2415,2024,16,6,0,9,124.7,17.4,2
2024,table2024.csv,0,0,0,0,0,0,0,996,SOULIK,2415,2024,16,12,0,9,123.3,17.5,2
2024,table2024.csv,0,0,0,0,0,0,0,996,SOULIK,2415,2024,16,18,0,9,121.9,17.7,2
2024,table2024.csv,0,0,0,0,0,0,0,998,SOULIK,2415,2024,17,0,0,9,119.8,17.7,2
2024,table2024.csv,0,0,0,0,0,0,0,996,SOULIK,2415,2024,17,6,0,9,119.6,17.2,2
2024,table2024.csv,0,0,0,0,0,0,0,996,SOULIK,2415,2024,17,12,0,9,118.6,17.3,2
2024,table2024.csv,0,0,0,0,0,0,0,996,SOULIK,2415,2024,17,18,0,9,117.7,17.4,2
2024,table2024.csv,0,0,0,0,0,0,0,996,SOULIK,2415,2024,18,0,0,9,115.5,17.5,2
2024,table2024.csv,0,0,0,0,0,0,0,996,SOULIK,2415,2024,18,6,0,9,113.4,17.3,2
2024,table2024.csv,0,0,0,0,0,0,0,996,SOULIK,2415,2024,18,12,0,9,111.3,17.3,2
2024,table2024.csv,60,60,9,0,0,0,0,992,SOULIK,2415,2024,18,18,35,9,110.0,17.5,3
2024,table2024.csv,60,60,9,0,0,0,0,992,SOULIK,2415,2024,19,0,35,9,108.3,17.5,3
2024,table2024.csv,60,60,9,0,0,0,0,992,SOULIK,2415,2024,19,6,35,9,107.3,17.0,3
2024,table2024.csv,0,0,0,0,0,0,0,996,SOULIK,2415,2024,19,12,0,9,106.9,16.9,2
2024,table2024.csv,0,0,0,0,0,0,0,998,SOULIK,2415,2024,19,18,0,9,106.5,16.9,2
2024,table2024.csv,0,0,0,0,0,0,0,998,SOULIK,2415,2024,20,0,0,9,105.6,16.7,2
2024,table2024.csv,0,0,0,0,0,0,0,1000,SOULIK,2415,2024,20,6,0,9,104.6,17.1,2
2024,table2024.csv,0,0,0,0,0,0,0,1002,SOULIK,2415,2024,20,12,0,9,103.9,17.1,2
2024,table2024.csv,0,0,0,0,0,0,0,1008,CIMARON,2416,2024,23,6,0,9,129.3,29.1,2
2024,table2024.csv,0,0,0,0,0,0,0,1006,CIMARON,2416,2024,23,12,0,9,131.3,28.7,2
2024,table2024.csv,0,0,0,0,0,0,0,1004,CIMARON,2416,2024,23,18,0,9,132.8,28.3,2
2024,table2024.csv,0,0,0,0,0,0,0,1002,CIMARON,2416,2024,24,0,0,9,133.6,27.9,2
2024,table2024.csv,90,90,9,0,0,0,0,1000,CIMARON,2416,2024,24,6,35,9,134.2,27.8,3
2024,table2024.csv,120,120,9,0,0,0,0,998,CIMARON,2416,2024,24,12,35,9,135.1,27.9,3
2024,table2024.csv,150,150,9,0,0,0,0,998,CIMARON,2416,2024,24,18,35,9,135.4,28.0,3
2024,table2024.csv,180,180,9,0,0,0,0,998,CIMARON,2416,2024,25,0,35,9,134.9,28.4,3
2024,table2024.csv,180,180,9,0,0,0,0,998,CIMARON,2416,2024,25,6,35,9,133.9,28.2,3
2024,table2024.csv,180,180,9,0,0,0,0,998,CIMARON,2416,2024,25,12,35,9,133.3,27.8,3
2024,table2024.csv,150,150,9,0,0,0,0,998,CIMARON,2416,2024,25,18,35,9,132.9,28.0,3
2024,table2024.csv,150,150,9,0,0,0,0,998,CIMARON,2416,2024,26,0,35,9,132.4,28.2,3
2024,table2024.csv,0,0,0,0,0,0,0,1002,CIMARON,2416,2024,26,6,0,9,132.0,28.0,2
2024,table2024.csv,0,0,0,0,0,0,0,1004,CIMARON,2416,2024,26,12,0,9,131.9,28.1,2
2024,table2024.csv,0,0,0,0,0,0,0,1004,CIMARON,2416,2024,26,18,0,9,132.2,28.5,2
2024,table2024.csv,0,0,0,0,0,0,0,1004,CIMARON,2416,2024,27,0,0,9,132.2,28.6,2
2024,table2024.csv,0,0,0,0,0,0,0,1004,CIMARON,2416,2024,27,6,0,9,132.7,28.8,2
2024,table2024.csv,0,0,0,0,0,0,0,1006,CIMARON,2416,2024,27,12,0,9,133.4,29.5,2
2024,table2024.csv,0,0,0,0,0,0,0,1008,CIMARON,2416,2024,27,18,0,9,133.5,31.0,6
2024,table2024.csv,0,0,0,0,0,0,0,1010,CIMARON,2416,2024,28,0,0,9,136.0,32.1,6
2024,table2024.csv,0,0,0,0,0,0,0,1010,CIMARON,2416,2024,28,6,0,9,137.2,32.7,6
2024,table2024.csv,0,0,0,0,0,0,0,1012,CIMARON,2416,2024,28,12,0,9,139.6,32.6,6
2024,table2024.csv,0,0,0,0,0,0,0,1014,CIMARON,2416,2024,28,18,0,9,140.7,32.6,6
2024,table2024.csv,0,0,0,0,0,0,0,1016,CIMARON,2416,2024,29,0,0,9,141.6,32.7,6
2024,table2024.csv,0,0,0,0,0,0,0,1012,CIMARON,2416,2024,29,6,0,9,141.5,32.7,6
2024,table2024.csv,0,0,0,0,0,0,0,1014,CIMARON,2416,2024,29,12,0,9,140.7,32.7,6
2024,table2024.csv,0,0,0,0,0,0,0,1014,CIMARON,2416,2024,29,18,0,9,140.4,32.6,6
2024,table2024.csv,0,0,0,0,0,0,0,1012,CIMARON,2416,2024,30,0,0,9,139.7,32.6,6
2024,table2024.csv,0,0,0,0,0,0,0,1010,CIMARON,2416,2024,30,6,0,9,138.5,32.3,6
2024,table2024.csv,0,0,0,0,0,0,0,1006,JEBI,2417,2024,25,18,0,9,148.9,14.8,2
2024,table2024.csv,0,0,0,0,0,0,0,1006,JEBI,2417,2024,26,0,0,9,148.0,15.4,2
2024,table2024.csv,0,0,0,0,0,0,0,1004,JEBI,2417,2024,26,6,0,9,147.5,16.0,2
2024,table2024.csv,0,0,0,0,0,0,0,1004,JEBI,2417,2024,26,12,0,9,147.0,16.4,2
2024,table2024.csv,0,0,0,0,0,0,0,1004,JEBI,2417,2024,26,18,0,9,146.6,16.8,2
2024,table2024.csv,60,120,2,0,0,0,0,1002,JEBI,2417,2024,27,0,35,9,146.1,17.2,3
2024,table2024.csv,60,120,2,0,0,0,0,1002,JEBI,2417,2024,27,6,35,9,145.8,17.7,3
2024,table2024.csv,60,120,2,0,0,0,0,1002,JEBI,2417,2024,27,12,35,9,145.3,18.7,3
2024,table2024.csv,60,120,2,0,0,0,0,1002,JEBI,2417,2024,27,18,35,9,144.6,19.4,3
2024,table2024.csv,60,180,2,0,0,0,0,1002,JEBI,2417,2024,28,0,35,9,143.3,20.1,3
2024,table2024.csv,60,180,2,0,0,0,0,1002,JEBI,2417,2024,28,6,35,9,142.8,20.7,3
2024,table2024.csv,60,180,2,0,0,0,0,1002,JEBI,2417,2024,28,12,35,9,142.8,21.7,3
2024,table2024.csv,60,180,2,0,0,0,0,1002,JEBI,2417,2024,28,18,35,9,142.0,22.2,3
2024,table2024.csv,60,180,2,0,0,0,0,1002,JEBI,2417,2024,29,0,35,9,141.9,23.0,3
2024,table2024.csv,60,180,2,0,0,0,0,1002,JEBI,2417,2024,29,6,35,9,141.2,23.8,3
2024,table2024.csv,60,180,2,0,0,0,0,1002,JEBI,2417,2024,29,12,35,9,140.8,24.4,3
2024,table2024.csv,60,180,2,0,0,0,0,1002,JEBI,2417,2024,29,18,35,9,140.7,24.9,3
2024,table2024.csv,60,180,2,0,0,0,0,1000,JEBI,2417,2024,30,0,40,9,140.6,26.2,3
2024,table2024.csv,60,180,2,0,0,0,0,994,JEBI,2417,2024,30,6,45,9,140.8,27.9,3
2024,table2024.csv,60,180,2,0,0,0,0,992,JEBI,2417,2024,30,12,50,9,140.9,29.3,4
2024,table2024.csv,90,210,2,20,20,9,0,990,JEBI,2417,2024,30,18,55,9,141.1,30.8,4
2024,table2024.csv,90,210,2,30,30,9,0,980,JEBI,2417,2024,1,0,65,10,141.7,32.6,5
2024,table2024.csv,90,180,3,30,40,3,0,980,JEBI,2417,2024,1,6,65,10,142.3,34.8,5
2024,table2024.csv,90,180,3,30,50,3,0,980,JEBI,2417,2024,1,12,65,10,143.4,37.2,5
2024,table2024.csv,90,180,3,30,50,3,0,980,JEBI,2417,2024,1,18,65,10,145.6,39.2,5
2024,table2024.csv,90,180,3,30,50,3,0,985,JEBI,2417,2024,2,0,60,10,148.8,41.9,4
2024,table2024.csv,90,180,3,0,0,0,0,990,JEBI,2417,2024,2,6,50,10,153.3,45.1,4
2024,table2024.csv,0,0,0,0,0,0,0,992,JEBI,2417,2024,2,12,0,10,157.0,49.0,6
2024,table2024.csv,0,0,0,0,0,0,0,994,JEBI,2417,2024,2,18,0,10,162.2,51.7,6
2024,table2024.csv,0,0,0,0,0,0,0,1006,KRATHON,2418,2024,26,12,0,9,127.5,21.7,2
2024,table2024.csv,0,0,0,0,0,0,0,1004,KRATHON,2418,2024,26,18,0,9,127.0,21.3,2
2024,table2024.csv,0,0,0,0,0,0,0,1004,KRATHON,2418,2024,27,0,0,9,126.6,20.7,2
2024,table2024.csv,0,0,0,0,0,0,0,1002,KRATHON,2418,2024,27,6,0,9,126.3,20.0,2
2024,table2024.csv,0,0,0,0,0,0,0,1002,KRATHON,2418,2024,27,12,0,9,126.0,19.4,2
2024,table2024.csv,0,0,0,0,0,0,0,1000,KRATHON,2418,2024,27,18,0,9,125.6,18.9,2
2024,table2024.csv,120,180,4,0,0,0,0,998,KRATHON,2418,2024,28,0,35,9,125.3,18.5,3
2024,table2024.csv,120,180,4,0,0,0,0,996,KRATHON,2418,2024,28,6,40,9,125.1,18.3,3
2024,table2024.csv,180,180,9,0,0,0,0,990,KRATHON,2418,2024,28,12,50,9,124.8,18.3,4
2024,table2024.csv,180,210,2,50,50,9,0,985,KRATHON,2418,2024,28,18,55,9,124.5,18.4,4
2024,table2024.csv,180,240,2,50,70,2,0,980,KRATHON,2418,2024,29,0,60,9,124.3,18.7,4
2024,table2024.csv,180,240,2,50,70,2,0,970,KRATHON,2418,2024,29,6,70,9,123.8,19.3,5
2024,table2024.csv,180,270,2,50,70,2,0,965,KRATHON,2418,2024,29,12,75,9,122.8,19.8,5
2024,table2024.csv,180,270,2,50,70,2,0,950,KRATHON,2418,2024,29,18,85,9,122.4,19.9,5
2024,table2024.csv,150,240,2,50,70,2,0,935,KRATHON,2418,2024,30,0,95,9,122.0,20.1,5
2024,table2024.csv,150,240,2,50,70,2,0,935,KRATHON,2418,2024,30,6,95,9,121.2,20.5,5
2024,table2024.csv,150,210,2,50,70,2,0,935,KRATHON,2418,2024,30,12,95,9,120.4,20.5,5
2024,table2024.csv,150,210,3,50,70,2,0,935,KRATHON,2418,2024,30,18,100,9,120.0,20.6,5
2024,table2024.csv,150,210,3,50,70,2,0,920,KRATHON,2418,2024,1,0,105,10,119.6,20.6,5
2024,table2024.csv,180,210,5,50,70,3,0,920,KRATHON,2418,2024,1,6,105,10,119.5,20.9,5
2024,table2024.csv,180,180,9,60,80,3,0,925,KRATHON,2418,2024,1,12,100,10,119.3,21.2,5
2024,table2024.csv,180,180,9,60,80,3,0,935,KRATHON,2418,2024,1,18,95,10,119.2,21.4,5
2024,table2024.csv,180,180,9,65,65,9,0,940,KRATHON,2418,2024,2,0,90,10,119.3,21.6,5
2024,table2024.csv,150,150,9,60,60,9,0,950,KRATHON,2418,2024,2,6,85,10,119.4,21.9,5
2024,table2024.csv,120,120,9,40,50,3,0,955,KRATHON,2418,2024,2,12,80,10,119.5,22.0,5
2024,table2024.csv,120,120,9,30,30,9,0,975,KRATHON,2418,2024,2,18,65,10,119.7,22.2,5
2024,table2024.csv,60,60,9,15,15,9,0,985,KRATHON,2418,2024,3,0,55,10,120.0,22.4,4
2024,table2024.csv,30,30,9,0,0,0,0,985,KRATHON,2418,2024,3,6,50,10,120.4,22.6,4
2024,table2024.csv,0,0,0,0,0,0,0,1004,KRATHON,2418,2024,3,12,0,10,120.6,22.8,2
2024,table2024.csv,0,0,0,0,0,0,0,1006,BARIJAT,2419,2024,4,18,0,10,148.2,11.6,2
2024,table2024.csv,0,0,0,0,0,0,0,1006,BARIJAT,2419,2024,5,0,0,10,147.6,12.2,2
2024,table2024.csv,0,0,0,0,0,0,0,1004,BARIJAT,2419,2024,5,6,0,10,147.1,13.2,2
2024,table2024.csv,0,0,0,0,0,0,0,1006,BARIJAT,2419,2024,5,12,0,10,146.7,14.6,2
2024,table2024.csv,0,0,0,0,0,0,0,1006,BARIJAT,2419,2024,5,18,0,10,146.6,15.8,2
2024,table2024.csv,0,0,0,0,0,0,0,1008,BARIJAT,2419,2024,6,0,0,10,145.6,16.6,2
2024,table2024.csv,120,210,2,0,0,0,0,1004,BARIJAT,2419,2024,6,6,35,10,145.2,17.8,3
2024,table2024.csv,120,210,2,0,0,0,0,1004,BARIJAT,2419,2024,6,12,35,10,145.4,18.5,3
2024,table2024.csv,120,210,2,0,0,0,0,1004,BARIJAT,2419,2024,6,18,35,10,145.7,19.4,3
2024,table2024.csv,120,210,2,0,0,0,0,1004,BARIJAT,2419,2024,7,0,35,10,146.0,20.9,3
2024,table2024.csv,120,210,2,0,0,0,0,1004,BARIJAT,2419,2024,7,6,35,10,146.6,21.8,3
2024,table2024.csv,120,210,2,0,0,0,0,1004,BARIJAT,2419,2024,7,12,35,10,147.1,23.0,3
2024,table2024.csv,120,210,2,0,0,0,0,1002,BARIJAT,2419,2024,7,18,35,10,147.2,23.4,3
2024,table2024.csv,120,210,2,0,0,0,0,1002,BARIJAT,2419,2024,8,0,35,10,147.0,23.9,3
2024,table2024.csv,120,240,2,0,0,0,0,1000,BARIJAT,2419,2024,8,6,35,10,147.0,24.0,3
2024,table2024.csv,120,240,2,0,0,0,0,1000,BARIJAT,2419,2024,8,12,35,10,147.4,24.0,3
2024,table2024.csv,120,240,2,0,0,0,0,1000,BARIJAT,2419,2024,8,18,35,10,148.2,24.6,3
2024,table2024.csv,120,240,2,0,0,0,0,1000,BARIJAT,2419,2024,9,0,35,10,149.0,25.9,3
2024,table2024.csv,120,210,2,0,0,0,0,998,BARIJAT,2419,2024,9,6,35,10,149.4,27.6,3
2024,table2024.csv,120,210,2,0,0,0,0,998,BARIJAT,2419,2024,9,12,35,10,149.2,29.7,3
2024,table2024.csv,120,210,2,0,0,0,0,996,BARIJAT,2419,2024,9,18,35,10,149.3,31.5,3
2024,table2024.csv,120,240,2,0,0,0,0,996,BARIJAT,2419,2024,10,0,40,10,150.1,32.7,3
2024,table2024.csv,120,240,2,0,0,0,0,994,BARIJAT,2419,2024,10,6,40,10,150.9,34.7,3
2024,table2024.csv,120,240,2,0,0,0,0,990,BARIJAT,2419,2024,10,12,40,10,152.7,36.5,3
2024,table2024.csv,150,240,2,0,0,0,0,985,BARIJAT,2419,2024,10,18,45,10,154.2,39.2,3
2024,table2024.csv,0,0,0,0,0,0,0,982,BARIJAT,2419,2024,11,0,0,10,154.0,42.0,6
2024,table2024.csv,0,0,0,0,0,0,0,980,BARIJAT,2419,2024,11,6,0,10,154.0,44.6,6
2024,table2024.csv,0,0,0,0,0,0,0,976,BARIJAT,2419,2024,11,12,0,10,153.3,46.3,6
2024,table2024.csv,0,0,0,0,0,0,0,978,BARIJAT,2419,2024,11,18,0,10,153.4,47.5,6
2024,table2024.csv,0,0,0,0,0,0,0,984,BARIJAT,2419,2024,12,0,0,10,154.4,48.6,6
2024,table2024.csv,0,0,0,0,0,0,0,988,BARIJAT,2419,2024,12,6,0,10,155.6,48.9,6
2024,table2024.csv,0,0,0,0,0,0,0,992,BARIJAT,2419,2024,12,12,0,10,158.1,49.2,6
2024,table2024.csv,0,0,0,0,0,0,0,996,BARIJAT,2419,2024,12,18,0,10,160.9,49.9,6
2024,table2024.csv,0,0,0,0,0,0,0,998,BARIJAT,2419,2024,13,0,0,10,162.9,50.6,6
2024,table2024.csv,0,0,0,0,0,0,0,1000,BARIJAT,2419,2024,13,6,0,10,164.2,51.7,6
2024,table2024.csv,0,0,0,0,0,0,0,1000,BARIJAT,2419,2024,13,12,0,10,163.0,52.9,6
2024,table2024.csv,0,0,0,0,0,0,0,998,BARIJAT,2419,2024,13,18,0,10,160.9,53.1,6
2024,table2024.csv,0,0,0,0,0,0,0,996,BARIJAT,2419,2024,14,0,0,10,161.8,53.1,6
2024,table2024.csv,0,0,0,0,0,0,0,996,BARIJAT,2419,2024,14,6,0,10,163.3,52.5,6
2024,table2024.csv,0,0,0,0,0,0,0,1000,BARIJAT,2419,2024,14,12,0,10,165.1,51.1,6
2024,table2024.csv,0,0,0,0,0,0,0,1000,BARIJAT,2419,2024,14,18,0,10,168.7,49.6,6
2024,table2024.csv,0,0,0,0,0,0,0,1000,BARIJAT,2419,2024,15,0,0,10,172.2,48.2,6
2024,table2024.csv,0,0,0,0,0,0,0,1000,BARIJAT,2419,2024,15,6,0,10,177.4,48.2,6
2024,table2024.csv,0,0,0,0,0,0,0,1000,BARIJAT,2419,2024,15,12,0,10,180.4,48.6,6
2024,table2024.csv,0,0,0,0,0,0,0,1008,TRAMI,2420,2024,18,12,0,10,141.0,13.2,2
2024,table2024.csv,0,0,0,0,0,0,0,1006,TRAMI,2420,2024,18,18,0,10,139.9,13.5,2
2024,table2024.csv,0,0,0,0,0,0,0,1008,TRAMI,2420,2024,19,0,0,10,139.3,13.7,2
2024,table2024.csv,0,0,0,0,0,0,0,1004,TRAMI,2420,2024,19,6,0,10,138.9,13.8,2
2024,table2024.csv,0,0,0,0,0,0,0,1006,TRAMI,2420,2024,19,12,0,10,138.2,14.2,2
2024,table2024.csv,0,0,0,0,0,0,0,1004,TRAMI,2420,2024,19,18,0,10,138.1,14.2,2
2024,table2024.csv,0,0,0,0,0,0,0,1004,TRAMI,2420,2024,20,0,0,10,137.5,14.2,2
2024,table2024.csv,0,0,0,0,0,0,0,1002,TRAMI,2420,2024,20,6,0,10,136.8,14.1,2
2024,table2024.csv,0,0,0,0,0,0,0,1002,TRAMI,2420,2024,20,12,0,10,135.3,14.0,2
2024,table2024.csv,0,0,0,0,0,0,0,1000,TRAMI,2420,2024,20,18,0,10,134.0,13.8,2
2024,table2024.csv,0,0,0,0,0,0,0,1000,TRAMI,2420,2024,21,0,0,10,132.3,14.1,2
2024,table2024.csv,0,0,0,0,0,0,0,998,TRAMI,2420,2024,21,6,0,10,130.6,13.7,2
2024,table2024.csv,0,0,0,0,0,0,0,998,TRAMI,2420,2024,21,12,0,10,129.1,13.1,2
2024,table2024.csv,300,300,9,0,0,0,0,994,TRAMI,2420,2024,21,18,35,10,128.3,13.2,3
2024,table2024.csv,300,400,8,0,0,0,0,994,TRAMI,2420,2024,22,0,35,10,127.5,13.8,3
2024,table2024.csv,300,400,8,0,0,0,0,990,TRAMI,2420,2024,22,6,45,10,126.6,14.0,3
2024,table2024.csv,300,400,8,0,0,0,0,990,TRAMI,2420,2024,22,12,45,10,126.0,14.5,3
2024,table2024.csv,300,400,8,0,0,0,0,990,TRAMI,2420,2024,22,18,45,10,125.6,15.2,3
2024,table2024.csv,300,400,8,0,0,0,0,985,TRAMI,2420,2024,23,0,50,10,124.4,15.6,4
2024,table2024.csv,300,400,8,0,0,0,0,985,TRAMI,2420,2024,23,6,50,10,123.5,16.4,4
2024,table2024.csv,300,400,8,0,0,0,0,985,TRAMI,2420,2024,23,12,50,10,123.0,16.9,4
2024,table2024.csv,325,325,9,0,0,0,0,985,TRAMI,2420,2024,23,18,50,10,122.2,17.2,4
2024,table2024.csv,325,325,9,0,0,0,0,985,TRAMI,2420,2024,24,0,50,10,121.2,16.9,4
2024,table2024.csv,325,325,9,0,0,0,0,985,TRAMI,2420,2024,24,6,50,10,120.1,17.4,4
2024,table2024.csv,300,300,9,0,0,0,0,985,TRAMI,2420,2024,24,12,50,10,119.8,17.2,4
2024,table2024.csv,300,300,9,0,0,0,0,985,TRAMI,2420,2024,24,18,50,10,119.5,17.2,4
2024,table2024.csv,300,300,9,0,0,0,0,985,TRAMI,2420,2024,25,0,50,10,118.4,17.1,4
2024,table2024.csv,270,270,9,0,0,0,0,985,TRAMI,2420,2024,25,6,50,10,117.0,17.8,4
2024,table2024.csv,270,270,9,0,0,0,0,985,TRAMI,2420,2024,25,12,50,10,116.2,17.3,4
2024,table2024.csv,270,270,9,0,0,0,0,985,TRAMI,2420,2024,25,18,50,10,114.9,17.1,4
2024,table2024.csv,270,270,9,80,80,9,0,975,TRAMI,2420,2024,26,0,55,10,113.2,17.1,4
2024,table2024.csv,270,270,9,80,80,9,0,970,TRAMI,2420,2024,26,6,60,10,111.9,17.1,4
2024,table2024.csv,270,270,9,80,80,9,0,975,TRAMI,2420,2024,26,12,55,10,110.7,17.0,4
2024,table2024.csv,240,240,9,0,0,0,0,980,TRAMI,2420,2024,26,18,50,10,109.3,17.0,4
2024,table2024.csv,240,240,9,0,0,0,0,985,TRAMI,2420,2024,27,0,45,10,108.6,16.8,3
2024,table2024.csv,240,270,8,0,0,0,0,992,TRAMI,2420,2024,27,6,40,10,107.6,15.7,3
2024,table2024.csv,240,270,8,0,0,0,0,998,TRAMI,2420,2024,27,12,35,10,107.5,15.3,3
2024,table2024.csv,0,0,0,0,0,0,0,1002,TRAMI,2420,2024,27,18,0,10,107.8,15.4,2
2024,table2024.csv,0,0,0,0,0,0,0,1004,TRAMI,2420,2024,28,0,0,10,108.0,15.6,2
2024,table2024.csv,0,0,0,0,0,0,0,1002,TRAMI,2420,2024,28,6,0,10,108.2,15.7,2
2024,table2024.csv,0,0,0,0,0,0,0,1004,TRAMI,2420,2024,28,12,0,10,108.4,16.2,2
2024,table2024.csv,0,0,0,0,0,0,0,1004,TRAMI,2420,2024,28,18,0,10,108.7,16.6,2
2024,table2024.csv,0,0,0,0,0,0,0,1004,TRAMI,2420,2024,29,0,0,10,109.0,16.7,2
2024,table2024.csv,0,0,0,0,0,0,0,1004,TRAMI,2420,2024,29,6,0,10,109.3,16.8,2
2024,table2024.csv,0,0,0,0,0,0,0,1004,TRAMI,2420,2024,29,12,0,10,109.5,16.9,2
2024,table2024.csv,0,0,0,0,0,0,0,1002,KONG-REY,2421,2024,24,0,0,10,150.1,12.7,2
2024,table2024.csv,0,0,0,0,0,0,0,1000,KONG-REY,2421,2024,24,6,0,10,148.3,13.0,2
2024,table2024.csv,0,0,0,0,0,0,0,1000,KONG-REY,2421,2024,24,12,0,10,147.1,13.5,2
2024,table2024.csv,270,375,2,0,0,0,0,998,KONG-REY,2421,2024,24,18,35,10,145.7,13.5,3
2024,table2024.csv,270,375,2,0,0,0,0,998,KONG-REY,2421,2024,25,0,35,10,144.5,14.4,3
2024,table2024.csv,270,375,2,0,0,0,0,998,KONG-REY,2421,2024,25,6,35,10,142.6,14.9,3
2024,table2024.csv,270,375,2,0,0,0,0,998,KONG-REY,2421,2024,25,12,35,10,141.0,15.3,3
2024,table2024.csv,270,400,2,0,0,0,0,996,KONG-REY,2421,2024,25,18,35,10,139.7,16.4,3
2024,table2024.csv,270,400,2,0,0,0,0,996,KONG-REY,2421,2024,26,0,35,10,137.2,16.3,3
2024,table2024.csv,270,400,2,0,0,0,0,994,KONG-REY,2421,2024,26,6,35,10,135.3,16.6,3
2024,table2024.csv,270,375,2,0,0,0,0,994,KONG-REY,2421,2024,26,12,35,10,134.6,16.2,3
2024,table2024.csv,270,350,2,0,0,0,0,994,KONG-REY,2421,2024,26,18,40,10,133.3,16.0,3
2024,table2024.csv,270,350,2,0,0,0,0,994,KONG-REY,2421,2024,27,0,40,10,132.6,16.0,3
2024,table2024.csv,270,325,2,0,0,0,0,990,KONG-REY,2421,2024,27,6,45,10,131.8,16.1,3
2024,table2024.csv,300,300,9,0,0,0,0,985,KONG-REY,2421,2024,27,12,50,10,131.1,16.1,4
2024,table2024.csv,300,300,9,0,0,0,0,985,KONG-REY,2421,2024,27,18,50,10,130.3,16.5,4
2024,table2024.csv,300,300,9,50,50,9,0,980,KONG-REY,2421,2024,28,0,55,10,129.6,16.8,4
2024,table2024.csv,300,300,9,50,50,9,0,975,KONG-REY,2421,2024,28,6,60,10,128.9,16.6,4
2024,table2024.csv,300,300,9,50,50,9,0,975,KONG-REY,2421,2024,28,12,60,10,128.4,16.6,4
2024,table2024.csv,300,300,9,80,80,9,0,970,KONG-REY,2421,2024,28,18,65,10,128.0,17.2,5
2024,table2024.csv,300,300,9,80,80,9,0,960,KONG-REY,2421,2024,29,0,75,10,127.3,17.5,5
2024,table2024.csv,300,300,9,80,80,9,0,950,KONG-REY,2421,2024,29,6,80,10,126.7,17.9,5
2024,table2024.csv,300,300,9,100,100,9,0,945,KONG-REY,2421,2024,29,12,85,10,126.1,18.6,5
2024,table2024.csv,300,300,9,100,100,9,0,935,KONG-REY,2421,2024,29,18,90,10,125.4,18.9,5
2024,table2024.csv,325,325,9,120,120,9,0,925,KONG-REY,2421,2024,30,0,100,10,124.8,19.1,5
2024,table2024.csv,325,325,9,120,120,9,0,935,KONG-REY,2421,2024,30,6,95,10,124.3,19.8,5
2024,table2024.csv,300,325,2,120,120,9,0,940,KONG-REY,2421,2024,30,12,90,10,123.6,20.4,5
2024,table2024.csv,300,325,2,120,120,9,0,940,KONG-REY,2421,2024,30,18,90,10,122.8,21.0,5
2024,table2024.csv,300,325,2,120,120,9,0,940,KONG-REY,2421,2024,30,21,90,10,122.5,21.6,5
2024,table2024.csv,300,325,2,110,110,9,0,950,KONG-REY,2421,2024,31,0,85,10,122.1,21.9,5
2024,table2024.csv,300,325,2,110,110,9,0,950,KONG-REY,2421,2024,31,3,85,10,121.7,22.4,5
2024,table2024.csv,270,325,2,90,90,9,0,960,KONG-REY,2421,2024,31,6,75,10,121.3,23.2,5
2024,table2024.csv,240,325,2,50,50,9,0,980,KONG-REY,2421,2024,31,12,55,10,120.2,24.1,4
2024,table2024.csv,210,350,2,0,0,0,0,990,KONG-REY,2421,2024,31,18,45,10,120.2,25.0,3
2024,table2024.csv,180,350,2,0,0,0,0,994,KONG-REY,2421,2024,1,0,40,11,120.6,26.4,3
2024,table2024.csv,150,325,2,0,0,0,0,996,KONG-REY,2421,2024,1,6,40,11,121.6,28.3,3
2024,table2024.csv,0,0,0,0,0,0,0,998,KONG-REY,2421,2024,1,12,0,11,123.4,30.1,6
2024,table2024.csv,0,0,0,0,0,0,0,1000,KONG-REY,2421,2024,1,18,0,11,125.4,31.1,6
2024,table2024.csv,0,0,0,0,0,0,0,1004,KONG-REY,2421,2024,2,0,0,11,128.0,31.0,6
2024,table2024.csv,0,0,0,0,0,0,0,1006,YINXING,2422,2024,2,18,0,11,140.0,8.2,2
2024,table2024.csv,0,0,0,0,0,0,0,1006,YINXING,2422,2024,3,0,0,11,139.0,8.9,2
2024,table2024.csv,0,0,0,0,0,0,0,1004,YINXING,2422,2024,3,6,0,11,138.1,9.9,2
2024,table2024.csv,120,120,9,0,0,0,0,1002,YINXING,2422,2024,3,12,35,11,136.1,11.0,3
2024,table2024.csv,120,150,8,0,0,0,0,998,YINXING,2422,2024,3,18,40,11,134.5,11.4,3
2024,table2024.csv,150,180,8,0,0,0,0,998,YINXING,2422,2024,4,0,40,11,132.8,12.1,3
2024,table2024.csv,120,120,9,0,0,0,0,996,YINXING,2422,2024,4,6,45,11,131.4,12.9,3
2024,table2024.csv,120,120,9,20,20,9,0,992,YINXING,2422,2024,4,12,55,11,130.3,14.1,4
2024,table2024.csv,120,120,9,20,20,9,0,985,YINXING,2422,2024,4,18,65,11,128.9,15.3,5
2024,table2024.csv,120,150,1,30,30,9,0,975,YINXING,2422,2024,5,0,75,11,127.6,16.1,5
2024,table2024.csv,120,150,1,40,40,9,0,975,YINXING,2422,2024,5,6,75,11,126.4,17.1,5
2024,table2024.csv,90,180,8,45,45,9,0,970,YINXING,2422,2024,5,12,80,11,125.6,17.3,5
2024,table2024.csv,90,210,8,50,50,9,0,970,YINXING,2422,2024,5,18,80,11,125.0,17.8,5
2024,table2024.csv,90,210,8,50,50,9,0,970,YINXING,2422,2024,6,0,80,11,124.8,18.1,5
2024,table2024.csv,90,180,8,50,60,5,0,965,YINXING,2422,2024,6,6,85,11,124.4,18.1,5
2024,table2024.csv,120,180,8,50,70,5,0,960,YINXING,2422,2024,6,12,90,11,124.1,18.2,5
2024,table2024.csv,120,180,8,50,70,5,0,950,YINXING,2422,2024,6,18,95,11,123.6,18.3,5
2024,table2024.csv,120,180,8,60,60,9,0,950,YINXING,2422,2024,7,0,95,11,123.1,18.6,5
2024,table2024.csv,120,180,8,60,60,9,0,945,YINXING,2422,2024,7,6,100,11,122.4,18.5,5
2024,table2024.csv,120,150,8,40,60,8,0,965,YINXING,2422,2024,7,12,85,11,121.5,18.7,5
2024,table2024.csv,120,150,8,40,60,8,0,970,YINXING,2422,2024,7,18,80,11,120.5,18.6,5
2024,table2024.csv,120,150,8,40,60,8,0,980,YINXING,2422,2024,8,0,70,11,119.4,18.3,5
2024,table2024.csv,120,150,8,60,60,9,0,980,YINXING,2422,2024,8,6,70,11,118.1,18.4,5
2024,table2024.csv,120,150,8,60,60,9,0,975,YINXING,2422,2024,8,12,75,11,116.9,18.4,5
2024,table2024.csv,120,150,8,60,60,9,0,970,YINXING,2422,2024,8,18,80,11,115.9,18.6,5
2024,table2024.csv,120,150,8,60,60,9,0,965,YINXING,2422,2024,9,0,85,11,114.9,18.9,5
2024,table2024.csv,120,150,8,60,60,9,0,965,YINXING,2422,2024,9,6,85,11,114.1,19.0,5
2024,table2024.csv,120,150,8,60,60,9,0,965,YINXING,2422,2024,9,12,85,11,113.6,19.1,5
2024,table2024.csv,120,150,8,60,60,9,0,965,YINXING,2422,2024,9,18,85,11,113.3,19.2,5
2024,table2024.csv,120,150,8,50,50,9,0,975,YINXING,2422,2024,10,0,75,11,113.2,19.0,5
2024,table2024.csv,120,150,8,50,50,9,0,980,YINXING,2422,2024,10,6,70,11,113.0,19.0,5
2024,table2024.csv,90,120,8,30,30,9,0,990,YINXING,2422,2024,10,12,60,11,112.7,18.6,4
2024,table2024.csv,90,120,8,0,0,0,0,994,YINXING,2422,2024,10,18,50,11,112.3,17.9,4
2024,table2024.csv,90,120,8,0,0,0,0,994,YINXING,2422,2024,11,0,50,11,111.5,17.3,4
2024,table2024.csv,90,120,8,0,0,0,0,994,YINXING,2422,2024,11,6,50,11,111.0,16.4,4
2024,table2024.csv,90,120,8,0,0,0,0,998,YINXING,2422,2024,11,12,40,11,110.6,15.7,3
2024,table2024.csv,60,90,8,0,0,0,0,1000,YINXING,2422,2024,11,18,35,11,110.0,14.9,3
2024,table2024.csv,60,60,9,0,0,0,0,1002,YINXING,2422,2024,12,0,35,11,109.7,14.3,3
2024,table2024.csv,0,0,0,0,0,0,0,1004,YINXING,2422,2024,12,6,0,11,109.4,14.1,2
2024,table2024.csv,0,0,0,0,0,0,0,1008,YINXING,2422,2024,12,12,0,11,108.7,14.0,2
2024,table2024.csv,0,0,0,0,0,0,0,1006,TORAJI,2423,2024,8,6,0,11,137.6,14.5,2
2024,table2024.csv,0,0,0,0,0,0,0,1008,TORAJI,2423,2024,8,12,0,11,136.0,14.5,2
2024,table2024.csv,0,0,0,0,0,0,0,1008,TORAJI,2423,2024,8,18,0,11,134.7,14.5,2
2024,table2024.csv,0,0,0,0,0,0,0,1006,TORAJI,2423,2024,9,0,0,11,133.3,14.5,2
2024,table2024.csv,90,120,2,0,0,0,0,1002,TORAJI,2423,2024,9,6,35,11,131.6,14.6,3
2024,table2024.csv,90,120,2,0,0,0,0,1000,TORAJI,2423,2024,9,12,40,11,130.3,14.7,3
2024,table2024.csv,90,120,2,0,0,0,0,998,TORAJI,2423,2024,9,18,45,11,128.3,15.1,3
2024,table2024.csv,90,150,2,0,0,0,0,996,TORAJI,2423,2024,10,0,50,11,126.9,15.1,4
2024,table2024.csv,120,180,1,40,40,9,0,990,TORAJI,2423,2024,10,6,60,11,125.4,15.2,4
2024,table2024.csv,90,150,1,40,40,9,0,985,TORAJI,2423,2024,10,12,65,11,124.3,15.5,5
2024,table2024.csv,90,150,1,40,40,9,0,980,TORAJI,2423,2024,10,18,70,11,123.2,15.9,5
2024,table2024.csv,90,150,1,40,40,9,0,980,TORAJI,2423,2024,11,0,70,11,122.3,16.3,5
2024,table2024.csv,90,150,1,20,20,9,0,990,TORAJI,2423,2024,11,6,55,11,121.1,17.1,4
2024,table2024.csv,120,180,8,0,0,0,0,992,TORAJI,2423,2024,11,12,50,11,119.7,17.4,4
2024,table2024.csv,120,180,8,0,0,0,0,992,TORAJI,2423,2024,11,18,50,11,119.1,18.2,4
2024,table2024.csv,120,180,8,0,0,0,0,992,TORAJI,2423,2024,12,0,50,11,118.7,18.6,4
2024,table2024.csv,120,180,8,0,0,0,0,994,TORAJI,2423,2024,12,6,45,11,118.2,19.1,3
2024,table2024.csv,120,120,9,0,0,0,0,994,TORAJI,2423,2024,12,12,45,11,117.8,19.5,3
2024,table2024.csv,120,120,9,0,0,0,0,994,TORAJI,2423,2024,12,18,45,11,117.1,19.9,3
2024,table2024.csv,120,120,9,0,0,0,0,996,TORAJI,2423,2024,13,0,40,11,116.3,20.2,3
2024,table2024.csv,120,120,9,0,0,0,0,996,TORAJI,2423,2024,13,6,40,11,115.5,20.7,3
2024,table2024.csv,90,90,9,0,0,0,0,998,TORAJI,2423,2024,13,12,40,11,114.9,21.0,3
2024,table2024.csv,90,90,9,0,0,0,0,998,TORAJI,2423,2024,13,18,40,11,114.5,21.1,3
2024,table2024.csv,60,60,9,0,0,0,0,1000,TORAJI,2423,2024,14,0,35,11,114.1,21.1,3
2024,table2024.csv,60,60,9,0,0,0,0,1000,TORAJI,2423,2024,14,6,35,11,113.9,21.2,3
2024,table2024.csv,0,0,0,0,0,0,0,1004,TORAJI,2423,2024,14,12,0,11,113.6,21.2,2
2024,table2024.csv,0,0,0,0,0,0,0,1006,TORAJI,2423,2024,14,18,0,11,113.1,21.1,2
2024,table2024.csv,0,0,0,0,0,0,0,1008,TORAJI,2423,2024,15,0,0,11,113.0,20.9,2
2024,table2024.csv,0,0,0,0,0,0,0,1008,TORAJI,2423,2024,15,6,0,11,113.2,20.6,2
2024,table2024.csv,0,0,0,0,0,0,0,1008,TORAJI,2423,2024,15,12,0,11,113.7,20.3,2
2024,table2024.csv,0,0,0,0,0,0,0,1008,MAN-YI,2424,2024,7,18,0,11,168.5,10.3,2
2024,table2024.csv,0,0,0,0,0,0,0,1008,MAN-YI,2424,2024,8,0,0,11,166.4,11.0,2
2024,table2024.csv,0,0,0,0,0,0,0,1006,MAN-YI,2424,2024,8,6,0,11,165.1,11.7,2
2024,table2024.csv,0,0,0,0,0,0,0,1008,MAN-YI,2424,2024,8,12,0,11,163.6,11.9,2
2024,table2024.csv,90,120,1,0,0,0,0,1004,MAN-YI,2424,2024,8,18,35,11,161.9,12.2,3
2024,table2024.csv,90,120,1,0,0,0,0,1004,MAN-YI,2424,2024,9,0,35,11,160.4,13.5,3
2024,table2024.csv,90,120,1,0,0,0,0,1004,MAN-YI,2424,2024,9,6,35,11,159.3,14.5,3
2024,table2024.csv,90,120,1,0,0,0,0,1002,MAN-YI,2424,2024,9,12,40,11,158.7,15.0,3
2024,table2024.csv,90,120,8,0,0,0,0,1000,MAN-YI,2424,2024,9,18,45,11,157.7,15.7,3
2024,table2024.csv,90,120,8,0,0,0,0,1000,MAN-YI,2424,2024,10,0,45,11,156.3,15.8,3
2024,table2024.csv,90,120,8,0,0,0,0,1000,MAN-YI,2424,2024,10,6,45,11,155.7,15.6,3
2024,table2024.csv,120,120,9,0,0,0,0,1000,MAN-YI,2424,2024,10,12,45,11,155.3,15.6,3
2024,table2024.csv,120,120,9,0,0,0,0,1000,MAN-YI,2424,2024,10,18,45,11,154.7,15.3,3
2024,table2024.csv,120,120,9,0,0,0,0,1000,MAN-YI,2424,2024,11,0,45,11,153.2,14.8,3
2024,table2024.csv,120,120,9,0,0,0,0,1000,MAN-YI,2424,2024,11,6,45,11,152.6,14.3,3
2024,table2024.csv,120,120,9,0,0,0,0,1000,MAN-YI,2424,2024,11,12,45,11,152.1,14.1,3
2024,table2024.csv,120,120,9,0,0,0,0,1000,MAN-YI,2424,2024,11,18,45,11,151.1,13.6,3
2024,table2024.csv,120,120,9,0,0,0,0,1000,MAN-YI,2424,2024,12,0,45,11,149.3,13.8,3
2024,table2024.csv,120,120,9,0,0,0,0,1002,MAN-YI,2424,2024,12,6,40,11,147.5,14.2,3
2024,table2024.csv,120,120,9,0,0,0,0,1002,MAN-YI,2424,2024,12,12,40,11,146.3,13.6,3
2024,table2024.csv,120,120,9,0,0,0,0,1002,MAN-YI,2424,2024,12,18,40,11,145.0,12.9,3
2024,table2024.csv,120,120,9,0,0,0,0,1002,MAN-YI,2424,2024,13,0,40,11,144.3,12.2,3
2024,table2024.csv,120,120,9,0,0,0,0,1002,MAN-YI,2424,2024,13,6,40,11,143.6,12.0,3
2024,table2024.csv,120,120,9,0,0,0,0,1002,MAN-YI,2424,2024,13,12,40,11,141.3,12.4,3
2024,table2024.csv,120,150,8,0,0,0,0,998,MAN-YI,2424,2024,13,18,45,11,139.7,11.1,3
2024,table2024.csv,150,180,8,30,30,9,0,992,MAN-YI,2424,2024,14,0,55,11,138.0,10.6,4
2024,table2024.csv,150,180,8,30,30,9,0,992,MAN-YI,2424,2024,14,6,55,11,137.1,10.2,4
2024,table2024.csv,150,180,8,30,30,9,0,992,MAN-YI,2424,2024,14,12,55,11,135.4,10.5,4
2024,table2024.csv,150,180,8,30,30,9,0,985,MAN-YI,2424,2024,14,18,60,11,133.5,10.4,4
2024,table2024.csv,150,180,8,50,50,9,0,975,MAN-YI,2424,2024,15,0,70,11,131.9,10.5,5
2024,table2024.csv,150,180,8,60,60,9,0,960,MAN-YI,2424,2024,15,6,80,11,130.4,10.9,5
2024,table2024.csv,150,180,8,60,60,9,0,955,MAN-YI,2424,2024,15,12,85,11,129.0,11.4,5
2024,table2024.csv,180,210,1,70,70,9,0,940,MAN-YI,2424,2024,15,18,95,11,127.8,12.0,5
2024,table2024.csv,180,210,1,70,70,9,0,920,MAN-YI,2424,2024,16,0,105,11,126.7,12.6,5
2024,table2024.csv,150,210,1,70,70,9,0,920,MAN-YI,2424,2024,16,6,105,11,125.6,13.3,5
2024,table2024.csv,150,210,1,70,70,9,0,920,MAN-YI,2424,2024,16,12,105,11,124.6,13.9,5
2024,table2024.csv,150,150,9,70,70,9,0,935,MAN-YI,2424,2024,16,18,100,11,123.8,14.3,5
2024,table2024.csv,150,150,9,70,70,9,0,935,MAN-YI,2424,2024,17,0,100,11,122.9,15.0,5
2024,table2024.csv,150,150,9,70,70,9,0,935,MAN-YI,2424,2024,17,6,100,11,121.9,15.8,5
2024,table2024.csv,150,150,9,50,50,9,0,955,MAN-YI,2424,2024,17,12,85,11,120.7,16.5,5
2024,table2024.csv,150,150,9,30,30,9,0,975,MAN-YI,2424,2024,17,18,70,11,119.4,17.6,5
2024,table2024.csv,120,150,8,25,25,9,0,980,MAN-YI,2424,2024,18,0,65,11,118.4,18.1,5
2024,table2024.csv,120,150,8,25,25,9,0,980,MAN-YI,2424,2024,18,6,65,11,117.3,18.5,5
2024,table2024.csv,120,150,8,25,25,9,0,985,MAN-YI,2424,2024,18,12,60,11,116.0,18.9,4
2024,table2024.csv,120,150,8,0,0,0,0,992,MAN-YI,2424,2024,18,18,50,11,115.4,19.0,4
2024,table2024.csv,90,120,8,0,0,0,0,998,MAN-YI,2424,2024,19,0,45,11,114.7,19.0,3
2024,table2024.csv,90,120,8,0,0,0,0,1004,MAN-YI,2424,2024,19,6,35,11,113.3,18.7,3
2024,table2024.csv,0,0,0,0,0,0,0,1010,MAN-YI,2424,2024,19,12,0,11,112.0,18.1,2
2024,table2024.csv,0,0,0,0,0,0,0,1012,MAN-YI,2424,2024,19,18,0,11,111.4,17.5,2
2024,table2024.csv,0,0,0,0,0,0,0,1012,MAN-YI,2424,2024,20,0,0,11,110.6,16.5,2
2024,table2024.csv,0,0,0,0,0,0,0,1008,USAGI,2425,2024,9,0,0,11,151.4,6.7,2
2024,table2024.csv,0,0,0,0,0,0,0,1006,USAGI,2425,2024,9,6,0,11,150.3,7.3,2
2024,table2024.csv,0,0,0,0,0,0,0,1006,USAGI,2425,2024,9,12,0,11,149.1,7.9,2
2024,table2024.csv,0,0,0,0,0,0,0,1006,USAGI,2425,2024,9,18,0,11,147.9,8.0,2
2024,table2024.csv,0,0,0,0,0,0,0,1006,USAGI,2425,2024,10,0,0,11,146.3,9.5,2
2024,table2024.csv,0,0,0,0,0,0,0,1006,USAGI,2425,2024,10,6,0,11,144.3,10.3,2
2024,table2024.csv,0,0,0,0,0,0,0,1006,USAGI,2425,2024,10,12,0,11,142.5,10.9,2
2024,table2024.csv,0,0,0,0,0,0,0,1004,USAGI,2425,2024,10,18,0,11,140.8,11.3,2
2024,table2024.csv,0,0,0,0,0,0,0,1004,USAGI,2425,2024,11,0,0,11,139.9,11.7,2
2024,table2024.csv,0,0,0,0,0,0,0,1004,USAGI,2425,2024,11,6,0,11,138.5,12.2,2
2024,table2024.csv,0,0,0,0,0,0,0,1004,USAGI,2425,2024,11,12,0,11,136.7,12.4,2
2024,table2024.csv,120,180,8,0,0,0,0,1002,USAGI,2425,2024,11,18,35,11,135.0,12.6,3
2024,table2024.csv,120,180,8,0,0,0,0,996,USAGI,2425,2024,12,0,45,11,133.5,13.4,3
2024,table2024.csv,150,180,8,0,0,0,0,992,USAGI,2425,2024,12,6,50,11,131.9,14.0,4
2024,table2024.csv,150,150,9,50,50,9,0,990,USAGI,2425,2024,12,12,55,11,130.5,14.2,4
2024,table2024.csv,150,150,9,50,50,9,0,990,USAGI,2425,2024,12,18,55,11,129.0,14.6,4
2024,table2024.csv,150,150,9,50,50,9,0,980,USAGI,2425,2024,13,0,65,11,127.9,15.0,5
2024,table2024.csv,150,150,9,50,50,9,0,970,USAGI,2425,2024,13,6,75,11,126.4,15.7,5
2024,table2024.csv,150,150,9,60,60,9,0,960,USAGI,2425,2024,13,12,80,11,125.3,16.2,5
2024,table2024.csv,150,150,9,60,60,9,0,950,USAGI,2425,2024,13,18,90,11,124.0,16.6,5
2024,table2024.csv,150,150,9,60,60,9,0,940,USAGI,2425,2024,14,0,95,11,123.1,17.2,5
2024,table2024.csv,120,120,9,50,50,9,0,955,USAGI,2425,2024,14,6,85,11,122.2,17.8,5
2024,table2024.csv,120,120,9,40,40,9,0,980,USAGI,2425,2024,14,12,65,11,121.5,18.7,5
2024,table2024.csv,120,120,9,30,30,9,0,985,USAGI,2425,2024,14,18,60,11,120.9,19.3,4
2024,table2024.csv,120,120,9,30,30,9,0,990,USAGI,2425,2024,15,0,55,11,120.3,20.0,4
2024,table2024.csv,100,120,2,0,0,0,0,992,USAGI,2425,2024,15,6,50,11,120.1,20.9,4
2024,table2024.csv,100,120,2,0,0,0,0,994,USAGI,2425,2024,15,12,45,11,120.1,21.4,3
2024,table2024.csv,100,120,2,0,0,0,0,998,USAGI,2425,2024,15,18,40,11,120.2,21.9,3
2024,table2024.csv,0,0,0,0,0,0,0,1006,USAGI,2425,2024,16,0,0,11,120.4,22.3,2
2024,table2024.csv,0,0,0,0,0,0,0,1006,USAGI,2425,2024,16,6,0,11,120.5,22.4,2
2024,table2024.csv,0,0,0,0,0,0,0,1008,USAGI,2425,2024,16,12,0,11,120.5,22.2,2
2024,table2024.csv,0,0,0,0,0,0,0,1004,PABUK,2426,2024,21,18,0,12,115.3,10.1,2
2024,table2024.csv,0,0,0,0,0,0,0,1006,PABUK,2426,2024,22,0,0,12,114.8,10.3,2
2024,table2024.csv,120,270,6,0,0,0,0,1002,PABUK,2426,2024,22,6,35,12,114.2,10.5,3
2024,table2024.csv,120,270,6,0,0,0,0,1002,PABUK,2426,2024,22,12,35,12,113.7,10.6,3
2024,table2024.csv,120,270,6,0,0,0,0,1002,PABUK,2426,2024,22,18,35,12,113.3,10.6,3
2024,table2024.csv,120,270,8,0,0,0,0,1002,PABUK,2426,2024,23,0,35,12,112.9,11.2,3
2024,table2024.csv,120,270,8,0,0,0,0,1002,PABUK,2426,2024,23,6,35,12,112.6,11.2,3
2024,table2024.csv,120,240,7,0,0,0,0,1002,PABUK,2426,2024,23,12,35,12,112.6,11.5,3
2024,table2024.csv,120,240,7,0,0,0,0,1002,PABUK,2426,2024,23,18,35,12,112.4,11.6,3
2024,table2024.csv,120,240,7,0,0,0,0,1002,PABUK,2426,2024,24,0,35,12,112.2,11.5,3
2024,table2024.csv,120,240,7,0,0,0,0,1002,PABUK,2426,2024,24,6,35,12,112.1,11.5,3
2024,table2024.csv,120,240,7,0,0,0,0,1002,PABUK,2426,2024,24,12,35,12,111.9,11.4,3
2024,table2024.csv,0,0,0,0,0,0,0,1006,PABUK,2426,2024,24,18,0,12,111.3,11.1,2
2024,table2024.csv,0,0,0,0,0,0,0,1006,PABUK,2426,2024,25,0,0,12,110.7,10.6,2
2024,table2024.csv,0,0,0,0,0,0,0,1006,PABUK,2426,2024,25,6,0,12,110.3,9.7,2
2024,table2024.csv,0,0,0,0,0,0,0,1008,PABUK,2426,2024,25,12,0,12,110.2,9.4,2
2025,table2025.csv,0,0,0,0,0,0,0,998,WUTIP,2501,2025,10,12,0,6,114.2,15.0,2
2025,table2025.csv,0,0,0,0,0,0,0,996,WUTIP,2501,2025,10,18,0,6,114.3,15.2,2
2025,table2025.csv,0,0,0,0,0,0,0,996,WUTIP,2501,2025,11,0,0,6,113.9,16.2,2
2025,table2025.csv,0,0,0,0,0,0,0,994,WUTIP,2501,2025,11,6,0,6,112.6,16.6,2
2025,table2025.csv,180,180,9,0,0,0,0,992,WUTIP,2501,2025,11,12,35,6,111.3,16.6,3
2025,table2025.csv,180,180,9,0,0,0,0,990,WUTIP,2501,2025,11,18,40,6,110.7,16.9,3
2025,table2025.csv,180,210,8,0,0,0,0,990,WUTIP,2501,2025,12,0,40,6,110.3,17.2,3
2025,table2025.csv,180,210,8,0,0,0,0,985,WUTIP,2501,2025,12,6,45,6,109.8,17.2,3
2025,table2025.csv,180,180,9,0,0,0,0,985,WUTIP,2501,2025,12,12,45,6,109.3,17.4,3
2025,table2025.csv,180,180,9,0,0,0,0,985,WUTIP,2501,2025,12,18,50,6,108.8,17.8,4
2025,table2025.csv,180,180,9,30,30,9,0,980,WUTIP,2501,2025,13,0,55,6,108.4,18.3,4
2025,table2025.csv,180,180,9,30,30,9,0,980,WUTIP,2501,2025,13,6,55,6,108.2,18.7,4
2025,table2025.csv,180,180,9,30,30,9,0,980,WUTIP,2501,2025,13,12,55,6,108.4,18.8,4
2025,table2025.csv,120,180,3,30,30,9,0,980,WUTIP,2501,2025,13,18,55,6,108.7,19.6,4
2025,table2025.csv,120,180,3,30,30,9,0,980,WUTIP,2501,2025,14,0,55,6,108.9,20.2,4
2025,table2025.csv,120,180,3,0,0,0,0,985,WUTIP,2501,2025,14,6,45,6,109.8,21.2,3
2025,table2025.csv,90,120,3,0,0,0,0,994,WUTIP,2501,2025,14,12,35,6,110.7,22.3,3
2025,table2025.csv,0,0,0,0,0,0,0,996,WUTIP,2501,2025,14,18,0,6,111.3,23.3,2
2025,table2025.csv,0,0,0,0,0,0,0,996,WUTIP,2501,2025,15,0,0,6,112.5,24.5,2
2025,table2025.csv,0,0,0,0,0,0,0,998,WUTIP,2501,2025,15,6,0,6,114.3,25.3,2
2025,table2025.csv,0,0,0,0,0,0,0,998,WUTIP,2501,2025,15,12,0,6,117.5,26.9,6
2025,table2025.csv,0,0,0,0,0,0,0,1000,WUTIP,2501,2025,15,18,0,6,120.7,28.1,6
2025,table2025.csv,0,0,0,0,0,0,0,1008,SEPAT,2502,2025,21,6,0,6,147.0,20.9,2
2025,table2025.csv,0,0,0,0,0,0,0,1010,SEPAT,2502,2025,21,12,0,6,146.7,21.4,2
2025,table2025.csv,0,0,0,0,0,0,0,1008,SEPAT,2502,2025,21,18,0,6,146.3,21.7,2
2025,table2025.csv,0,0,0,0,0,0,0,1008,SEPAT,2502,2025,22,0,0,6,146.1,22.4,2
2025,table2025.csv,0,0,0,0,0,0,0,1008,SEPAT,2502,2025,22,6,0,6,146.4,22.9,2
2025,table2025.csv,0,0,0,0,0,0,0,1008,SEPAT,2502,2025,22,12,0,6,145.9,23.3,2
2025,table2025.csv,0,0,0,0,0,0,0,1006,SEPAT,2502,2025,22,18,0,6,145.3,23.9,2
2025,table2025.csv,0,0,0,0,0,0,0,1006,SEPAT,2502,2025,23,0,0,6,144.7,24.6,2
2025,table2025.csv,60,150,1,0,0,0,0,1004,SEPAT,2502,2025,23,6,35,6,144.0,25.8,3
2025,table2025.csv,60,150,1,0,0,0,0,1004,SEPAT,2502,2025,23,12,35,6,143.4,27.0,3
2025,table2025.csv,60,150,1,0,0,0,0,1004,SEPAT,2502,2025,23,18,35,6,141.9,28.3,3
2025,table2025.csv,60,90,2,0,0,0,0,1004,SEPAT,2502,2025,24,0,35,6,141.0,29.2,3
2025,table2025.csv,60,90,2,0,0,0,0,1004,SEPAT,2502,2025,24,6,35,6,140.4,30.0,3
2025,table2025.csv,0,0,0,0,0,0,0,1006,SEPAT,2502,2025,24,12,0,6,140.1,30.6,2
2025,table2025.csv,0,0,0,0,0,0,0,1006,SEPAT,2502,2025,24,18,0,6,139.8,31.3,2
2025,table2025.csv,0,0,0,0,0,0,0,1008,SEPAT,2502,2025,25,0,0,6,139.5,31.9,2
2025,table2025.csv,0,0,0,0,0,0,0,1006,SEPAT,2502,2025,25,6,0,6,139.5,32.8,2
2025,table2025.csv,0,0,0,0,0,0,0,1008,SEPAT,2502,2025,25,12,0,6,139.7,33.5,2
2025,table2025.csv,0,0,0,0,0,0,0,1008,SEPAT,2502,2025,25,18,0,6,140.3,34.5,2
2025,table2025.csv,0,0,0,0,0,0,0,1006,SEPAT,2502,2025,26,0,0,6,141.5,35.8,2
2025,table2025.csv,0,0,0,0,0,0,0,1004,SEPAT,2502,2025,26,6,0,6,143.9,37.2,2
2025,table2025.csv,0,0,0,0,0,0,0,1004,SEPAT,2502,2025,26,12,0,6,145.9,38.6,2
2025,table2025.csv,0,0,0,0,0,0,0,1010,MUN,2503,2025,1,0,0,7,148.8,21.8,2
2025,table2025.csv,0,0,0,0,0,0,0,1008,MUN,2503,2025,1,6,0,7,148.2,22.7,2
2025,table2025.csv,0,0,0,0,0,0,0,1008,MUN,2503,2025,1,12,0,7,148.0,23.4,2
2025,table2025.csv,0,0,0,0,0,0,0,1006,MUN,2503,2025,1,18,0,7,147.5,24.3,2
2025,table2025.csv,0,0,0,0,0,0,0,1006,MUN,2503,2025,2,0,0,7,147.4,24.9,2
2025,table2025.csv,120,120,9,0,0,0,0,1004,MUN,2503,2025,2,6,35,7,146.8,25.6,3
2025,table2025.csv,120,120,9,0,0,0,0,1004,MUN,2503,2025,2,12,35,7,146.4,26.1,3
2025,table2025.csv,120,120,9,0,0,0,0,1002,MUN,2503,2025,2,18,35,7,145.9,26.5,3
2025,table2025.csv,120,120,9,0,0,0,0,1000,MUN,2503,2025,3,0,40,7,145.5,26.9,3
2025,table2025.csv,120,120,9,0,0,0,0,998,MUN,2503,2025,3,6,40,7,145.5,27.7,3
2025,table2025.csv,120,120,9,0,0,0,0,998,MUN,2503,2025,3,12,40,7,145.4,28.4,3
2025,table2025.csv,90,150,2,0,0,0,0,996,MUN,2503,2025,3,18,40,7,145.1,29.0,3
2025,table2025.csv,90,150,2,0,0,0,0,996,MUN,2503,2025,4,0,40,7,145.2,29.7,3
2025,table2025.csv,90,150,2,0,0,0,0,996,MUN,2503,2025,4,6,40,7,145.3,30.1,3
2025,table2025.csv,90,150,2,0,0,0,0,996,MUN,2503,2025,4,12,40,7,145.7,30.5,3
2025,table2025.csv,90,150,2,0,0,0,0,996,MUN,2503,2025,4,18,40,7,146.0,30.8,3
2025,table2025.csv,90,150,2,0,0,0,0,996,MUN,2503,2025,5,0,40,7,146.3,31.1,3
2025,table2025.csv,90,150,2,0,0,0,0,996,MUN,2503,2025,5,6,40,7,147.0,31.1,3
2025,table2025.csv,90,150,3,0,0,0,0,996,MUN,2503,2025,5,12,40,7,148.0,31.2,3
2025,table2025.csv,90,150,3,0,0,0,0,992,MUN,2503,2025,5,18,45,7,148.8,31.7,3
2025,table2025.csv,90,150,3,0,0,0,0,992,MUN,2503,2025,6,0,45,7,149.2,32.2,3
2025,table2025.csv,90,150,3,0,0,0,0,990,MUN,2503,2025,6,6,50,7,149.6,32.6,4
2025,table2025.csv,90,150,3,0,0,0,0,990,MUN,2503,2025,6,12,50,7,149.6,33.4,4
2025,table2025.csv,90,150,3,0,0,0,0,990,MUN,2503,2025,6,18,50,7,149.7,34.0,4
2025,table2025.csv,90,150,3,0,0,0,0,992,MUN,2503,2025,7,0,45,7,148.9,34.8,3
2025,table2025.csv,90,150,3,0,0,0,0,996,MUN,2503,2025,7,6,40,7,148.4,35.7,3
2025,table2025.csv,60,90,2,0,0,0,0,998,MUN,2503,2025,7,12,35,7,148.0,36.7,3
2025,table2025.csv,60,90,2,0,0,0,0,998,MUN,2503,2025,7,18,35,7,148.2,38.1,3
2025,table2025.csv,0,0,0,0,0,0,0,1002,MUN,2503,2025,8,0,0,7,149.0,39.0,6
2025,table2025.csv,0,0,0,0,0,0,0,1004,MUN,2503,2025,8,6,0,7,150.4,40.7,6
2025,table2025.csv,0,0,0,0,0,0,0,1004,MUN,2503,2025,8,12,0,7,155.3,45.5,6
2025,table2025.csv,0,0,0,0,0,0,0,1000,MUN,2503,2025,8,18,0,7,157.1,46.3,6
2025,table2025.csv,0,0,0,0,0,0,0,998,MUN,2503,2025,9,0,0,7,161.9,46.6,6
2025,table2025.csv,0,0,0,0,0,0,0,996,MUN,2503,2025,9,6,0,7,164.5,47.1,6
2025,table2025.csv,0,0,0,0,0,0,0,996,MUN,2503,2025,9,12,0,7,166.2,47.3,6
2025,table2025.csv,0,0,0,0,0,0,0,994,MUN,2503,2025,9,18,0,7,167.3,47.6,6
2025,table2025.csv,0,0,0,0,0,0,0,996,MUN,2503,2025,10,0,0,7,168.8,47.5,6
2025,table2025.csv,0,0,0,0,0,0,0,998,MUN,2503,2025,10,6,0,7,170.6,47.4,6
2025,table2025.csv,0,0,0,0,0,0,0,1000,MUN,2503,2025,10,12,0,7,173.4,47.1,6
2025,table2025.csv,0,0,0,0,0,0,0,1004,MUN,2503,2025,10,18,0,7,177.1,47.0,6
2025,table2025.csv,0,0,0,0,0,0,0,1004,MUN,2503,2025,11,0,0,7,183.3,47.9,6
2025,table2025.csv,0,0,0,0,0,0,0,1004,DANAS,2504,2025,3,0,0,7,122.4,19.6,2
2025,table2025.csv,0,0,0,0,0,0,0,1004,DANAS,2504,2025,3,6,0,7,121.7,20.3,2
2025,table2025.csv,0,0,0,0,0,0,0,1004,DANAS,2504,2025,3,12,0,7,120.1,19.9,2
2025,table2025.csv,0,0,0,0,0,0,0,1002,DANAS,2504,2025,3,18,0,7,119.4,19.6,2
2025,table2025.csv,0,0,0,0,0,0,0,1002,DANAS,2504,2025,4,0,0,7,118.7,19.2,2
2025,table2025.csv,0,0,0,0,0,0,0,1000,DANAS,2504,2025,4,6,0,7,118.2,19.2,2
2025,table2025.csv,90,150,3,0,0,0,0,998,DANAS,2504,2025,4,12,35,7,117.8,19.3,3
2025,table2025.csv,90,150,3,0,0,0,0,996,DANAS,2504,2025,4,18,35,7,117.7,19.6,3
2025,table2025.csv,120,180,3,0,0,0,0,994,DANAS,2504,2025,5,0,40,7,117.8,19.9,3
2025,table2025.csv,120,180,3,0,0,0,0,990,DANAS,2504,2025,5,6,45,7,117.9,20.2,3
2025,table2025.csv,120,180,3,0,0,0,0,990,DANAS,2504,2025,5,12,45,7,117.9,20.6,3
2025,table2025.csv,120,180,3,0,0,0,0,985,DANAS,2504,2025,5,18,50,7,117.9,20.9,4
2025,table2025.csv,120,210,3,50,50,9,0,980,DANAS,2504,2025,6,0,55,7,118.2,21.6,4
2025,table2025.csv,120,210,3,60,60,9,0,970,DANAS,2504,2025,6,6,70,7,118.8,22.1,5
2025,table2025.csv,120,240,3,60,60,9,0,965,DANAS,2504,2025,6,12,75,7,119.6,22.9,5
2025,table2025.csv,120,240,3,50,50,9,0,970,DANAS,2504,2025,6,18,65,7,120.8,24.5,5
2025,table2025.csv,120,240,3,40,40,9,0,975,DANAS,2504,2025,7,0,60,7,120.9,26.0,4
2025,table2025.csv,120,240,3,40,40,9,0,980,DANAS,2504,2025,7,6,55,7,121.5,26.7,4
2025,table2025.csv,120,210,3,0,0,0,0,985,DANAS,2504,2025,7,12,50,7,122.0,26.9,4
2025,table2025.csv,120,180,3,0,0,0,0,990,DANAS,2504,2025,7,18,45,7,122.3,27.3,3
2025,table2025.csv,120,150,3,0,0,0,0,994,DANAS,2504,2025,8,0,40,7,122.2,27.9,3
2025,table2025.csv,90,120,3,0,0,0,0,992,DANAS,2504,2025,8,6,35,7,121.8,27.9,3
2025,table2025.csv,90,120,3,0,0,0,0,992,DANAS,2504,2025,8,12,35,7,121.2,27.8,3
2025,table2025.csv,90,120,3,0,0,0,0,994,DANAS,2504,2025,8,18,35,7,120.1,27.3,3
2025,table2025.csv,0,0,0,0,0,0,0,996,DANAS,2504,2025,9,0,0,7,119.0,27.0,2
2025,table2025.csv,0,0,0,0,0,0,0,996,DANAS,2504,2025,9,6,0,7,118.0,26.7,2
2025,table2025.csv,0,0,0,0,0,0,0,996,DANAS,2504,2025,9,12,0,7,116.3,25.9,2
2025,table2025.csv,0,0,0,0,0,0,0,996,DANAS,2504,2025,9,18,0,7,115.7,24.8,2
2025,table2025.csv,0,0,0,0,0,0,0,996,DANAS,2504,2025,10,0,0,7,115.4,24.0,2
2025,table2025.csv,0,0,0,0,0,0,0,996,DANAS,2504,2025,10,6,0,7,115.1,23.1,2
2025,table2025.csv,0,0,0,0,0,0,0,996,DANAS,2504,2025,10,12,0,7,114.6,22.9,2
2025,table2025.csv,0,0,0,0,0,0,0,996,DANAS,2504,2025,10,18,0,7,114.1,22.7,2
2025,table2025.csv,0,0,0,0,0,0,0,998,DANAS,2504,2025,11,0,0,7,113.6,22.5,2
2025,table2025.csv,0,0,0,0,0,0,0,1004,NARI,2505,2025,9,18,0,7,141.6,19.2,2
2025,table2025.csv,0,0,0,0,0,0,0,1004,NARI,2505,2025,10,0,0,7,142.4,20.6,2
2025,table2025.csv,0,0,0,0,0,0,0,1004,NARI,2505,2025,10,6,0,7,142.4,22.0,2
2025,table2025.csv,0,0,0,0,0,0,0,1004,NARI,2505,2025,10,12,0,7,141.9,23.1,2
2025,table2025.csv,0,0,0,0,0,0,0,1004,NARI,2505,2025,10,18,0,7,141.2,24.3,2
2025,table2025.csv,0,0,0,0,0,0,0,1004,NARI,2505,2025,11,0,0,7,140.4,25.0,2
2025,table2025.csv,0,0,0,0,0,0,0,1004,NARI,2505,2025,11,6,0,7,140.0,25.0,2
2025,table2025.csv,0,0,0,0,0,0,0,1004,NARI,2505,2025,11,12,0,7,140.0,25.1,2
2025,table2025.csv,0,0,0,0,0,0,0,1002,NARI,2505,2025,11,18,0,7,140.1,25.1,2
2025,table2025.csv,0,0,0,0,0,0,0,1002,NARI,2505,2025,12,0,0,7,140.6,24.9,2
2025,table2025.csv,0,0,0,0,0,0,0,1000,NARI,2505,2025,12,6,0,7,141.5,24.7,2
2025,table2025.csv,0,0,0,0,0,0,0,1000,NARI,2505,2025,12,12,0,7,141.9,24.9,2
2025,table2025.csv,120,240,3,0,0,0,0,998,NARI,2505,2025,12,18,35,7,142.2,25.2,3
2025,table2025.csv,150,300,3,0,0,0,0,996,NARI,2505,2025,13,0,40,7,142.5,25.9,3
2025,table2025.csv,180,350,3,0,0,0,0,994,NARI,2505,2025,13,6,40,7,143.1,27.7,3
2025,table2025.csv,180,350,3,0,0,0,0,992,NARI,2505,2025,13,12,45,7,143.2,30.2,3
2025,table2025.csv,150,350,2,0,0,0,0,990,NARI,2505,2025,13,18,45,7,142.0,32.3,3
2025,table2025.csv,150,350,2,0,0,0,0,990,NARI,2505,2025,14,0,45,7,142.3,34.0,3
2025,table2025.csv,120,300,2,0,0,0,0,990,NARI,2505,2025,14,3,45,7,142.5,35.3,3
2025,table2025.csv,120,300,3,0,0,0,0,990,NARI,2505,2025,14,6,40,7,142.5,36.9,3
2025,table2025.csv,120,300,3,0,0,0,0,990,NARI,2505,2025,14,9,40,7,142.6,38.3,3
2025,table2025.csv,120,300,3,0,0,0,0,992,NARI,2505,2025,14,12,40,7,142.8,39.7,3
2025,table2025.csv,120,240,3,0,0,0,0,992,NARI,2505,2025,14,15,40,7,143.1,41.2,3
2025,table2025.csv,90,210,3,0,0,0,1,994,NARI,2505,2025,14,17,40,7,143.2,42.0,3
2025,table2025.csv,90,180,3,0,0,0,0,996,NARI,2505,2025,14,18,40,7,143.3,42.5,3
2025,table2025.csv,90,180,3,0,0,0,0,998,NARI,2505,2025,14,21,35,7,144.1,43.9,3
2025,table2025.csv,0,0,0,0,0,0,0,998,NARI,2505,2025,15,0,0,7,145.1,45.0,6
2025,table2025.csv,0,0,0,0,0,0,0,1002,NARI,2505,2025,15,6,0,7,147.6,46.8,6
2025,table2025.csv,0,0,0,0,0,0,0,1006,NARI,2505,2025,15,12,0,7,151.7,47.8,6
2025,table2025.csv,0,0,0,0,0,0,0,1008,NARI,2505,2025,15,18,0,7,156.9,48.5,6
2025,table2025.csv,0,0,0,0,0,0,0,1008,NARI,2505,2025,16,0,0,7,162.7,48.3,6
2025,table2025.csv,0,0,0,0,0,0,0,1006,NARI,2505,2025,16,6,0,7,169.4,47.4,6
2025,table2025.csv,0,0,0,0,0,0,0,1004,NARI,2505,2025,16,12,0,7,174.8,46.7,6
2025,table2025.csv,0,0,0,0,0,0,0,1002,NARI,2505,2025,16,18,0,7,179.8,46.7,6
2025,table2025.csv,0,0,0,0,0,0,0,1000,NARI,2505,2025,17,0,0,7,183.7,47.9,6
2025,table2025.csv,0,0,0,0,0,0,0,1002,WIPHA,2506,2025,16,6,0,7,130.7,14.1,2
2025,table2025.csv,0,0,0,0,0,0,0,1002,WIPHA,2506,2025,16,12,0,7,129.4,14.5,2
2025,table2025.csv,0,0,0,0,0,0,0,1000,WIPHA,2506,2025,16,18,0,7,128.6,14.6,2
2025,table2025.csv,0,0,0,0,0,0,0,1000,WIPHA,2506,2025,17,0,0,7,128.2,14.9,2
2025,table2025.csv,0,0,0,0,0,0,0,998,WIPHA,2506,2025,17,6,0,7,127.3,15.4,2
2025,table2025.csv,0,0,0,0,0,0,0,998,WIPHA,2506,2025,17,12,0,7,126.2,16.1,2
2025,table2025.csv,0,0,0,0,0,0,0,996,WIPHA,2506,2025,17,18,0,7,125.1,16.7,2
2025,table2025.csv,150,300,1,0,0,0,0,994,WIPHA,2506,2025,18,0,35,7,124.1,17.4,3
2025,table2025.csv,150,300,1,0,0,0,0,990,WIPHA,2506,2025,18,6,35,7,123.0,18.6,3
2025,table2025.csv,180,350,2,0,0,0,0,990,WIPHA,2506,2025,18,12,35,7,122.3,19.6,3
2025,table2025.csv,180,240,2,0,0,0,0,985,WIPHA,2506,2025,18,18,40,7,120.9,19.9,3
2025,table2025.csv,180,240,5,0,0,0,0,985,WIPHA,2506,2025,19,0,45,7,120.0,20.0,3
2025,table2025.csv,180,240,5,0,0,0,0,980,WIPHA,2506,2025,19,6,50,7,119.0,20.6,4
2025,table2025.csv,180,240,3,0,0,0,0,980,WIPHA,2506,2025,19,12,50,7,117.7,21.2,4
2025,table2025.csv,180,240,3,0,0,0,0,980,WIPHA,2506,2025,19,18,50,7,116.0,21.5,4
2025,table2025.csv,180,300,3,30,50,3,0,980,WIPHA,2506,2025,20,0,55,7,114.7,21.6,4
2025,table2025.csv,120,240,3,30,50,3,0,975,WIPHA,2506,2025,20,6,60,7,113.3,21.9,4
2025,table2025.csv,120,240,3,30,50,3,0,980,WIPHA,2506,2025,20,12,55,7,112.2,21.8,4
2025,table2025.csv,150,300,4,0,0,0,0,980,WIPHA,2506,2025,20,18,50,7,110.7,21.8,4
2025,table2025.csv,150,300,4,0,0,0,0,985,WIPHA,2506,2025,21,0,45,7,109.8,21.4,3
2025,table2025.csv,120,210,4,0,0,0,0,985,WIPHA,2506,2025,21,6,45,7,109.3,21.2,3
2025,table2025.csv,90,120,4,0,0,0,0,980,WIPHA,2506,2025,21,12,50,7,108.2,20.9,4
2025,table2025.csv,90,120,4,15,30,3,0,975,WIPHA,2506,2025,21,18,55,7,107.3,20.6,4
2025,table2025.csv,90,120,3,0,0,0,0,980,WIPHA,2506,2025,22,0,50,7,106.7,20.4,4
2025,table2025.csv,90,120,3,0,0,0,0,985,WIPHA,2506,2025,22,6,40,7,106.3,20.4,3
2025,table2025.csv,0,0,0,0,0,0,0,990,WIPHA,2506,2025,22,12,0,7,104.3,19.9,2
2025,table2025.csv,0,0,0,0,0,0,0,994,WIPHA,2506,2025,22,18,0,7,102.4,19.9,2
2025,table2025.csv,0,0,0,0,0,0,0,1000,FRANCISCO,2507,2025,22,6,0,7,132.9,17.6,2
2025,table2025.csv,0,0,0,0,0,0,0,1000,FRANCISCO,2507,2025,22,12,0,7,132.3,19.0,2
2025,table2025.csv,0,0,0,0,0,0,0,1000,FRANCISCO,2507,2025,22,18,0,7,131.2,19.8,2
2025,table2025.csv,150,350,1,0,0,0,0,996,FRANCISCO,2507,2025,23,0,35,7,130.4,20.4,3
2025,table2025.csv,150,350,1,0,0,0,0,996,FRANCISCO,2507,2025,23,6,35,7,130.1,21.9,3
2025,table2025.csv,150,300,1,0,0,0,0,994,FRANCISCO,2507,2025,23,12,40,7,129.5,22.5,3
2025,table2025.csv,150,300,1,0,0,0,0,994,FRANCISCO,2507,2025,23,18,40,7,128.8,23.3,3
2025,table2025.csv,150,350,1,0,0,0,0,994,FRANCISCO,2507,2025,24,0,40,7,128.1,24.0,3
2025,table2025.csv,180,350,2,0,0,0,0,992,FRANCISCO,2507,2025,24,6,40,7,128.1,24.8,3
2025,table2025.csv,180,350,2,0,0,0,0,990,FRANCISCO,2507,2025,24,12,40,7,127.0,26.2,3
2025,table2025.csv,180,350,2,0,0,0,0,990,FRANCISCO,2507,2025,24,18,40,7,125.0,26.7,3
2025,table2025.csv,150,300,1,0,0,0,0,992,FRANCISCO,2507,2025,25,0,35,7,123.7,26.7,3
2025,table2025.csv,0,0,0,0,0,0,0,992,FRANCISCO,2507,2025,25,6,0,7,122.7,26.5,2
2025,table2025.csv,0,0,0,0,0,0,0,994,FRANCISCO,2507,2025,25,12,0,7,121.8,26.2,2
2025,table2025.csv,0,0,0,0,0,0,0,994,FRANCISCO,2507,2025,25,18,0,7,121.0,26.3,2
2025,table2025.csv,0,0,0,0,0,0,0,996,FRANCISCO,2507,2025,26,0,0,7,120.8,26.5,2
2025,table2025.csv,0,0,0,0,0,0,0,996,FRANCISCO,2507,2025,26,6,0,7,120.5,26.7,2
2025,table2025.csv,0,0,0,0,0,0,0,998,FRANCISCO,2507,2025,26,12,0,7,119.6,26.4,2
2025,table2025.csv,0,0,0,0,0,0,0,1002,CO-MAY,2508,2025,22,0,0,7,124.2,19.7,2
2025,table2025.csv,0,0,0,0,0,0,0,1000,CO-MAY,2508,2025,22,6,0,7,123.6,19.7,2
2025,table2025.csv,0,0,0,0,0,0,0,1000,CO-MAY,2508,2025,22,12,0,7,122.7,19.5,2
2025,table2025.csv,0,0,0,0,0,0,0,998,CO-MAY,2508,2025,22,18,0,7,121.6,19.4,2
2025,table2025.csv,0,0,0,0,0,0,0,996,CO-MAY,2508,2025,23,0,0,7,119.7,18.9,2
2025,table2025.csv,0,0,0,0,0,0,0,996,CO-MAY,2508,2025,23,6,0,7,119.5,18.1,2
2025,table2025.csv,120,180,5,0,0,0,0,994,CO-MAY,2508,2025,23,12,35,7,118.8,17.7,3
2025,table2025.csv,120,210,4,0,0,0,0,992,CO-MAY,2508,2025,23,18,40,7,117.9,16.8,3
2025,table2025.csv,120,240,4,0,0,0,0,985,CO-MAY,2508,2025,24,0,50,7,118.4,16.3,4
2025,table2025.csv,120,240,4,40,40,9,0,980,CO-MAY,2508,2025,24,6,55,7,118.7,16.3,4
2025,table2025.csv,120,240,4,45,45,9,0,975,CO-MAY,2508,2025,24,12,60,7,119.1,16.3,4
2025,table2025.csv,120,300,3,40,40,9,0,980,CO-MAY,2508,2025,24,18,55,7,119.9,16.9,4
2025,table2025.csv,120,300,3,0,0,0,0,990,CO-MAY,2508,2025,25,0,45,7,122.2,18.1,3
2025,table2025.csv,120,300,3,0,0,0,0,990,CO-MAY,2508,2025,25,6,45,7,122.3,19.6,3
2025,table2025.csv,90,240,3,0,0,0,0,992,CO-MAY,2508,2025,25,12,35,7,123.8,21.4,3
2025,table2025.csv,0,0,0,0,0,0,0,994,CO-MAY,2508,2025,25,18,0,7,124.8,23.5,2
2025,table2025.csv,0,0,0,0,0,0,0,996,CO-MAY,2508,2025,26,0,0,7,125.7,25.2,2
2025,table2025.csv,0,0,0,0,0,0,0,996,CO-MAY,2508,2025,26,6,0,7,126.5,26.5,2
2025,table2025.csv,0,0,0,0,0,0,0,996,CO-MAY,2508,2025,26,12,0,7,126.9,26.8,2
2025,table2025.csv,0,0,0,0,0,0,0,994,CO-MAY,2508,2025,26,18,0,7,127.4,26.7,2
2025,table2025.csv,0,0,0,0,0,0,0,994,CO-MAY,2508,2025,27,0,0,7,128.2,26.6,2
2025,table2025.csv,120,180,1,0,0,0,0,992,CO-MAY,2508,2025,27,6,35,7,128.8,26.5,3
2025,table2025.csv,120,210,1,0,0,0,0,990,CO-MAY,2508,2025,27,12,40,7,129.6,26.1,3
2025,table2025.csv,120,240,1,0,0,0,0,990,CO-MAY,2508,2025,27,18,40,7,128.8,26.5,3
2025,table2025.csv,150,270,1,0,0,0,0,990,CO-MAY,2508,2025,28,0,40,7,128.0,26.2,3
2025,table2025.csv,150,270,1,0,0,0,1,988,CO-MAY,2508,2025,28,6,40,7,128.0,26.6,3
2025,table2025.csv,150,270,1,0,0,0,0,988,CO-MAY,2508,2025,28,12,40,7,126.4,26.8,3
2025,table2025.csv,150,270,1,0,0,0,0,990,CO-MAY,2508,2025,28,18,35,7,125.2,26.8,3
2025,table2025.csv,150,270,1,0,0,0,0,990,CO-MAY,2508,2025,29,0,35,7,124.8,27.4,3
2025,table2025.csv,150,270,1,0,0,0,0,990,CO-MAY,2508,2025,29,6,35,7,124.1,28.1,3
2025,table2025.csv,150,270,1,0,0,0,0,990,CO-MAY,2508,2025,29,12,35,7,123.6,28.6,3
2025,table2025.csv,150,270,1,0,0,0,0,980,CO-MAY,2508,2025,29,18,40,7,123.1,29.7,3
2025,table2025.csv,150,270,1,0,0,0,0,980,CO-MAY,2508,2025,30,0,40,7,122.4,30.2,3
2025,table2025.csv,150,270,1,0,0,0,0,980,CO-MAY,2508,2025,30,6,40,7,121.8,30.8,3
2025,table2025.csv,100,180,1,0,0,0,0,980,CO-MAY,2508,2025,30,12,40,7,121.1,31.0,3
2025,table2025.csv,100,180,1,0,0,0,0,985,CO-MAY,2508,2025,30,18,35,7,120.1,31.3,3
2025,table2025.csv,0,0,0,0,0,0,0,990,CO-MAY,2508,2025,31,0,0,7,119.5,31.5,2
2025,table2025.csv,0,0,0,0,0,0,0,992,CO-MAY,2508,2025,31,6,0,7,119.1,31.8,2
2025,table2025.csv,0,0,0,0,0,0,0,994,CO-MAY,2508,2025,31,12,0,7,118.4,31.8,2
2025,table2025.csv,0,0,0,0,0,0,0,994,CO-MAY,2508,2025,31,18,0,7,117.6,31.8,2
2025,table2025.csv,0,0,0,0,0,0,0,996,CO-MAY,2508,2025,1,0,0,8,117.5,31.9,2
2025,table2025.csv,0,0,0,0,0,0,0,996,CO-MAY,2508,2025,1,6,0,8,117.5,31.6,2
2025,table2025.csv,0,0,0,0,0,0,0,996,CO-MAY,2508,2025,1,12,0,8,117.6,31.7,2
2025,table2025.csv,0,0,0,0,0,0,0,996,CO-MAY,2508,2025,1,18,0,8,117.8,32.1,2
2025,table2025.csv,0,0,0,0,0,0,0,998,CO-MAY,2508,2025,2,0,0,8,118.5,32.6,2
2025,table2025.csv,0,0,0,0,0,0,0,996,CO-MAY,2508,2025,2,6,0,8,119.1,32.6,2
2025,table2025.csv,0,0,0,0,0,0,0,996,CO-MAY,2508,2025,2,12,0,8,119.6,32.7,2
2025,table2025.csv,0,0,0,0,0,0,0,996,CO-MAY,2508,2025,2,18,0,8,120.3,33.4,2
2025,table2025.csv,0,0,0,0,0,0,0,996,CO-MAY,2508,2025,3,0,0,8,121.0,34.3,2
2025,table2025.csv,0,0,0,0,0,0,0,996,CO-MAY,2508,2025,3,6,0,8,122.5,34.8,2
2025,table2025.csv,0,0,0,0,0,0,0,1006,KROSA,2509,2025,23,12,0,7,145.0,12.3,2
2025,table2025.csv,0,0,0,0,0,0,0,1004,KROSA,2509,2025,23,18,0,7,144.4,12.8,2
2025,table2025.csv,120,150,4,0,0,0,0,1002,KROSA,2509,2025,24,0,35,7,143.7,13.3,3
2025,table2025.csv,120,150,4,0,0,0,0,1002,KROSA,2509,2025,24,6,35,7,143.7,14.3,3
2025,table2025.csv,120,180,4,0,0,0,0,1002,KROSA,2509,2025,24,12,35,7,143.5,15.5,3
2025,table2025.csv,120,180,4,0,0,0,0,1000,KROSA,2509,2025,24,18,35,7,143.0,16.2,3
2025,table2025.csv,150,240,4,0,0,0,0,998,KROSA,2509,2025,25,0,40,7,143.5,16.9,3
2025,table2025.csv,150,240,4,0,0,0,0,996,KROSA,2509,2025,25,6,40,7,143.5,17.0,3
2025,table2025.csv,210,300,4,0,0,0,0,992,KROSA,2509,2025,25,12,45,7,143.6,17.2,3
2025,table2025.csv,210,300,4,0,0,0,0,992,KROSA,2509,2025,25,18,45,7,143.9,17.4,3
2025,table2025.csv,210,300,4,0,0,0,0,992,KROSA,2509,2025,26,0,45,7,144.1,17.7,3
2025,table2025.csv,210,350,4,0,0,0,0,990,KROSA,2509,2025,26,6,50,7,144.3,18.1,4
2025,table2025.csv,240,375,4,50,50,9,0,985,KROSA,2509,2025,26,12,55,7,144.9,18.5,4
2025,table2025.csv,270,400,4,60,60,9,0,975,KROSA,2509,2025,26,18,65,7,145.2,19.4,5
2025,table2025.csv,300,450,3,70,70,9,0,965,KROSA,2509,2025,27,0,75,7,145.4,20.6,5
2025,table2025.csv,300,450,3,70,70,9,0,965,KROSA,2509,2025,27,6,75,7,145.5,21.6,5
2025,table2025.csv,240,400,3,70,70,9,0,965,KROSA,2509,2025,27,12,75,7,145.6,23.3,5
2025,table2025.csv,240,400,3,70,70,9,0,965,KROSA,2509,2025,27,18,75,7,145.4,24.3,5
2025,table2025.csv,210,350,3,70,70,9,0,965,KROSA,2509,2025,28,0,75,7,145.2,25.8,5
2025,table2025.csv,210,350,3,70,70,9,0,965,KROSA,2509,2025,28,3,75,7,144.8,26.4,5
2025,table2025.csv,180,300,3,70,70,9,0,965,KROSA,2509,2025,28,6,70,7,144.5,26.9,5
2025,table2025.csv,180,300,3,70,70,9,0,965,KROSA,2509,2025,28,9,70,7,144.3,27.1,5
2025,table2025.csv,150,240,3,70,70,9,0,970,KROSA,2509,2025,28,12,65,7,144.1,27.3,5
2025,table2025.csv,150,240,3,70,70,9,0,970,KROSA,2509,2025,28,15,65,7,143.9,27.5,5
2025,table2025.csv,150,180,2,60,60,9,0,975,KROSA,2509,2025,28,18,60,7,143.6,27.8,4
2025,table2025.csv,150,180,2,60,60,9,0,975,KROSA,2509,2025,28,21,60,7,143.4,28.0,4
2025,table2025.csv,150,180,2,60,60,9,0,975,KROSA,2509,2025,29,0,60,7,143.2,28.2,4
2025,table2025.csv,150,180,2,60,60,9,0,975,KROSA,2509,2025,29,3,60,7,143.0,28.4,4
2025,table2025.csv,150,180,2,60,60,9,0,975,KROSA,2509,2025,29,6,60,7,142.9,28.5,4
2025,table2025.csv,120,150,2,0,0,0,0,980,KROSA,2509,2025,29,12,50,7,142.9,28.6,4
2025,table2025.csv,120,150,2,0,0,0,0,985,KROSA,2509,2025,29,18,45,7,142.8,28.7,3
2025,table2025.csv,120,150,2,0,0,0,0,985,KROSA,2509,2025,30,0,45,7,142.9,28.8,3
2025,table2025.csv,150,150,9,0,0,0,0,980,KROSA,2509,2025,30,6,50,7,143.2,28.9,4
2025,table2025.csv,150,150,9,0,0,0,0,980,KROSA,2509,2025,30,12,50,7,143.3,29.2,4
2025,table2025.csv,150,150,9,0,0,0,0,980,KROSA,2509,2025,30,18,50,7,143.2,29.6,4
2025,table2025.csv,150,150,9,0,0,0,0,980,KROSA,2509,2025,31,0,50,7,143.0,30.0,4
2025,table2025.csv,150,150,9,0,0,0,0,980,KROSA,2509,2025,31,6,50,7,142.7,30.5,4
2025,table2025.csv,180,180,9,0,0,0,0,980,KROSA,2509,2025,31,12,50,7,142.4,31.1,4
2025,table2025.csv,180,180,9,0,0,0,0,980,KROSA,2509,2025,31,18,50,7,142.1,31.7,4
2025,table2025.csv,180,180,9,0,0,0,0,980,KROSA,2509,2025,1,0,50,8,141.8,32.6,4
2025,table2025.csv,180,180,9,0,0,0,0,980,KROSA,2509,2025,1,3,50,8,141.6,33.2,4
2025,table2025.csv,150,180,3,0,0,0,0,980,KROSA,2509,2025,1,6,50,8,141.5,33.9,4
2025,table2025.csv,150,180,3,0,0,0,0,980,KROSA,2509,2025,1,9,50,8,141.4,34.2,4
2025,table2025.csv,120,210,3,0,0,0,0,980,KROSA,2509,2025,1,12,50,8,141.3,34.6,4
2025,table2025.csv,120,210,3,0,0,0,0,980,KROSA,2509,2025,1,15,50,8,141.4,34.9,4
2025,table2025.csv,120,210,3,0,0,0,0,980,KROSA,2509,2025,1,18,50,8,141.7,35.2,4
2025,table2025.csv,120,210,3,0,0,0,0,980,KROSA,2509,2025,1,21,50,8,142.2,35.7,4
2025,table2025.csv,120,240,3,0,0,0,0,980,KROSA,2509,2025,2,0,50,8,142.8,36.4,4
2025,table2025.csv,120,240,3,0,0,0,0,980,KROSA,2509,2025,2,6,50,8,143.9,37.6,4
2025,table2025.csv,120,240,3,0,0,0,0,980,KROSA,2509,2025,2,12,50,8,146.1,38.4,4
2025,table2025.csv,120,240,3,0,0,0,0,980,KROSA,2509,2025,2,18,50,8,148.4,39.1,4
2025,table2025.csv,90,210,4,0,0,0,0,985,KROSA,2509,2025,3,0,45,8,151.1,39.8,3
2025,table2025.csv,90,210,4,0,0,0,0,985,KROSA,2509,2025,3,6,45,8,154.4,40.6,3
2025,table2025.csv,90,210,4,0,0,0,0,990,KROSA,2509,2025,3,12,40,8,157.8,41.3,3
2025,table2025.csv,90,210,2,0,0,0,0,990,KROSA,2509,2025,3,18,40,8,161.1,42.1,3
2025,table2025.csv,90,210,2,0,0,0,0,990,KROSA,2509,2025,4,0,40,8,163.0,42.7,3
2025,table2025.csv,0,0,0,0,0,0,0,990,KROSA,2509,2025,4,6,0,8,166.0,43.0,6
2025,table2025.csv,0,0,0,0,0,0,0,996,KROSA,2509,2025,4,12,0,8,169.8,43.5,6
2025,table2025.csv,0,0,0,0,0,0,0,998,KROSA,2509,2025,4,18,0,8,174.6,43.7,6
2025,table2025.csv,0,0,0,0,0,0,0,996,KROSA,2509,2025,5,0,0,8,178.3,43.7,6
2025,table2025.csv,0,0,0,0,0,0,0,996,KROSA,2509,2025,5,6,0,8,182.7,44.2,6
2025,table2025.csv,0,0,0,0,0,0,0,996,BAILU,2510,2025,30,18,0,7,129.6,26.0,2
2025,table2025.csv,0,0,0,0,0,0,0,996,BAILU,2510,2025,31,0,0,7,129.8,25.9,2
2025,table2025.csv,0,0,0,0,0,0,0,996,BAILU,2510,2025,31,6,0,7,130.6,24.8,2
2025,table2025.csv,0,0,0,0,0,0,0,996,BAILU,2510,2025,31,12,0,7,131.7,24.5,2
2025,table2025.csv,0,0,0,0,0,0,0,996,BAILU,2510,2025,31,18,0,7,132.0,24.4,2
2025,table2025.csv,0,0,0,0,0,0,0,996,BAILU,2510,2025,1,0,0,8,132.6,24.6,2
2025,table2025.csv,0,0,0,0,0,0,0,996,BAILU,2510,2025,1,6,0,8,133.6,24.9,2
2025,table2025.csv,0,0,0,0,0,0,0,996,BAILU,2510,2025,1,12,0,8,135.7,25.9,2
2025,table2025.csv,0,0,0,0,0,0,0,996,BAILU,2510,2025,1,18,0,8,136.6,26.8,2
2025,table2025.csv,0,0,0,0,0,0,0,998,BAILU,2510,2025,2,0,0,8,136.8,27.3,2
2025,table2025.csv,0,0,0,0,0,0,0,998,BAILU,2510,2025,2,6,0,8,138.1,28.4,2
2025,table2025.csv,0,0,0,0,0,0,0,998,BAILU,2510,2025,2,12,0,8,139.2,30.2,2
2025,table2025.csv,60,240,3,0,0,0,0,996,BAILU,2510,2025,2,18,35,8,140.3,31.1,3
2025,table2025.csv,60,240,3,0,0,0,0,996,BAILU,2510,2025,3,0,35,8,141.8,32.9,3
2025,table2025.csv,60,240,3,0,0,0,0,994,BAILU,2510,2025,3,6,35,8,143.5,34.6,3
2025,table2025.csv,60,240,3,0,0,0,0,996,BAILU,2510,2025,3,12,35,8,145.3,35.7,3
2025,table2025.csv,60,210,4,0,0,0,0,996,BAILU,2510,2025,3,18,35,8,147.5,36.6,3
2025,table2025.csv,60,210,4,0,0,0,0,996,BAILU,2510,2025,4,0,35,8,149.7,37.1,3
2025,table2025.csv,60,210,4,0,0,0,0,996,BAILU,2510,2025,4,6,35,8,151.7,37.3,3
2025,table2025.csv,150,180,4,0,0,0,0,996,BAILU,2510,2025,4,12,35,8,153.7,37.6,3
2025,table2025.csv,120,180,4,0,0,0,0,996,BAILU,2510,2025,4,18,35,8,155.9,38.1,3
2025,table2025.csv,120,180,4,0,0,0,0,996,BAILU,2510,2025,5,0,35,8,157.0,38.2,3
2025,table2025.csv,120,150,4,0,0,0,0,996,BAILU,2510,2025,5,6,35,8,158.2,38.6,3
2025,table2025.csv,0,0,0,0,0,0,0,996,BAILU,2510,2025,5,12,0,8,159.2,39.2,6
2025,table2025.csv,0,0,0,0,0,0,0,996,BAILU,2510,2025,5,18,0,8,160.5,39.8,6
2025,table2025.csv,0,0,0,0,0,0,0,998,BAILU,2510,2025,6,0,0,8,161.7,40.5,6
2025,table2025.csv,0,0,0,0,0,0,0,1000,BAILU,2510,2025,6,6,0,8,163.7,41.8,6
2025,table2025.csv,0,0,0,0,0,0,0,1000,BAILU,2510,2025,6,12,0,8,165.9,43.1,6
2025,table2025.csv,0,0,0,0,0,0,0,1000,BAILU,2510,2025,6,18,0,8,167.8,43.8,6
2025,table2025.csv,0,0,0,0,0,0,0,1002,BAILU,2510,2025,7,0,0,8,169.9,44.3,6
2025,table2025.csv,0,0,0,0,0,0,0,1002,BAILU,2510,2025,7,6,0,8,172.7,44.6,6
2025,table2025.csv,0,0,0,0,0,0,0,1004,BAILU,2510,2025,7,12,0,8,180.1,44.4,6
2025,table2025.csv,0,0,0,0,0,0,0,1008,PODUL,2511,2025,5,18,0,8,149.0,19.1,2
2025,table2025.csv,0,0,0,0,0,0,0,1010,PODUL,2511,2025,6,0,0,8,148.9,18.5,2
2025,table2025.csv,0,0,0,0,0,0,0,1008,PODUL,2511,2025,6,6,0,8,148.8,18.3,2
2025,table2025.csv,0,0,0,0,0,0,0,1010,PODUL,2511,2025,6,12,0,8,148.7,18.1,2
2025,table2025.csv,0,0,0,0,0,0,0,1008,PODUL,2511,2025,6,18,0,8,148.4,18.0,2
2025,table2025.csv,0,0,0,0,0,0,0,1008,PODUL,2511,2025,7,0,0,8,147.9,18.1,2
2025,table2025.csv,0,0,0,0,0,0,0,1006,PODUL,2511,2025,7,6,0,8,147.7,18.6,2
2025,table2025.csv,60,60,9,0,0,0,0,1004,PODUL,2511,2025,7,12,35,8,147.0,18.8,3
2025,table2025.csv,60,90,4,0,0,0,0,1002,PODUL,2511,2025,7,18,35,8,146.4,19.1,3
2025,table2025.csv,60,90,4,0,0,0,0,1000,PODUL,2511,2025,8,0,35,8,145.7,20.0,3
2025,table2025.csv,90,120,4,0,0,0,0,998,PODUL,2511,2025,8,6,35,8,145.2,20.5,3
2025,table2025.csv,90,120,4,0,0,0,0,996,PODUL,2511,2025,8,12,40,8,144.4,20.7,3
2025,table2025.csv,90,120,4,0,0,0,0,994,PODUL,2511,2025,8,18,45,8,143.8,20.9,3
2025,table2025.csv,90,120,2,0,0,0,0,994,PODUL,2511,2025,9,0,45,8,142.9,21.1,3
2025,table2025.csv,90,120,2,0,0,0,0,992,PODUL,2511,2025,9,6,50,8,142.1,21.3,4
2025,table2025.csv,90,120,2,40,40,9,0,990,PODUL,2511,2025,9,12,55,8,141.3,21.3,4
2025,table2025.csv,120,120,9,45,45,9,0,985,PODUL,2511,2025,9,18,60,8,140.1,21.4,4
2025,table2025.csv,120,120,9,50,50,9,0,980,PODUL,2511,2025,10,0,65,8,138.5,21.5,5
2025,table2025.csv,120,120,9,50,50,9,0,980,PODUL,2511,2025,10,6,65,8,137.5,21.4,5
2025,table2025.csv,120,120,9,50,50,9,0,985,PODUL,2511,2025,10,12,60,8,136.4,21.4,4
2025,table2025.csv,120,120,9,50,50,9,0,985,PODUL,2511,2025,10,18,60,8,134.9,21.2,4
2025,table2025.csv,120,120,9,30,50,2,0,985,PODUL,2511,2025,11,0,60,8,133.4,21.0,4
2025,table2025.csv,120,120,9,30,50,2,0,985,PODUL,2511,2025,11,6,60,8,132.1,20.9,4
2025,table2025.csv,120,120,9,30,50,2,0,985,PODUL,2511,2025,11,12,60,8,130.9,20.7,4
2025,table2025.csv,120,150,1,50,70,2,0,985,PODUL,2511,2025,11,18,60,8,129.3,20.7,4
2025,table2025.csv,120,150,1,50,70,2,0,980,PODUL,2511,2025,12,0,60,8,128.0,21.0,4
2025,table2025.csv,150,180,1,50,70,2,0,980,PODUL,2511,2025,12,6,60,8,126.6,21.3,4
2025,table2025.csv,150,180,1,50,70,2,0,975,PODUL,2511,2025,12,12,65,8,124.9,21.7,5
2025,table2025.csv,180,210,1,60,90,2,0,970,PODUL,2511,2025,12,18,70,8,123.4,21.9,5
2025,table2025.csv,210,210,9,60,90,2,0,960,PODUL,2511,2025,13,0,80,8,121.8,22.0,5
2025,table2025.csv,210,210,9,80,80,9,0,970,PODUL,2511,2025,13,6,70,8,120.6,23.0,5
2025,table2025.csv,120,210,2,0,0,0,0,985,PODUL,2511,2025,13,12,50,8,118.7,23.5,4
2025,table2025.csv,90,210,3,0,0,0,0,992,PODUL,2511,2025,13,18,40,8,116.9,24.1,3
2025,table2025.csv,0,0,0,0,0,0,0,1000,PODUL,2511,2025,14,0,0,8,114.4,24.8,2
2025,table2025.csv,0,0,0,0,0,0,0,1002,PODUL,2511,2025,14,6,0,8,113.2,25.0,2
2025,table2025.csv,0,0,0,0,0,0,0,1002,PODUL,2511,2025,14,12,0,8,111.8,25.6,2
2025,table2025.csv,0,0,0,0,0,0,0,1002,PODUL,2511,2025,14,18,0,8,110.3,25.8,2
2025,table2025.csv,0,0,0,0,0,0,0,1004,PODUL,2511,2025,15,0,0,8,108.6,26.3,2
2025,table2025.csv,0,0,0,0,0,0,0,1010,LINGLING,2512,2025,17,6,0,8,127.0,21.3,2
2025,table2025.csv,0,0,0,0,0,0,0,1010,LINGLING,2512,2025,17,12,0,8,127.0,22.0,2
2025,table2025.csv,0,0,0,0,0,0,0,1010,LINGLING,2512,2025,17,18,0,8,126.7,22.2,2
2025,table2025.csv,0,0,0,0,0,0,0,1008,LINGLING,2512,2025,18,0,0,8,126.7,21.9,2
2025,table2025.csv,0,0,0,0,0,0,0,1008,LINGLING,2512,2025,18,6,0,8,127.3,22.3,2
2025,table2025.csv,0,0,0,0,0,0,0,1008,LINGLING,2512,2025,18,12,0,8,126.4,22.9,2
2025,table2025.csv,0,0,0,0,0,0,0,1008,LINGLING,2512,2025,18,18,0,8,127.0,24.3,2
2025,table2025.csv,0,0,0,0,0,0,0,1008,LINGLING,2512,2025,19,0,0,8,127.1,25.3,2
2025,table2025.csv,0,0,0,0,0,0,0,1008,LINGLING,2512,2025,19,6,0,8,127.4,26.6,2
2025,table2025.csv,0,0,0,0,0,0,0,1008,LINGLING,2512,2025,19,12,0,8,127.1,27.7,2
2025,table2025.csv,0,0,0,0,0,0,0,1006,LINGLING,2512,2025,19,18,0,8,126.9,28.6,2
2025,table2025.csv,0,0,0,0,0,0,0,1006,LINGLING,2512,2025,20,0,0,8,127.4,29.3,2
2025,table2025.csv,0,0,0,0,0,0,0,1006,LINGLING,2512,2025,20,6,0,8,127.6,30.2,2
2025,table2025.csv,50,50,9,0,0,0,0,1002,LINGLING,2512,2025,20,12,35,8,128.5,31.1,3
2025,table2025.csv,50,80,4,0,0,0,0,998,LINGLING,2512,2025,20,18,45,8,129.0,31.7,3
2025,table2025.csv,60,100,4,0,0,0,0,994,LINGLING,2512,2025,21,0,45,8,129.4,31.8,3
2025,table2025.csv,60,100,4,0,0,0,0,994,LINGLING,2512,2025,21,6,45,8,130.0,31.6,3
2025,table2025.csv,60,100,4,0,0,0,1,994,LINGLING,2512,2025,21,8,45,8,130.3,31.6,3
2025,table2025.csv,60,100,4,0,0,0,0,1000,LINGLING,2512,2025,21,9,40,8,130.5,31.7,3
2025,table2025.csv,0,0,0,0,0,0,0,1004,LINGLING,2512,2025,21,12,0,8,130.8,31.6,2
2025,table2025.csv,0,0,0,0,0,0,0,1006,LINGLING,2512,2025,21,15,0,8,131.0,31.6,2
2025,table2025.csv,0,0,0,0,0,0,0,1006,LINGLING,2512,2025,21,18,0,8,131.4,31.8,2
2025,table2025.csv,0,0,0,0,0,0,0,1006,LINGLING,2512,2025,21,21,0,8,131.7,32.1,2
2025,table2025.csv,0,0,0,0,0,0,0,1008,LINGLING,2512,2025,22,0,0,8,132.0,32.2,2
2025,table2025.csv,0,0,0,0,0,0,0,1008,LINGLING,2512,2025,22,6,0,8,132.5,32.5,2
2025,table2025.csv,0,0,0,0,0,0,0,1010,LINGLING,2512,2025,22,12,0,8,133.1,32.6,2
2025,table2025.csv,0,0,0,0,0,0,0,1010,LINGLING,2512,2025,22,18,0,8,133.7,32.6,2
2025,table2025.csv,0,0,0,0,0,0,0,1010,LINGLING,2512,2025,23,0,0,8,134.9,33.0,2
2025,table2025.csv,0,0,0,0,0,0,0,1006,KAJIKI,2513,2025,21,6,0,8,126.4,15.4,2
2025,table2025.csv,0,0,0,0,0,0,0,1008,KAJIKI,2513,2025,21,12,0,8,124.7,15.3,2
2025,table2025.csv,0,0,0,0,0,0,0,1006,KAJIKI,2513,2025,21,18,0,8,123.3,15.6,2
2025,table2025.csv,0,0,0,0,0,0,0,1006,KAJIKI,2513,2025,22,0,0,8,122.5,16.0,2
2025,table2025.csv,0,0,0,0,0,0,0,1004,KAJIKI,2513,2025,22,6,0,8,121.7,16.9,2
2025,table2025.csv,0,0,0,0,0,0,0,1002,KAJIKI,2513,2025,22,12,0,8,119.4,17.6,2
2025,table2025.csv,90,90,9,0,0,0,0,998,KAJIKI,2513,2025,22,18,35,8,117.8,17.3,3
2025,table2025.csv,120,120,9,0,0,0,0,994,KAJIKI,2513,2025,23,0,40,8,116.4,17.6,3
2025,table2025.csv,150,150,9,0,0,0,0,990,KAJIKI,2513,2025,23,6,45,8,114.7,17.6,3
2025,table2025.csv,150,150,9,40,40,9,0,980,KAJIKI,2513,2025,23,12,55,8,113.4,17.7,4
2025,table2025.csv,150,150,9,65,65,9,0,970,KAJIKI,2513,2025,23,18,65,8,112.2,17.5,5
2025,table2025.csv,180,180,9,70,70,9,0,965,KAJIKI,2513,2025,24,0,70,8,111.2,17.3,5
2025,table2025.csv,180,180,9,70,70,9,0,950,KAJIKI,2513,2025,24,6,80,8,110.3,17.5,5
2025,table2025.csv,180,180,9,70,70,9,0,950,KAJIKI,2513,2025,24,12,80,8,109.3,17.9,5
2025,table2025.csv,180,210,2,70,70,9,0,950,KAJIKI,2513,2025,24,18,80,8,108.2,18.2,5
2025,table2025.csv,180,210,2,70,70,9,0,950,KAJIKI,2513,2025,25,0,80,8,107.2,18.4,5
2025,table2025.csv,120,210,2,30,50,2,0,970,KAJIKI,2513,2025,25,6,70,8,106.2,18.5,5
2025,table2025.csv,120,210,2,20,40,2,0,980,KAJIKI,2513,2025,25,12,60,8,105.7,18.4,4
2025,table2025.csv,120,210,2,0,0,0,0,992,KAJIKI,2513,2025,25,18,45,8,104.9,18.7,3
2025,table2025.csv,60,210,2,0,0,0,0,998,KAJIKI,2513,2025,26,0,35,8,103.2,18.7,3
2025,table2025.csv,0,0,0,0,0,0,0,1000,KAJIKI,2513,2025,26,6,0,8,102.1,19.1,2
2025,table2025.csv,0,0,0,0,0,0,0,1000,KAJIKI,2513,2025,26,12,0,8,101.8,20.2,2
2025,table2025.csv,0,0,0,0,0,0,0,1004,KAJIKI,2513,2025,26,18,0,8,100.6,20.3,2
2025,table2025.csv,0,0,0,0,0,0,0,1002,NONGFA,2514,2025,27,18,0,8,116.8,14.8,2
2025,table2025.csv,0,0,0,0,0,0,0,1002,NONGFA,2514,2025,28,0,0,8,116.4,15.0,2
2025,table2025.csv,0,0,0,0,0,0,0,1002,NONGFA,2514,2025,28,6,0,8,116.0,15.3,2
2025,table2025.csv,0,0,0,0,0,0,0,1002,NONGFA,2514,2025,28,12,0,8,115.0,15.4,2
2025,table2025.csv,0,0,0,0,0,0,0,1000,NONGFA,2514,2025,28,18,0,8,114.0,15.6,2
2025,table2025.csv,0,0,0,0,0,0,0,1000,NONGFA,2514,2025,29,0,0,8,113.1,15.9,2
2025,table2025.csv,90,90,9,0,0,0,0,998,NONGFA,2514,2025,29,6,35,8,112.2,16.4,3
2025,table2025.csv,90,90,9,0,0,0,0,998,NONGFA,2514,2025,29,12,35,8,110.8,17.2,3
2025,table2025.csv,90,90,9,0,0,0,0,998,NONGFA,2514,2025,29,18,35,8,109.7,17.2,3
2025,table2025.csv,120,120,9,0,0,0,0,996,NONGFA,2514,2025,30,0,40,8,108.0,17.8,3
2025,table2025.csv,120,120,9,0,0,0,0,996,NONGFA,2514,2025,30,6,40,8,106.9,18.3,3
2025,table2025.csv,60,150,2,0,0,0,0,998,NONGFA,2514,2025,30,12,35,8,104.1,18.1,3
2025,table2025.csv,0,0,0,0,0,0,0,1002,NONGFA,2514,2025,30,18,0,8,102.2,17.8,2
